{
  "tracker_default": {
    "background": "#737387",
    "type": "dock",
    "content": [
      {
        "type": "dock",
        "orientation": "vertical",
        "dock": "left",
        "content": [
          {
            "type": "group",
            "header": "Gear & Items",
            "dock": "top",
            "content": {
              "type": "layout",
              "key": "item_grid"
            }
          },
//          {
//            "type": "group",
//            "header": "Events",
//            "dock": "top",
//            "content": {
//              "type": "layout",
//              "key": "event_grid"
//            }
//          },
          {
            "type": "group",
            "header": "Settings",
            "dock": "bottom",
            "content": {
              "type": "layout",
              "key": "tracker_settings"
            }
          },
          {
            "type": "group",
            "header": "Weather Vanes",
            "content": {
              "type": "layout",
              "key": "weather_vane_grid"
            }
          }
        ]
      },
      {
        "type": "container",
        "content": [
          {
            "type": "layout",
            "key": "layout_maps"
          },
          {
            "type": "dock",
            "margin": "0,0,2,0",
            "content": [
              {
                "type": "scroll",
                "dock": "bottom",
                "height": 170,
                "horizontal_scrollbar_visibility": "disabled",
                "content": [
                  {
                    "type": "container",
                    "margin": "0,85,0,0",
                    "h_alignment": "left",
                    "content": {
                      "type": "recentpins",
                      "orientation": "horizontal",
                      "compact": true,
                      "style": "wrap"
                    }
                  }
                ]
              },
              {
                "type": "container",
                "content": []
              }
            ]
          }
        ]
      }
    ]
  }
}