{
  "tracker_settings": {
    "type": "array",
    "orientation": "vertical",
    "content": [
      {
        "type": "itemgrid",
        "dropshadow": true,
        "item_size": "32",
        "margin": "0",
        "v_alignment": "top",
        "rows": [
          [
            "logic",
            "lc_requirement",
            "ped_requirement_3",
            "keysy",
            "cracksanity",
            "weathervania",
            "maiamai_map"
          ],
          [
            "progression_enemies",
            "lampless",
            "lamp_net_not_weapons",
            "beeBoost_hide",
            "nice_mode",
            "csmc"
          ]
        ]
      }
    ]
  }
}