{
  "tracker_default": {
    "background": "#737387",
    "type": "dock",
    "content": [
      {
        "type": "scroll",
        "dock": "left",
        "horizontal_scrollbar_visibility": "disabled",
        "content": {
          "type": "dock",
          "orientation": "vertical",
          "content": [
            {
              "type": "group",
              "header": "Gear & Items",
              "dock": "top",
              "content": {
                "type": "layout",
                "key": "item_grid"
              }
            },
            {
              "type": "group",
              "header": "Dungeons",
              "dock": "top",
              "content": {
                "type": "layout",
                "key": "dungeon_grid"
              }
            },
            {
              "type": "group",
              "header": "Settings",
              "dock": "bottom",
              "content": {
                "type": "layout",
                "key": "tracker_settings"
              }
            },
            {
              "type": "group",
              "header": "Weather Vanes",
              "content": {
                "type": "layout",
                "key": "weather_vane_grid"
              }
            }
          ]
        }
      },
      {
        "type": "dock",
        "orientation": "vertical",
        "content": [
          {
            "type": "container",
            "content": [
              {
                "type": "layout",
                "key": "layout_maps"
              },
              {
                "type": "dock",
                "margin": "0,0,2,0",
                "content": [
                  {
                    "type": "scroll",
                    "dock": "bottom",
                    "height": 102,
                    "vertical_scrollbar_visibility": "disabled",
                    "margin": "2,0,20,2",
                    "content": [
                      {
                        "type": "container",
                        "h_alignment": "center",
                        "content": {
                          "type": "recentpins",
                          "orientation": "horizontal"
                        }
                      }
                    ]
                  },
                  {
                    "type": "container",
                    "content": []
                  }
                ]
              }
            ]
          }
        ]
      }
    ]
  }
}