{
  "name": "RickWithAnH's Trackers",
  "packages": [
    {
      "name": "ALBW Randomizer Tracker",
      "author": "RickWithAnH",
      "game_name": "The Legend of Zelda: A Link Between Worlds",
      "version": "4.0.4",
      "required_app_version": "2.3.8.19",
      "uid": "lemonkong_albwr_tracker",
      "flags": [ "map", "pins", "chathud" ],
      "link": "https://rickfay.github.io/ALBW-Randomizer-Tracker/lemonkong_albwr_tracker.zip",
      "documentation_url": "https://github.com/rickfay/ALBW-Randomizer-Tracker/blob/master/README.md",
      "variants": [
        {
          "name": "Standard Map Tracker",
          "flags": [ "map", "pins", "chathud" ]
        },
        {
          "name": "Compact Map Tracker",
          "flags": [ "map", "pins", "chathud" ]
        },
        {
          "name": "Item Tracker",
          "flags": [ "chathud" ]
        }
      ]
    },
    {
      "name": "[DEPRECATED] Old ALBWR Beta Tracker",
      "author": "RickWithAnH",
      "game_name": "The Legend of Zelda: A Link Between Worlds",
      "version": "4.0.4",
      "required_app_version": "2.3.8.19",
      "uid": "rickwithanh_albwr_tracker_beta",
      "flags": [ "map", "pins", "chathud" ],
      "link": "https://rickfay.github.io/ALBW-Randomizer-Tracker/rickwithanh_albwr_tracker_beta.zip",
      "documentation_url": "https://github.com/rickfay/ALBW-Randomizer-Tracker/blob/master/README.md",
      "variants": [
        {
          "name": "Standard Map Tracker",
          "flags": []
        }
      ]
    }
  ]
}