{
  "tracker_capture_item": {
    "type": "itemgrid",
    "h_alignment": "center",
    "item_size": "32",
    "item_margin": "1,2",
    "rows": [
      [
        "bow",
        "boomerang",
        "hookshot",
        "bombs",
        "pouch",
        "fsword"
      ],
      [
        "frod",
        "irod",
        "trod",
        "srod",
        "beebadge",
        "shield"
      ],
      [
        "lamp",
        "hammer",
        "bell",
        "net",
        "scroll",
        "greentunic"
      ],
      [
        "bottle",
        "letter",
        "milk",
        "goldenbee",
        "scoot",
        "bracelet"
      ],
      [
        "boots",
        "glove",
        "flippers",
        "smoothgem",
        "foul",
        "bowoflight"
      ],
      [
        "heart",
        "hp",
        "hc",
        "hint_glasses",
        "masterore",
        "maiamai"
      ],
      [
        "tail",
        "horn",
        "guts",
        "compass",
        "key",
        "bigkey"
      ],
      [
        "rupee_green",
        "rupee_blue",
        "rupee_red",
        "rupee_purple",
        "rupee_silver",
        "rupee_gold"
      ]
    ]
  }
}