{
  "dungeon_grid": {
    "type": "container",
    "orientation": "vertical",
    "content": [
      {
        "type": "itemgrid",
        "dropshadow": true,
        "h_alignment": "center",
        "item_size": "32",
        "item_margin": "1,2",
        "rows": [
          [
            "eastern",
            "gales",
            "hera",
            "yuga",
            "dark",
            "swamp",
            "skull",
            "thieves",
            "turtle",
            "desert",
            "ice"
          ]
        ]
      }
    ]
  }
}