{
  "item_grid": {
    "type": "container",
    "orientation": "vertical",
    "content": [
      {
        "type": "canvas",
        "content": [
          {
            "type": "item",
            "item": "greatspin",
            "height": 20,
            "canvas_left": 227,
            "canvas_top": 179
          }
        ]
      },
      {
        "type": "array",
        "orientation": "vertical",
        "content": [
          {
            "type": "array",
            "orientation": "horizontal",
            "content": [
              {
                "type": "itemgrid",
                "dropshadow": true,
                "h_alignment": "left",
                "item_size": "40",
                "item_margin": "1,2",
                "rows": [
                  [
                    "bow",
                    "boomerang",
                    "hookshot",
                    "bombs",
                    "pouch"
                  ],
                  [
                    "frod",
                    "irod",
                    "scoot",
                    "foul",
                    "beebadge"
                  ],
                  [
                    "lamp",
                    "hammer",
                    "bell",
                    "net",
                    "scroll"
                  ],
                  [
                    "bottle",
                    "srod",
                    "trod",
                    "hintglasses",
                    "bowlight"
                  ],
                  [
                    "boots",
                    "powerglove",
                    "flippers",
                    "bracelet"
                  ]
                ]
              },
              {
                "type": "itemgrid",
                "dropshadow": true,
                //"h_alignment": "left",
                "item_size": "40",
                "item_margin": "1,2",
                "rows": [
                  [
                    "gales",
                    "hera",
                    "eastern"
                  ],
                  [
                    "desert",
                    "dark"
                  ],
                  [
                    "ice",
                    "turtle",
                    "swamp"
                  ],
                  [
                    "thieves",
                    "skull"
                  ],
                  [
                    "fsword",
                    "shield",
                    "greentunic"
                  ]
                ]
              }
            ]
          },
          {
            "type": "itemgrid",
            "dropshadow": true,
            "item_size": "40",
            "item_margin": "1,2",
            "rows": [
              [
                "maiamai",
                "ore",
                "smoothgem",
                "letter",
                "milk",
                "goldenbee"
              ]
            ]
          }
        ]
      }
    ]
  }
}