{
  "item_grid": {
    "type": "container",
    "orientation": "vertical",
    "content": [
      {
        "type": "itemgrid",
        "dropshadow": true,
        "h_alignment": "center",
        "item_size": "15",
        "item_margin": "2,-1,21,22",
        "rows": [
          // Making an override?
          // Move the greatspin to the same grid location as the Sword.
          [
            "greatspin",
            "",
            "",
            "",
            "",
            "",
            ""
          ]
        ]
      },
      {
        "type": "array",
        "orientation": "vertical",
        "content": [
          {
            "type": "itemgrid",
            "dropshadow": true,
            "h_alignment": "center",
            "item_size": "32",
            "item_margin": "3",
            "margin": "1,1,1,0",
            "rows": [
              [
                "fsword",
                "greentunic",
                "shield",
                "lamp",
                "bow",
                "boomerang",
                "hookshot"
              ],
              [
                "merge",
                "glove",
                "boots",
                "hammer",
                "bombs",
                "frod",
                "irod"
              ],
              [
                "flippers",
                "beebadge",
                "scroll",
                "trod",
                "srod",
                "net",
                "hint_glasses"
              ],
              [
                "smoothgem",
                "maiamai",
                "ore",
                "bottles",
                "bottle_trade_items",
                "bottle_bee_golden",
                "fruit"
              ],
            ]
          },
          {
            "type": "itemgrid",
            "dropshadow": true,
            "h_alignment": "center",
            "item_size": "32",
            "item_margin": "6.4,3",
            "margin": "1,0",
            "rows": [
              [
                "bell",
                "hyrule_castle",
                "gales",
                "hera",
                "eastern",
                "bowoflight"
              ]
            ]
          },
          {
            "type": "itemgrid",
            "dropshadow": true,
            "h_alignment": "center",
            "item_size": "32",
            "item_margin": "3",
            "margin": "1,0,1,1",
            "rows": [
              [
                "desert",
                "turtle",
                "swamp",
                "dark",
                "skull",
                "thieves",
                "ice"
              ]
            ]
          }
        ]
      }
    ]
  }
}