{
  "item_grid": {
    "type": "container",
    "orientation": "vertical",
    "content": [
      {
        "type": "itemgrid",
        "dropshadow": true,
        "h_alignment": "center",
        "item_size": "15",
        "item_margin": "0,0,19,19",
        "rows": [
          // Making an override?
          // Move the greatspin to the same grid location as the Sword.
          [
            "greatspin",
            "",
            "",
            "",
            "",
            "",
            "",
            ""
          ]
        ]
      },
      {
        "type": "itemgrid",
        "dropshadow": true,
        "h_alignment": "center",
        "item_size": "32",
        "item_margin": "1,1",
        "rows": [
          [
            "fsword",
            "greentunic",
            "shield",
            "lamp",
            "bow",
            "boomerang",
            "hookshot",
            "eastern"
          ],
          [
            "merge",
            "glove",
            "boots",
            "hammer",
            "bombs",
            "frod",
            "irod",
            "gales"
          ],
          [
            "flippers",
            "smoothgem",
            "scroll",
            "trod",
            "srod",
            "net",
            "fruit",
            "hera"
          ],
          [
            "bell",
            "maiamai",
            "ore",
            "bottle",
            "letter",
            "premiummilk",
            "goldenbee",
            "hyrule_castle"
          ],
          [
            "dark",
            "swamp",
            "skull",
            "thieves",
            "turtle",
            "desert",
            "ice",
            "bowoflight"
          ]
        ]
      }
    ]
  }
}