{
  "item_grid": {
    "type": "container",
    "orientation": "vertical",
    "content": [
      {
        "type": "canvas",
        "content": [
          {
            "type": "item",
            "item": "greatspin",
            "height": 20,
            "canvas_left": 217,
            "canvas_top": 179
          }
        ]
      },
      {
        "type": "itemgrid",
        "dropshadow": true,
        "h_alignment": "left",
        "item_size": "40",
        "item_margin": "1,2",
        "rows": [
          [
            "bow",
            "boomerang",
            "hookshot",
            "bombs",
            "pouch",
            "gales",
            "hera",
            "eastern"
          ],
          [
            "frod",
            "irod",
            "scoot",
            "foul",
            "beebadge",
            "skull",
            "triforcec",
            "ice"
          ],
          [
            "lamp",
            "hammer",
            "bell",
            "net",
            "scroll",
            "thieves",
            "lorule",
            "dark"
          ],
          [
            "bottle",
            "srod",
            "trod",
            "hintglasses",
            "bracelet",
            "desert",
            "swamp",
            "turtle"
          ],
          [
            "boots",
            "powerglove",
            "flippers",
            "smoothgem",
            "bowlight",
            "fsword",
            "shield",
            "greentunic"
          ],
          [
            "maiamai",
            "bombflower",
            "shadyguy",
            "signs",
            "masterore",
            "letter",
            "milk",
            "goldenbee"
          ]
        ]
      }
    ]
  }
}