{
  "item_grid": {
    "type": "container",
    "orientation": "vertical",
    "content": [
      {
        "type": "itemgrid",
        "dropshadow": true,
        "h_alignment": "center",
        "item_size": "32",
        "item_margin": "1,2",
        "rows": [
          // Making an override?
          // Move the greatspin to the same grid location as the Sword.
          [ "", "", "", "", "", "greatspin", "", "" ],
          //[ "", "", "", "", "", "", "", "" ],
          //[ "", "", "", "", "", "", "", "" ],
          //[ "", "", "", "", "", "", "", "" ],
          //[ "", "", "", "", "", "", "", "" ],
          //[ "", "", "", "", "", "", "", "" ],
        ]
      },
      {
        "type": "itemgrid",
        "dropshadow": true,
        "h_alignment": "center",
        "item_size": "32",
        "item_margin": "1,2",
        "rows": [
          [
            "bow",
            "boomerang",
            "hookshot",
            "bombs",
            "pouch",
            "fsword",
            "eastern",
            "lc_requirement"
          ],
          [
            "frod",
            "irod",
            "trod",
            "srod",
            "beebadge",
            "shield",
            "gales",
            "yg_requirement"
          ],
          [
            "lamp",
            "hammer",
            "bell",
            "net",
            "scroll",
            "greentunic",
            "hera",
            ""
          ],
          [
            "bottle",
            "letter",
            "milk",
            "goldbee",
            "fruit",
            "bracelet",
            "yuga",
            ""
          ],
          [
            "boots",
            "powerglove",
            "flippers",
            "smoothgem",
            "ore",
            "maiamai",
            "bowoflight",
            ""
          ],
          [
            "dark",
            "swamp",
            "skull",
            "thieves",
            "turtle",
            "desert",
            "ice",
            ""
          ]
        ]
      }
    ]
  }
}