{
  "options_menu": {
    "type": "canvas",
    "background": "#303841",
    "item_size": 40,
    "item_margin": "1",
    "width": 660,
    "height": 450,
    "content": [

      // ----- Game Options -----//

      {
        "type": "image",
        "image": "images/options.png"
      },
      {
        "type": "item",
        "item": "yButton",
        "height": 40,
        "canvas_top": 44,
        "canvas_left": 22
      },
      {
        "type": "item",
        "item": "skipDelivery",
        "height": 40,
        "canvas_top": 80,
        "canvas_left": 22
      },
      {
        "type": "item",
        "item": "open",
        "height": 40,
        "canvas_top": 116,
        "canvas_left": 22
      },
      {
        "type": "item",
        "item": "barrierSkipEP",
        "height": 40,
        "canvas_top": 152,
        "canvas_left": 22
      },
      {
        "type": "item",
        "item": "swordShuffle",
        "height": 40,
        "canvas_top": 188,
        "canvas_left": 22
      },
      {
        "type": "item",
        "item": "lampShuffle",
        "height": 40,
        "canvas_top": 224,
        "canvas_left": 22
      },

      // ----- Modify Glitch Logic ----- //

      {
        "type": "item",
        "item": "lampless",
        "height": 40,
        "canvas_top": 44,
        "canvas_left": 352
      },
      {
        "type": "item",
        "item": "lampAsWeapon",
        "height": 40,
        "canvas_top": 80,
        "canvas_left": 352
      },
      {
        "type": "item",
        "item": "netAsWeapon",
        "height": 40,
        "canvas_top": 116,
        "canvas_left": 352
      },
      {
        "type": "item",
        "item": "bootsAsWeapon",
        "height": 40,
        "canvas_top": 152,
        "canvas_left": 352
      },
      {
        "type": "item",
        "item": "bombBoost",
        "height": 40,
        "canvas_top": 188,
        "canvas_left": 352
      },
      {
        "type": "item",
        "item": "shieldRodClip",
        "height": 40,
        "canvas_top": 224,
        "canvas_left": 352
      },
      {
        "type": "item",
        "item": "beeBoost",
        "height": 40,
        "canvas_top": 260,
        "canvas_left": 352
      },
      {
        "type": "item",
        "item": "portalClipping",
        "height": 40,
        "canvas_top": 296,
        "canvas_left": 352
      },
      {
        "type": "item",
        "item": "zagaBow",
        "height": 40,
        "canvas_top": 332,
        "canvas_left": 352
      },
      {
        "type": "item",
        "item": "zagaSwordBeams",
        "height": 40,
        "canvas_top": 368,
        "canvas_left": 352
      },
      {
        "type": "item",
        "item": "vulture",
        "height": 40,
        "canvas_top": 404,
        "canvas_left": 352
      }
    ]
  }
}