{
  "tracker_settings": {
    "type": "tabbed",
    "tabs": [
      {
        "title": "Pinned Locations",
        "content": {
          "type": "scroll",
          "width": "292",
          "horizontal_scrollbar_visibility": "disabled",
          "content": [
            {
              "type": "recentpins",
              "width": "278",
              "orientation": "vertical"
            }
          ]
        }
      },
      {
        "title": "Settings",
        "content": {
          "type": "scroll",
          "width": "292",
          "horizontal_scrollbar_visibility": "disabled",
          "content": [
            {
              "type": "itemgrid",
              "dropshadow": true,
              "item_size": "256",
              "item_margin": "0,0,0,-222",
              "v_alignment": "top",
              "rows": [
                [
                  "logic"
                ],
                [
                  "lc_requirement"
                ],
                [
                  "yg_requirement"
                ],
                [
                  "ped_requirement_4"
                ],
                [
                  "csmc"
                ],
                [
                  "minigames_enabled"
                ],
                [
                  "lampless"
                ],
                [
                  "trials_normal"
                ],
                [
                  "beeBoost_hide"
                ]
              ]
            }
          ]
        }
      }
    ]
  }
}