{
  "tracker_settings": {
    "type": "container",
    "orientation": "vertical",
    "content": [
      {
        "type": "array",
        "orientation": "horizontal",
        "content": [
          {
            "type": "itemgrid",
            "dropshadow": true,
            "width": "292",
            "h_alignment": "center",
            "item_size": "40",
            "item_margin": "4,0",
            "rows": [
              [
                "logic",
                "minigames_enabled",
                "trials_normal",
                "lampless",
                "beeBoost_hide",
                //"weathervania",
                "maiamai_map"
              ]
            ]
          }
        ]
      }
    ]
  }
}