[
  // Central Lorule
  {"name": "Vacant House Portal","sections": [{"hosted_item": "portal_vacant_house", "name": "", "access_rules": [ "{}", "quake, $access_central_lorule" ], "visibility_rules": ["portal_shuffle"]}], "map_locations": [{"map": "lorule", "x": 1120, "y": 1440, "badge_size": 40}]},
  {
    "name":"Thieves' Town ",
    "sections": [
      {
        "name": "Thieves' Town Portal",
        "hosted_item": "portal_thieves_town",
        "access_rules": [
          "portal_thieves_town",
          "{portal_shuffle}",
          "merge, $access_central_lorule"
        ]
      }
    ],
    "map_locations": [
      {
        "map": "lorule",
        "x": 236,
        "y": 1084,
        "badge_size": 40
      }
    ]
  },
  {"name":"Lorule Swamp Pillar Portal","sections":[{"hosted_item": "portal_swamp_pillar_lorule", "name": "", "access_rules": [ "{}", "quake, $access_central_lorule" ], "visibility_rules": ["portal_shuffle"]}], "map_locations": [{"map": "lorule", "x": 952, "y": 1561, "badge_size": 40}]},
  {"name":"Paradox Lorule Left Portal","sections":[{"hosted_item": "portal_left_lorule_paradox", "name": "", "access_rules": [ "{}", "quake, $access_central_lorule" ], "visibility_rules": ["portal_shuffle"]}], "map_locations": [{"map": "lorule", "x": 590, "y": 1727, "badge_size": 40}]},
  {"name":"Paradox Lorule Right Portal","sections":[{"hosted_item": "portal_right_lorule_paradox", "name": "", "access_rules": [ "{}" ], "visibility_rules": ["portal_shuffle"]}], "map_locations": [{"map": "lorule", "x": 677, "y": 1709, "badge_size": 40}]},




  // Skull
  {"name":"Skull Woods Pillar Portal","sections":[{"hosted_item": "portal_skull_woods_pillar", "name": "", "access_rules": [ "{}", "merge, portal_n-shaped_house", "merge, portal_destroyed_house", "$warpLorule, wv_skull" ], "visibility_rules": ["portal_shuffle"]}], "map_locations": [{"map": "lorule", "x": 102, "y": 342, "badge_size": 40}]},
  {"name":"Destroyed House Portal","sections":[{"hosted_item": "portal_destroyed_house", "name": "", "access_rules": [ "{}", "merge, portal_n-shaped_house", "merge, portal_skull_woods_pillar", "$warpLorule, wv_skull" ], "visibility_rules": ["portal_shuffle"]}], "map_locations": [{"map": "lorule", "x": 697, "y": 146, "badge_size": 40}]},
  {"name":"n-Shaped House Portal","sections":[{"hosted_item": "portal_n-shaped_house", "name": "", "access_rules": [ "{}", "merge, portal_skull_woods_pillar", "merge, portal_destroyed_house", "$warpLorule, wv_skull" ], "visibility_rules": ["portal_shuffle"]}], "map_locations": [{"map": "lorule", "x": 343, "y": 804, "badge_size": 40}]},


  // Misery Mire
  {"name":"Misery Mire Exit Portal","sections":[{"hosted_item": "portal_mire_exit", "name": "", "access_rules": [ "{}", "merge, portal_mire_north", "merge, portal_mire_pillar_left, flippers", "merge, portal_mire_pillar_right", "merge, portal_mire_middle", "merge, portal_mire_sw", "merge, $claimDesertPrize", "$warpLorule, wv_mire" ], "visibility_rules": ["portal_shuffle"]}], "map_locations": [{"map": "lorule", "x": 651, "y": 1845, "badge_size": 40}]},
//  {"name":"Misery Mire North Portal","sections":[{"hosted_item": "portal_mire_north", "name": "", "access_rules": [ "{}" ], "visibility_rules": ["portal_shuffle"]}], "map_locations": [{"map": "lorule", "x": 326, "y": 1546, "badge_size": 40}]},
  {"name":"Misery Mire Pillar Right Portal","sections":[{"hosted_item": "portal_mire_pillar_right", "name": "", "access_rules": [ "{}", "merge, portal_mire_north", "merge, portal_mire_pillar_left, flippers", "merge, portal_mire_exit", "merge, portal_mire_middle", "merge, portal_mire_sw", "merge, $claimDesertPrize", "$warpLorule, wv_mire" ], "visibility_rules": ["portal_shuffle"]}], "map_locations": [{"map": "lorule", "x": 422, "y": 1751, "badge_size": 40}]},
  {"name":"Misery Mire Pillar Left Portal","sections":[{"hosted_item": "portal_mire_pillar_left", "name": "", "access_rules": [ "{}" ], "visibility_rules": ["portal_shuffle"]}], "map_locations": [{"map": "lorule", "x": 351, "y": 1751, "badge_size": 40}]},
  {
    "name": "Misery Mire Middle Portal",
    "sections": [
      {
        "name": "",
        "hosted_item": "portal_mire_middle",
        "access_rules": [
          "portal_mire_sw",
          "{}",
          "merge, portal_mire_middle",
          "[glitched], merge, irod, trod, $access_misery_mire",
          "[advanced], merge, nicebombs, $access_misery_mire",
          "[hell], merge, bombs, $access_misery_mire"
        ],
        "visibility_rules": [
          "portal_shuffle"
        ]
      }
    ],
    "map_locations": [
      {
        "map": "lorule",
        "x": 242,
        "y": 1855,
        "badge_size": 40
      }
    ]
  },
  {
    "name":"Misery Mire SW Portal",
    "sections": [
      {
        "hosted_item":
        "portal_mire_sw",
        "name": "",
        "access_rules": [
          "portal_mire_sw",
          "{}",
          "merge, portal_mire_middle",
          "[glitched], merge, irod, trod, $access_misery_mire",
          "[advanced], merge, nicebombs, $access_misery_mire",
          "[hell], merge, bombs, $access_misery_mire"
        ],
        "visibility_rules": [
          "portal_shuffle"
        ]
      }
    ],
    "map_locations": [
      {
        "map": "lorule",
        "x": 74,
        "y": 1964,
        "badge_size": 40
      }
    ]
  },
  {"name":"Misery Mire ","sections":[{"hosted_item": "portal_zaganaga", "name": "Zaganaga Portal", "access_rules": [ "{}", "[advanced], $advanced_misery_mire_oob, portal_mire_north","[advanced], $advanced_misery_mire_oob, portal_mire_pillar_left, flippers","[advanced], $advanced_misery_mire_oob, portal_mire_pillar_right","[advanced], $advanced_misery_mire_oob, portal_mire_middle","[advanced], $advanced_misery_mire_oob, portal_mire_sw","[advanced], $advanced_misery_mire_oob, portal_mire_exit"], "visibility_rules": ["portal_shuffle"]}], "map_locations": [{"map": "lorule", "x": 192, "y": 1545, "badge_size": 40}]},

  // Graveyard (Lorule)
  {"name":"Philosopher's Portal","sections":[{"hosted_item": "portal_philosopher", "name": "", "access_rules": [ "{}", "merge, portal_graveyard_lorule", "$warpLorule, wv_graveyard" ], "visibility_rules": ["portal_shuffle"]}], "map_locations": [{"map": "lorule", "x": 945, "y": 555, "badge_size": 40}]},
//  {"name":"Lorule Graveyard Portal","sections":[], "map_locations": [{"map": "lorule", "x": 1132, "y": 580, "badge_size": 40}]},

  // Dark Ruins
  {"name":"Ku's Domain Portal","sections":[{"hosted_item": "portal_kus_domain", "name": "", "access_rules": [ "{}", "merge, portal_dark_ruins_pillar", "merge, portal_dark_ruins_se", "merge, portal_waterfall_lorule, flippers", "$warpLorule, wv_dark" ], "visibility_rules": ["portal_shuffle"]}], "map_locations": [{"map": "lorule", "x": 1850, "y": 687, "badge_size": 40}]},
  {"name":"Dark Pillar Portal","sections":[{"hosted_item": "portal_dark_ruins_pillar", "name": "", "access_rules": [ "{}", "merge, portal_kus_domain", "merge, portal_dark_ruins_se", "merge, portal_waterfall_lorule, flippers", "$warpLorule, wv_dark" ], "visibility_rules": ["portal_shuffle"]}], "map_locations": [{"map": "lorule", "x": 1401, "y": 1099, "badge_size": 40}]},
  {"name":"Dark Ruins SE Portal","sections":[{"hosted_item": "portal_dark_ruins_se", "name": "", "access_rules": [ "{}", "merge, portal_dark_ruins_pillar, bombs", "merge, portal_kus_domain, bombs", "merge, portal_waterfall_lorule, flippers, bombs", "$warpLorule, wv_dark, bombs" ], "visibility_rules": ["portal_shuffle"]}], "map_locations": [{"map": "lorule", "x": 1803, "y": 1313, "badge_size": 40}]},
  {"name":"Lorule Waterfall Portal","sections":[{"hosted_item": "portal_waterfall_lorule", "name": "", "access_rules": [ "{}", "merge, portal_dark_ruins_pillar", "merge, portal_dark_ruins_se", "merge, portal_kus_domain", "$warpLorule, wv_dark" ], "visibility_rules": ["portal_shuffle"]}], "map_locations": [{"map": "lorule", "x": 1425, "y": 545, "badge_size": 40}]},

  // Turtle Rock
  {"name":"Lorule Lake Portal","sections":[{"hosted_item": "portal_lake_lorule", "name": "", "access_rules": [ "{}", "[glitched], merge, $glitched_access_dark_ruins, $boost", "[advanced], merge, $advanced_access_dark_ruins, $boost", "[hell], merge, $hell_access_dark_ruins, $boost", "merge, portal_river_lorule, flippers", "merge, portal_lorule_hotfoot, flippers", "[advanced], merge, portal_lorule_hotfoot, $fakeFlippers", "[hell], merge, portal_lorule_hotfoot, $beeFakeFlippers", "$warpLorule, wv_turtle, flippers" ], "visibility_rules": ["portal_shuffle"]}], "map_locations": [{"map": "lorule", "x": 1327, "y": 1845, "badge_size": 40}]},
  {"name":"Lorule River Portal","sections":[{"hosted_item": "portal_river_lorule", "name": "", "access_rules": [ "{}", "merge, portal_lake_lorule, flippers", "merge, portal_lorule_hotfoot, flippers", "[advanced], merge, portal_lorule_hotfoot, $fakeFlippers", "[hell], merge, portal_lorule_hotfoot, $beeFakeFlippers", "$warpLorule, wv_turtle, flippers" ], "visibility_rules": ["portal_shuffle"]}], "map_locations": [{"map": "lorule", "x": 1611, "y": 1410, "badge_size": 40}]},
  {"name":"Lorule Hotfoot Portal","sections":[{"hosted_item": "portal_lorule_hotfoot", "name": "", "access_rules": [ "{}", "merge, portal_lake_lorule, flippers", "merge, portal_river_lorule, flippers", "[advanced], merge, portal_lorule_hotfoot, $fakeFlippers", "[hell], merge, portal_lorule_hotfoot, $beeFakeFlippers", "$warpLorule, wv_turtle, flippers" ], "visibility_rules": ["portal_shuffle"]}], "map_locations": [{"map": "lorule", "x": 1895, "y": 1535, "badge_size": 40}]},




  // Death Mountain
  {"name":"Lorule Death Mountain West Portal","sections":[{"hosted_item": "portal_lorule_dm_west", "name": "", "access_rules": [ "{}", "merge, quake, $access_ldm_west", "[glitched], merge, quake, $glitched_access_ldm_west" ], "visibility_rules": ["portal_shuffle"]}], "map_locations": [{"map": "lorule", "x": 957, "y": 331, "badge_size": 40}]},
  {
    "name":"Lorule Floating Island",
    "sections":[
      {
        "name": "Lorule Floating Island Portal",
        "hosted_item": "portal_lofi",
        "access_rules": [
          "portal_lofi",
          "{portal_shuffle}",
          "trod, $access_ldm_east_top",
          "trod, [glitched], $glitched_access_ldm_east_top",
          "trod, [hell], $hell_access_ldm_east_top"
        ]
      }
    ],
    "map_locations": [{ "map": "lorule", "x": 1625, "y": 83, "badge_size": 40 }]
  },
  {"name":"Lorule Rosso's Ore Mine Portal","sections":[{"hosted_item": "portal_rom_lorule", "name": "", "access_rules": [ "{}" ], "visibility_rules": ["portal_shuffle"]}], "map_locations": [{"map": "lorule", "x": 1478, "y": 360, "badge_size": 40}]}
]