[
  {
    "name": "Weather Vanes",
    "children": [
      // Hyrule Weather Vanes ------------------------------------------------------------------------------------------
      {
        "name": "Weather Vane 01",
        "short_name": "Weather Vane",
        "map_locations": [
          {
            "map": "hyrule",
            "x": 1049,
            "y": 1377,
            "size": 52,
            "badge_size": 72
          }
        ],
        "sections": [
          {
            "name": "Your House",
            "hosted_item": "wv_your_house",
            "visibility_rules": [
              "weathervania"
            ]
          }
        ]
      },
      {
        "name": "Weather Vane 02",
        "short_name": "Weather Vane",
        "map_locations": [
          {
            "map": "hyrule",
            "x": 293,
            "y": 978,
            "size": 52,
            "badge_size": 72
          }
        ],
        "sections": [
          {
            "name": "Kakariko Village",
            "hosted_item": "wv_kakariko",
            "visibility_rules": [
              "weathervania"
            ]
          }
        ]
      },
      {
        "name": "Weather Vane 03",
        "short_name": "Weather Vane",
        "map_locations": [
          {
            "map": "hyrule",
            "x": 1990,
            "y": 827,
            "size": 52,
            "badge_size": 72
          }
        ],
        "sections": [
          {
            "name": "Eastern Palace",
            "hosted_item": "wv_eastern",
            "access_rules": [
              "wv_eastern",
              "{}",
              "merge",
              "fsword, great_spin",
              "bow",
              "boomerang",
              "hookshot",
              "bombs",
              "irod",
              "bell, wv_eastern",
              "[hard], power_glove"
            ],
            "visibility_rules": [
              "weathervania"
            ]
          }
        ]
      },
      {
        "name": "Weather Vane 04",
        "short_name": "Weather Vane",
        "map_locations": [
          {
            "map": "hyrule",
            "x": 1559,
            "y": 1738,
            "size": 52,
            "badge_size": 72
          }
        ],
        "sections": [
          {
            "name": "House of Gales",
            "hosted_item": "wv_gales",
            "access_rules": [
              "wv_gales",
              "{}",
              "flippers",
              "[advanced], irod, hookshot",
              "[advanced], $fakeFlippers",
              "[hell], $beeFakeFlippers"
            ],
            "visibility_rules": [
              "weathervania"
            ]
          }
        ]
      },
      {
        "name": "Weather Vane 05",
        "short_name": "Weather Vane",
        "map_locations": [
          {
            "map": "hyrule",
            "x": 1224,
            "y": 95,
            "size": 52,
            "badge_size": 72
          }
        ],
        "sections": [
          {
            "name": "Tower of Hera",
            "hosted_item": "wv_hera",
            "access_rules": [
              "wv_hera",
              "{}",
              "$access_dm_west_top",
              "[advanced], $adv_glitched_access_dm_west_top",
              "[hell], $hell_access_dm_west_top"
            ],
            "visibility_rules": [
              "weathervania"
            ]
          }
        ]
      },
      {
        "name": "Weather Vane 06",
        "short_name": "Weather Vane",
        "map_locations": [
          {
            "map": "hyrule",
            "x": 1639,
            "y": 700,
            "size": 52,
            "badge_size": 72
          }
        ],
        "sections": [
          {
            "name": "Witch's House",
            "hosted_item": "wv_witch",
            "visibility_rules": [
              "weathervania"
            ]
          }
        ]
      },
      {
        "name": "Weather Vane 07",
        "short_name": "Weather Vane",
        "map_locations": [
          {
            "map": "hyrule",
            "x": 1027,
            "y": 349,
            "size": 52,
            "badge_size": 72
          }
        ],
        "sections": [
          {
            "name": "Death Mountain (Hyrule)",
            "hosted_item": "wv_death_hyrule",
            "access_rules": [
              "wv_death_hyrule",
              "{}",
              "$access_dm_west_base",
              "[glitched]"
            ],
            "visibility_rules": [
              "weathervania"
            ]
          }
        ]
      },
      {
        "name": "Weather Vane 08",
        "short_name": "Weather Vane",
        "map_locations": [
          {
            "map": "hyrule",
            "x": 186,
            "y": 1737,
            "size": 52,
            "badge_size": 72
          }
        ],
        "sections": [
          {
            "name": "Desert Palace",
            "hosted_item": "wv_desert",
            "access_rules": [
              "wv_desert",
              "{}",
              "$access_desert, srod, scroll",
              "not_portal_shuffle, merge, quake, srod",
              "portal_shuffle, merge, portal_desert_sw, srod",
              "[glitched], $access_desert"
            ],
            "visibility_rules": [
              "weathervania"
            ]
          }
        ]
      },
      {
        "name": "Weather Vane 09",
        "short_name": "Weather Vane",
        "map_locations": [
          {
            "map": "hyrule",
            "x": 918,
            "y": 652,
            "size": 52,
            "badge_size": 72
          }
        ],
        "sections": [
          {
            "name": "Sanctuary",
            "hosted_item": "wv_sanctuary",
            "visibility_rules": [
              "weathervania"
            ]
          }
        ]
      },
      // Lorule Weather Vanes ------------------------------------------------------------------------------------------
      {
        "name": "Weather Vane 10",
        "short_name": "Weather Vane",
        "map_locations": [
          {
            "map": "lorule",
            "x": 424,
            "y": 318,
            "size": 52,
            "badge_size": 72
          }
        ],
        "sections": [
          {
            "name": "Skull Woods",
            "hosted_item": "wv_skull",
            "access_rules": [
              "{}"
            ],
            "visibility_rules": [
              "weathervania"
            ]
          }
        ]
      },
      {
        "name": "Weather Vane 11",
        "short_name": "Weather Vane",
        "map_locations": [
          {
            "map": "lorule",
            "x": 1171,
            "y": 131,
            "size": 52,
            "badge_size": 72
          }
        ],
        "sections": [
          {
            "name": "Treacherous Tower",
            "hosted_item": "wv_treacherous_tower",
            "access_rules": [
              "{}"
            ],
            "visibility_rules": [
              "weathervania"
            ]
          }
        ]
      },
      {
        "name": "Weather Vane 12",
        "short_name": "Weather Vane",
        "map_locations": [
          {
            "map": "lorule",
            "x": 1832,
            "y": 226,
            "size": 52,
            "badge_size": 72
          }
        ],
        "sections": [
          {
            "name": "Ice Ruins",
            "hosted_item": "wv_ice",
            "access_rules": [
              "{}"
            ],
            "visibility_rules": [
              "weathervania"
            ]
          }
        ]
      },
      {
        "name": "Weather Vane 13",
        "short_name": "Weather Vane",
        "map_locations": [
          {
            "map": "lorule",
            "x": 1005,
            "y": 975,
            "size": 52,
            "badge_size": 72
          }
        ],
        "sections": [
          {
            "name": "Lorule Castle",
            "hosted_item": "wv_lorule_castle",
            "access_rules": [
              "{}"
            ],
            "visibility_rules": [
              "weathervania"
            ]
          }
        ]
      },
      {
        "name": "Weather Vane 14",
        "short_name": "Weather Vane",
        "map_locations": [
          {
            "map": "lorule",
            "x": 1233,
            "y": 683,
            "size": 52,
            "badge_size": 72
          }
        ],
        "sections": [
          {
            "name": "Graveyard",
            "hosted_item": "wv_graveyard",
            "access_rules": [
              "{}"
            ],
            "visibility_rules": [
              "weathervania"
            ]
          }
        ]
      },
      {
        "name": "Weather Vane 15",
        "short_name": "Weather Vane",
        "map_locations": [
          {
            "map": "lorule",
            "x": 139,
            "y": 1035,
            "size": 52,
            "badge_size": 72
          }
        ],
        "sections": [
          {
            "name": "Thieves' Town",
            "hosted_item": "wv_thieves",
            "access_rules": [
              "{}"
            ],
            "visibility_rules": [
              "weathervania"
            ]
          }
        ]
      },
      {
        "name": "Weather Vane 16",
        "short_name": "Weather Vane",
        "map_locations": [
          {
            "map": "lorule",
            "x": 1990,
            "y": 885,
            "size": 52,
            "badge_size": 72
          }
        ],
        "sections": [
          {
            "name": "Dark Palace",
            "hosted_item": "wv_dark",
            "access_rules": [
              "{}"
            ],
            "visibility_rules": [
              "weathervania"
            ]
          }
        ]
      },
      {
        "name": "Weather Vane 17",
        "short_name": "Weather Vane",
        "map_locations": [
          {
            "map": "lorule",
            "x": 684,
            "y": 1084,
            "size": 52,
            "badge_size": 72
          }
        ],
        "sections": [
          {
            "name": "Blacksmith",
            "hosted_item": "wv_blacksmith",
            "access_rules": [
              "{}"
            ],
            "visibility_rules": [
              "weathervania"
            ]
          }
        ]
      },
      {
        "name": "Weather Vane 18",
        "short_name": "Weather Vane",
        "map_locations": [
          {
            "map": "lorule",
            "x": 1160,
            "y": 1401,
            "size": 52,
            "badge_size": 72
          }
        ],
        "sections": [
          {
            "name": "Vacant House",
            "hosted_item": "wv_vacant_house",
            "access_rules": [
              "{}"
            ],
            "visibility_rules": [
              "weathervania"
            ]
          }
        ]
      },
      {
        "name": "Weather Vane 19",
        "short_name": "Weather Vane",
        "map_locations": [
          {
            "map": "lorule",
            "x": 460,
            "y": 1828,
            "size": 52,
            "badge_size": 72
          }
        ],
        "sections": [
          {
            "name": "Misery Mire",
            "hosted_item": "wv_mire",
            "access_rules": [
              "{}"
            ],
            "visibility_rules": [
              "weathervania"
            ]
          }
        ]
      },
      {
        "name": "Weather Vane 20",
        "short_name": "Weather Vane",
        "map_locations": [
          {
            "map": "lorule",
            "x": 938,
            "y": 1849,
            "size": 52,
            "badge_size": 72
          }
        ],
        "sections": [
          {
            "name": "Swamp Palace",
            "hosted_item": "wv_swamp",
            "access_rules": [
              "{}"
            ],
            "visibility_rules": [
              "weathervania"
            ]
          }
        ]
      },
      {
        "name": "Weather Vane 21",
        "short_name": "Weather Vane",
        "map_locations": [
          {
            "map": "lorule",
            "x": 1611,
            "y": 1756,
            "size": 52,
            "badge_size": 72
          }
        ],
        "sections": [
          {
            "name": "Turtle Rock",
            "hosted_item": "wv_turtle",
            "access_rules": [
              "{}"
            ],
            "visibility_rules": [
              "weathervania"
            ]
          }
        ]
      },
      {
        "name": "Weather Vane 22",
        "short_name": "Weather Vane",
        "map_locations": [
          {
            "map": "lorule",
            "x": 1517,
            "y": 383,
            "size": 52,
            "badge_size": 72
          }
        ],
        "sections": [
          {
            "name": "Death Mountain (Lorule)",
            "hosted_item": "wv_death_lorule",
            "access_rules": [
              "{}"
            ],
            "visibility_rules": [
              "weathervania"
            ]
          }
        ]
      }
    ]
  }
]