[
  {
    "name": "Lorule Overworld",
    "chest_unopened_img": "images/checks/chest_small_unopened.png",
    "chest_opened_img": "images/checks/chest_small_opened.png",
    "children": [
      {
        "name": "Skull Woods Area",
        "access_rules": [
          "$access_skull_woods_area"
        ],
        "children": [
          {
            "name": "Skull Woods Area",
            "map_locations": [
              {
                "map": "lorule",
                "x": 343,
                "y": 879
              }
            ],
            "sections": [
              {
                "name": "n-Shaped House",
                //"capture_item": true,
                "access_rules": [
                  "merge",
                  "[advanced], quake, boomerang",
                  "[advanced], quake, $notNiceMode, hookshot"
                ],
                "item_count": 1
              }
            ]
          },
          {
            "name": "Skull Woods Area",
            "map_locations": [
              {
                "map": "lorule",
                "x": 654,
                "y": 158
              }
            ],
            "sections": [
              {
                "name": "Destroyed House",
                //"capture_item": true,
                "item_count": 1
              }
            ]
          },
          {
            "name": "Skull Woods Area",
            "map_locations": [
              {
                "map": "lorule",
                "x": 192,
                "y": 72
              }
            ],
            "sections": [
              {
                "name": "Mysterious Man",
                "hosted_item": "golden_bee",
                "access_rules": [
                  "bottle"
                ],
                "item_count": 0
              }
            ]
          }
        ]
      },
      {
        "name": "Graveyard",
        "access_rules": [
          "$access_lorule_graveyard",
          "[lampless], $lampless_access_lorule_graveyard"
        ],
        "children": [
          {
            "name": "Graveyard - Lorule Sanctuary",
            "access_rules": [
              "titansmitt"
//              "titansmitt, quake, merge, lamp, $attack",
//              "titansmitt, quake, merge, frod, $lampless",
//              "titansmitt, quake, merge, bell, wv_graveyard, $lampless",
//              "titansmitt, yuga, bell, wv_graveyard, $lampless"
            ],
            "map_locations": [
              {
                "map": "lorule",
                "x": 1221,
                "y": 620
              }
            ],
            "sections": [
              {
                "name": "Entrance Chest",
                "item_count": 1
              },
              {
                "name": "Lower Chest",
                "access_rules": [
                  "[lamp]",
                  "[lampless]"
                ],
                "item_count": 1
              },
              {
                "name": "Upper Chest",
                "access_rules": [
                  "[lamp]",
                  "[lampless]"
                ],
                "item_count": 1
              },
              {
                "name": "Ledge",
                "access_rules": [
                  "[lamp], merge",
                  "[lampless], merge"
                ],
                //"capture_item": true,
                "item_count": 1
              }
            ]
          }
        ]
      },
      {
        "name": "Graveyard - Lorule Sanctuary",
        "map_locations": [
          {
            "map": "lorule",
            "x": 945,
            "y": 595
          }
        ],
        "sections": [
          {
            "name": "Philosopher's Cave",
            "chest_unopened_img": "images/checks/chest_big_unopened.png",
            "chest_opened_img": "images/checks/chest_big_opened.png",
            "access_rules": [
              "{csmc, $access_lorule_graveyard}",
              "{csmc, $lampless_access_lorule_graveyard}",
              "$access_lorule_graveyard, titansmitt, [lamp], $attack, ls_small_key",
              "$access_lorule_graveyard, titansmitt, [lampless], $attack, ls_small_key",
              "$lampless_access_lorule_graveyard, titansmitt, [lampless], $attack, ls_small_key"
            ],
            "item_count": 1
          }
        ]
      },
      {
        "name": "Graveyard",
        "map_locations": [
          {
            "map": "lorule",
            "x": 1337,
            "y": 892
          }
        ],
        "sections": [
          {
            "name": "Peninsula",
            "access_rules": [
              "{csmc, $access_dark_ruins}",
              "$access_lorule_graveyard",
              "[lampless], $lampless_access_lorule_graveyard"
            ],
            "item_count": 1
          }
        ]
      },
      {
        "name": "Dark Ruins",
        "map_locations": [
          {
            "map": "lorule",
            "x": 1836,
            "y": 562
          }
        ],
        "sections": [
          {
            "name": "Hinox",
            "item_count": 6,
            "access_rules": [
              "merge, $access_dark_ruins",
              "merge, cracksanity, crack_waterfall_lorule",
              "[glitched], merge, $glitched_access_dark_ruins",
              "[advanced], merge, $advanced_access_dark_ruins",
              "[hell], merge, $hell_access_dark_ruins"
            ]
          }
        ]
      },
      {
        "name": "Dark Ruins",
        "access_rules": [
          "$access_dark_ruins",
          "[glitched], $glitched_access_dark_ruins",
          "[advanced], $advanced_access_dark_ruins",
          "[hell], $hell_access_dark_ruins"
        ],
        "children": [
          {
            "name": "Dark Ruins",
            "map_locations": [
              {
                "map": "lorule",
                "x": 1904,
                "y": 403
              }
            ],
            "sections": [
              {
                "name": "Ku's Domain Fight",
                "access_rules": [
                  "merge, bow",
                  "merge, bombs",
                  "merge, fsword",
                  "merge, niceirod",
                  "merge, nicetrod",
                  "merge, nicehookshot",
                  "[hard], merge, power_glove, lamp",
                  "[hard], merge, power_glove, net"
                ],
                "item_count": 1
              }
            ]
          },
          {
            "name": "Dark Ruins",
            "map_locations": [
              {
                "map": "lorule",
                "x": 1652,
                "y": 1003
              }
            ],
            "sections": [
              {
                "name": "Dark Maze Chest",
                "item_count": 1,
                "access_rules": [
                  "merge",
                  "$dark_palace"
                ]
              }
            ]
          },
          {
            "name": "Dark Ruins",
            "map_locations": [
              {
                "map": "lorule",
                "x": 1806,
                "y": 873
              }
            ],
            "sections": [
              {
                "name": "Dark Maze Ledge",
                "capture_item": true,
                "item_count": 1,
                "access_rules": [
                  "merge",
                  "$dark_palace"
                ]
              }
            ]
          },
          {
            "name": "Turtle Rock Area",
            "map_locations": [
              {
                "map": "lorule",
                "x": 1695,
                "y": 1595
              }
            ],
            "sections": [
              {
                "name": "Dark/Turtle Chest",
                "item_count": 1
              }
            ]
          }
        ]
      },
      {
        "name": "Lorule Castle Area",
        "access_rules": [
          "$access_central_lorule",
          "[advanced], $advanced_access_central_lorule",
          "[hell], $hell_access_central_lorule"
        ],
        "children": [
          {
            "name": "Lorule Castle Area",
            "map_locations": [
              {
                "map": "lorule",
                "x": 643,
                "y": 1065
              }
            ],
            "sections": [
              {
                "name": "Blacksmith (Lorule)",
                "access_rules": [
                  "blacksmith, ore_4"
                ],
                "item_count": 1
              }
            ]
          },
          //      {
          //        "name": "Fortune's Choice",
          //        "map_locations": [
          //          {
          //            "map": "lorule",
          //            "x": 446,
          //            "y": 1070
          //          }
          //        ],
          //        "sections": [
          //          {
          //            "name": "Win Game",
          //            "item_count": 1
          //          }
          //        ]
          //      },
          {
            "name": "Lorule Castle Area",
            "map_locations": [
              {
                "map": "lorule",
                "x": 968,
                "y": 1316
              }
            ],
            "sections": [
              {
                "name": "Pegasus Boots Pyramid",
                "chest_unopened_img": "images/checks/chest_big_unopened.png",
                "chest_opened_img": "images/checks/chest_big_opened.png",
                "access_rules": [
                  "{csmc}",
                  "boots",
                  "[hard], bombs",
                  "[hard], boomerang",
                  "[hard], msword",
                  "[], nicebow",
                  "[], niceirod"
                ],
                "item_count": 1
              }
            ]
          },
          {
            "name": "Lorule Castle Area",
            "map_locations": [
              {
                "map": "lorule",
                "x": 1115,
                "y": 1370
              }
            ],
            "sections": [
              {
                "name": "Vacant House",
                "access_rules": [
                  "{csmc}",
                  "bombs",
                  "[hard]"
                ],
                "item_count": 1
              }
            ]
          },
          {
            "name": "Lorule Castle Area",
            "map_locations": [
              {
                "map": "lorule",
                "x": 1027,
                "y": 1574
              }
            ],
            "sections": [
              {
                "name": "Thief Girl",
                "access_rules": [
                  "label_power_tt, power",
                  "label_wisdom_tt, wisdom",
                  "label_courage_tt, courage",
                  "label_gulley_tt, gulley",
                  "label_oren_tt, oren",
                  "label_seres_tt, seres",
                  "label_osfala_tt, osfala",
                  "label_impa_tt, impa",
                  "label_irene_tt, irene",
                  "label_rosso_tt, rosso"
                ],
                "item_count": 1
              }
            ]
          },
          {
            "name": "Lorule Castle Area",
            "map_locations": [
              {
                "map": "lorule",
                "x": 1200,
                "y": 1839
              }
            ],
            "sections": [
              {
                "name": "Swamp Cave",
                //"capture_item": true,
                "item_count": 3
              }
            ]
          },
          {
            "name": "Lorule Castle Area",
            "map_locations": [
              {
                "map": "lorule",
                "x": 598,
                "y": 1650
              }
            ],
            "sections": [
              {
                "name": "Lorule Field Hookshot Chest",
                "access_rules": [
                  "{csmc}",
                  "not_cracksanity, quake, merge, hookshot",
                  "cracksanity, crack_right_lorule_paradox, merge, hookshot"
                ],
                "item_count": 1
              }
            ]
          },
          {
            "name": "Lorule Castle Area",
            "map_locations": [
              {
                "map": "lorule",
                "x": 598,
                "y": 1690
              }
            ],
            "sections": [
              {
                "name": "Big Bomb Flower Cave",
                "item_count": 1
              }
            ]
          },
          {
            "name": "Lorule Castle Area",
            "map_locations": [
              {
                "map": "lorule",
                "x": 658,
                "y": 1465
              }
            ],
            "sections": [
              {
                "name": "Octoball Derby (Score 100+)",
                "item_count": 1
              }
            ]
          },
          {
            "name": "Lorule Castle Area",
            "map_locations": [
              {
                "map": "lorule",
                "x": 233,
                "y": 1479
              }
            ],
            "sections": [
              {
                "name": "Rupee Rush (Lorule) (Score 150+)",
                "access_rules": [
                ],
                "item_count": 1
              }
            ]
          },
          {
            "name": "Lorule Castle Area",
            "map_locations": [
              {
                "map": "lorule",
                "x": 339,
                "y": 1313
              }
            ],
            "sections": [
              {
                "name": "Great Rupee Fairy",
                "item_count": 1
              }
            ]
          }
        ]
      },
      {
        "name": "Misery Mire",
        "access_rules": [
          "$access_misery_mire"
        ],
        "children": [
          {
            "name": "Misery Mire",
            "map_locations": [
              {
                "map": "lorule",
                "x": 706,
                "y": 1791
              }
            ],
            "sections": [
              {
                "name": "Sand Mini-Dungeon",
                "access_rules": [
                  "{csmc}",
                  "merge, srod, trod",
                  "[glitched], srod"
                ],
                "item_count": 1
              }
            ]
          }
        ]
      },
      {
        "name": "Misery Mire",
        "map_locations": [
          {
            "map": "lorule",
            "x": 340,
            "y": 1560,
            "badge_size": 40
          }
        ],
        "sections": [
          {
            "name": "North Crack",
            "hosted_item": "crack_mire_north",
            "access_rules": [
              "crack_mire_north",
              "{$inspect_crack_lorule}"
            ],
            "visibility_rules": [
              "cracksanity"
            ]
          },
          {
            "name": "Ledge",
            //"capture_item": true,
            "access_rules": [
              //"{}",
              "merge, crack_mire_north",
              "not_cracksanity, merge, quake, crack_desert_north",
              "[advanced], $access_misery_mire, frod, boots"
            ],
            "item_count": 1
          }
        ]
      },
      {
        "name": "Turtle Rock Area",
        "children": [
          {
            "name": "Lorule Lake Chest",
            "map_locations": [
              {
                "map": "lorule",
                "x": 1344,
                "y": 1470
              }
            ],
            "sections": [
              {
                "name": "Turtle Rock Area",
                "access_rules": [
                  "not_cracksanity, merge, quake",
                  "cracksanity, crack_lake_lorule, merge",
                  "cracksanity, crack_river_lorule, flippers",
                  "cracksanity, crack_lorule_hotfoot, flippers",
                  "[glitched], $glitched_access_dark_ruins, $boost, flippers",
                  "[advanced], $advanced_access_dark_ruins, $boost, flippers",
                  "[hell], $hell_access_dark_ruins, $beeFakeFlippers",
                  "[advanced], cracksanity, crack_lorule_hotfoot, $fakeFlippers",
                  "[hell], cracksanity, crack_lorule_hotfoot, $beeFakeFlippers"
                ],
                "item_count": 1
              }
            ]
          }
        ]
      }
    ]
  }
]