[
  {
    "name": "Mother Maiamai",
    "map_locations": [
      {
        "map": "hyrule",
        "x": 1467,
        "y": 1542,
        "size": 64
      }
    ],
    "always_allow_chest_manipulation": false,
    "sections": [
      {
        "name": "Bow",
        "clear_as_group": false,
        "access_rules": [
          "{bow}",
          "bow, $canUpgradeItem",
          "maiamai_bow"
        ],
        "hosted_item": "maiamai_bow",
        "capture_item": true
      },
      {
        "name": "Boomerang",
        "access_rules": [
          "{boomerang}",
          "boomerang, $canUpgradeItem",
          "maiamai_boomerang"
        ],
        "hosted_item": "maiamai_boomerang",
        "capture_item": true
      },
      {
        "name": "Hookshot",
        "access_rules": [
          "{hookshot}",
          "hookshot, $canUpgradeItem",
          "maiamai_hookshot"
        ],
        "hosted_item": "maiamai_hookshot",
        "capture_item": true
      },
      {
        "name": "Hammer",
        "access_rules": [
          "{hammer}",
          "hammer, $canUpgradeItem",
          "maiamai_hammer"
        ],
        "hosted_item": "maiamai_hammer",
        "capture_item": true
      },
      {
        "name": "Bombs",
        "access_rules": [
          "{bombs}",
          "bombs, $canUpgradeItem",
          "maiamai_bombs"
        ],
        "hosted_item": "maiamai_bombs",
        "capture_item": true
      },
      {
        "name": "Fire Rod",
        "access_rules": [
          "{frod}",
          "frod, $canUpgradeItem",
          "maiamai_fire_rod"
        ],
        "hosted_item": "maiamai_fire_rod",
        "capture_item": true
      },
      {
        "name": "Ice Rod",
        "access_rules": [
          "{irod}",
          "irod, $canUpgradeItem",
          "maiamai_ice_rod"
        ],
        "hosted_item": "maiamai_ice_rod",
        "capture_item": true
      },
      {
        "name": "Tornado Rod",
        "access_rules": [
          "{trod}",
          "trod, $canUpgradeItem",
          "maiamai_tornado_rod"
        ],
        "hosted_item": "maiamai_tornado_rod",
        "capture_item": true
      },
      {
        "name": "Sand Rod",
        "access_rules": [
          "{srod}",
          "srod, $canUpgradeItem",
          "maiamai_sand_rod"
        ],
        "hosted_item": "maiamai_sand_rod",
        "capture_item": true
      },
      {
        "name": "100 Maiamai",
        "chest_unopened_img": "images/checks/chest_small_unopened.png",
        "chest_opened_img": "images/checks/chest_small_opened.png",
        "access_rules": [
          "maiamai_100, maiamai_bow, maiamai_boomerang, maiamai_hookshot, maiamai_hammer, maiamai_bombs, maiamai_fire_rod, maiamai_ice_rod, maiamai_tornado_rod, maiamai_sand_rod"
        ],
        "item_count": 1
      }
    ]
  },
  {
    "name": "Hyrule Maiamai",
    "chest_unopened_img": "images/items/maiamai.png",
    "chest_opened_img": "images/items/maiamai_opened.png",
    "children": [
      // Lost Woods Area - 8
      {
        "name": "Fortune Teller",
        "map_locations": [
          {
            "map": "hyrule",
            "x": 410,
            "y": 672,
            "size": 48
          }
        ],
        "sections": [
          {
            "name": "Stuck to Tent",
            "item_count": 1,
            //"capture_item": true,
            "visibility_rules": [
              "maiamai_map"
            ],
            "access_rules": [
              //"{}",
              "merge"
            ]
          }
        ]
      },
      {
        "name": "Lost Woods",
        "map_locations": [
          {
            "map": "hyrule",
            "x": 625,
            "y": 704,
            "size": 48
          }
        ],
        "sections": [
          {
            "name": "Small Pond",
            "item_count": 1,
            //"capture_item": true,
            "visibility_rules": [
              "maiamai_map"
            ],
            "access_rules": [
              //"{}",
              "flippers"
            ]
          }
        ]
      },
      {
        "name": "Rosso's House",
        "map_locations": [
          {
            "map": "hyrule",
            "x": 711,
            "y": 255,
            "size": 48
          }
        ],
        "sections": [
          {
            "name": "Stuck to Nearby Wall",
            "item_count": 1,
            //"capture_item": true,
            "visibility_rules": [
              "maiamai_map"
            ],
            "access_rules": [
              //"{}",
              "merge"
            ]
          }
        ]
      },
      {
        "name": "Lost Woods",
        "map_locations": [
          {
            "map": "hyrule",
            "x": 350,
            "y": 183,
            "size": 48
          }
        ],
        "sections": [
          {
            "name": "Under Rock",
            "item_count": 1,
            //"capture_item": true,
            "visibility_rules": [
              "maiamai_map"
            ],
            "access_rules": [
              "power_glove"
            ]
          }
        ]
      },
      {
        "name": "Lost Woods",
        "map_locations": [
          {
            "map": "hyrule",
            "x": 320,
            "y": 352,
            "size": 48
          }
        ],
        "sections": [
          {
            "name": "Dash Tree",
            "item_count": 1,
            //"capture_item": true,
            "visibility_rules": [
              "maiamai_map"
            ],
            "access_rules": [
              //"{}",
              "boots"
            ]
          }
        ]
      },
      {
        "name": "Lost Woods",
        "map_locations": [
          {
            "map": "hyrule",
            "x": 98,
            "y": 189,
            "size": 48
          }
        ],
        "sections": [
          {
            "name": "Under Bush",
            "item_count": 1,
            //"capture_item": true,
            "visibility_rules": [
              "maiamai_map"
            ]
          }
        ]
      },
      {
        "name": "Lost Woods",
        "map_locations": [
          {
            "map": "hyrule",
            "x": 226,
            "y": 710,
            "size": 48
          }
        ],
        "sections": [
          {
            "name": "Lost Woods Path Rock",
            "item_count": 1,
            //"capture_item": true,
            "visibility_rules": [
              "maiamai_map"
            ],
            "access_rules": [
              "titansmitt",
              "power_glove, hammer",
              "[glitched], power_glove, hookshot",
              "[glitched], power_glove, boomerang, $escape"
            ]
          }
        ]
      },
      {
        "name": "Moldorm Cave",
        "map_locations": [
          {
            "map": "hyrule",
            "x": 730,
            "y": 333,
            "size": 48
          }
        ],
        "sections": [
          {
            "name": "Big Rock Exit",
            "item_count": 1,
            //"capture_item": true,
            "visibility_rules": [
              "maiamai_map"
            ],
            "access_rules": [
              //"{}",
              "merge, titansmitt"
            ]
          }
        ]
      },
      // Sanctuary Area - 7
      {
        "name": "Sanctuary",
        "map_locations": [
          {
            "map": "hyrule",
            "x": 859,
            "y": 696,
            "size": 48
          }
        ],
        "sections": [
          {
            "name": "Stuck to Nearby Wall",
            "item_count": 1,
            //"capture_item": true,
            "visibility_rules": [
              "maiamai_map"
            ],
            "access_rules": [
              //"{}",
              "merge"
            ]
          }
        ]
      },
      {
        "name": "Witch's Hut",
        "map_locations": [
          {
            "map": "hyrule",
            "x": 1600,
            "y": 677,
            "size": 48
          }
        ],
        "sections": [
          {
            "name": "Stuck to Inside Wall",
            "item_count": 1,
            //"capture_item": true,
            "visibility_rules": [
              "maiamai_map"
            ],
            "access_rules": [
              //"{}",
              "merge"
            ]
          }
        ]
      },
      {
        "name": "Zora's Domain",
        "map_locations": [
          {
            "map": "hyrule",
            "x": 1789,
            "y": 396,
            "size": 48
          }
        ],
        "sections": [
          {
            "name": "Submerged",
            "item_count": 1,
            //"capture_item": true,
            "visibility_rules": [
              "maiamai_map"
            ],
            "access_rules": [
              //"{merge}",
              //"{$beeBoost}",
              "flippers, merge",
              "[hell], flippers, $beeBoost"
            ]
          }
        ]
      },
      {
        "name": "Zora's Domain",
        "map_locations": [
          {
            "map": "hyrule",
            "x": 1889,
            "y": 764,
            "size": 48
          }
        ],
        "sections": [
          {
            "name": "Stuck to South Wall",
            "item_count": 1,
            //"capture_item": true,
            "visibility_rules": [
              "maiamai_map"
            ],
            "access_rules": [
              //"{merge}",
              //"{hell, $beeBoost}",
              "merge"
            ]
          }
        ]
      },
      {
        "name": "Zora's River",
        "map_locations": [
          {
            "map": "hyrule",
            "x": 1475,
            "y": 559,
            "size": 48
          }
        ],
        "sections": [
          {
            "name": "Ledge Across the River",
            "item_count": 1,
            //"capture_item": true,
            "visibility_rules": [
              "maiamai_map"
            ],
            "access_rules": [
              //"{}",
              "merge, flippers",
              "[advanced], merge, $fakeFlippers",
              "[hell], merge, boots",
              "[hell], merge, frod",
              "[hell], merge, bombs"
            ]
          }
        ]
      },
      {
        "name": "Wooden Bridge",
        "map_locations": [
          {
            "map": "hyrule",
            "x": 1407,
            "y": 910,
            "size": 48
          }
        ],
        "sections": [
          {
            "name": "Beneath the Bridge",
            "item_count": 1,
            //"capture_item": true,
            "visibility_rules": [
              "maiamai_map"
            ],
            "access_rules": [
              //"{}",
              "flippers",
              "[advanced], $fakeFlippers",
              "[hell], boots"
            ]
          }
        ]
      },
      {
        "name": "Graveyard Ledge",
        "map_locations": [
          {
            "map": "hyrule",
            "x": 1112,
            "y": 579,
            "size": 48
          }
        ],
        "sections": [
          {
            "name": "High Wall",
            "item_count": 1,
            //"capture_item": true,
            "access_rules": [
              //"{}",
              "merge, portal_graveyard",
              "not_portal_shuffle, merge, quake, portal_graveyard_lorule"
            ],
            "visibility_rules": [
              "maiamai_map"
            ]
          }
        ]
      },
      // Kakariko Village - 5
      {
        "name": "Kakariko Village",
        "map_locations": [
          {
            "map": "hyrule",
            "x": 514,
            "y": 949,
            "size": 48
          }
        ],
        "sections": [
          {
            "name": "Under a Bush",
            "item_count": 1,
            //"capture_item": true,
            "visibility_rules": [
              "maiamai_map"
            ]
          }
        ]
      },
      {
        "name": "Kakariko Village",
        "map_locations": [
          {
            "map": "hyrule",
            "x": 210,
            "y": 1186,
            "size": 48
          }
        ],
        "sections": [
          {
            "name": "Buried in the Sand",
            "item_count": 1,
            //"capture_item": true,
            "visibility_rules": [
              "maiamai_map"
            ],
            "access_rules": [
              "srod"
            ]
          }
        ]
      },
      {
        "name": "Cucco Ranch",
        "map_locations": [
          {
            "map": "hyrule",
            "x": 450,
            "y": 1362,
            "size": 48
          }
        ],
        "sections": [
          {
            "name": "Dash Tree",
            "item_count": 1,
            //"capture_item": true,
            "visibility_rules": [
              "maiamai_map"
            ],
            "access_rules": [
              "boots"
            ]
          }
        ]
      },
      {
        "name": "Rupee Rush",
        "map_locations": [
          {
            "map": "hyrule",
            "x": 135,
            "y": 1480,
            "size": 48
          }
        ],
        "sections": [
          {
            "name": "South Wall",
            "item_count": 1,
            //"capture_item": true,
            "visibility_rules": [
              "maiamai_map"
            ],
            "access_rules": [
              //"{}",
              "merge"
            ]
          }
        ]
      },
      // Hyrule Castle Area - 8
      {
        "name": "Hyrule Castle",
        "map_locations": [
          {
            "map": "hyrule",
            "x": 845,
            "y": 839,
            "size": 48
          }
        ],
        "sections": [
          {
            "name": "Dash Tree",
            "item_count": 1,
            //"capture_item": true,
            "visibility_rules": [
              "maiamai_map"
            ],
            "access_rules": [
              "boots"
            ]
          }
        ]
      },
      {
        "name": "Hyrule Castle",
        "map_locations": [
          {
            "map": "hyrule",
            "x": 849,
            "y": 1236,
            "size": 48
          }
        ],
        "sections": [
          {
            "name": "Wind Tiles",
            "item_count": 1,
            //"capture_item": true,
            "visibility_rules": [
              "maiamai_map"
            ],
            "access_rules": [
              "trod"
            ]
          }
        ]
      },
      {
        "name": "Link's House",
        "map_locations": [
          {
            "map": "hyrule",
            "x": 907,
            "y": 1335,
            "size": 48
          }
        ],
        "sections": [
          {
            "name": "Dash Tree",
            "item_count": 1,
            //"capture_item": true,
            "visibility_rules": [
              "maiamai_map"
            ],
            "access_rules": [
              "boots"
            ]
          }
        ]
      },
      {
        "name": "Haunted Grove",
        "map_locations": [
          {
            "map": "hyrule",
            "x": 660,
            "y": 1285,
            "size": 48
          }
        ],
        "sections": [
          {
            "name": "Dash Tree",
            "item_count": 1,
            //"capture_item": true,
            "visibility_rules": [
              "maiamai_map"
            ],
            "access_rules": [
              //"{}",
              "boots"
            ]
          }
        ]
      },
      {
        "name": "Haunted Grove",
        "map_locations": [
          {
            "map": "hyrule",
            "x": 590,
            "y": 1690,
            "size": 48
          }
        ],
        "sections": [
          {
            "name": "Under Big Rock",
            "item_count": 1,
            //"capture_item": true,
            "visibility_rules": [
              "maiamai_map"
            ],
            "access_rules": [
              "merge, titansmitt"
            ]
          }
        ]
      },
      {
        "name": "Link's House",
        "map_locations": [
          {
            "map": "hyrule",
            "x": 1081,
            "y": 1353,
            "size": 48
          }
        ],
        "sections": [
          {
            "name": "Stuck to Back of House",
            "item_count": 1,
            //"capture_item": true,
            "visibility_rules": [
              "maiamai_map"
            ],
            "access_rules": [
              //"{}",
              "merge"
            ]
          }
        ]
      },
      {
        "name": "Hyrule Blacksmith",
        "map_locations": [
          {
            "map": "hyrule",
            "x": 589,
            "y": 1082,
            "size": 48
          }
        ],
        "sections": [
          {
            "name": "Wind Tiles",
            "item_count": 1,
            //"capture_item": true,
            "visibility_rules": [
              "maiamai_map"
            ],
            "access_rules": [
              "trod"
            ]
          }
        ]
      },
      {
        "name": "Hyrule Blacksmith",
        "map_locations": [
          {
            "map": "hyrule",
            "x": 640,
            "y": 919,
            "size": 48
          }
        ],
        "sections": [
          {
            "name": "Dash Tree",
            "item_count": 1,
            //"capture_item": true,
            "visibility_rules": [
              "maiamai_map"
            ],
            "access_rules": [
              "boots"
            ]
          }
        ]
      },
      // Eastern Ruins - 6
      {
        "name": "Eastern Ruins",
        "map_locations": [
          {
            "map": "hyrule",
            "x": 1471,
            "y": 1174,
            "size": 48
          }
        ],
        "sections": [
          {
            "name": "Dash Rock",
            "item_count": 1,
            //"capture_item": true,
            "visibility_rules": [
              "maiamai_map"
            ],
            "access_rules": [
              //"{}",
              "boots"
            ]
          }
        ]
      },
      {
        "name": "Eastern Ruins",
        "map_locations": [
          {
            "map": "hyrule",
            "x": 1473,
            "y": 1421,
            "size": 48
          }
        ],
        "sections": [
          {
            "name": "In the River",
            "item_count": 1,
            //"capture_item": true,
            "visibility_rules": [
              "maiamai_map"
            ],
            "access_rules": [
              //"{}",
              "flippers",
              "[advanced], $fakeFlippers",
              "[hell], boots"
            ]
          }
        ]
      },
      {
        "name": "Eastern Ruins",
        "map_locations": [
          {
            "map": "hyrule",
            "x": 1702,
            "y": 1368,
            "size": 48
          }
        ],
        "sections": [
          {
            "name": "Dash into Rightmost Tree",
            "item_count": 1,
            //"capture_item": true,
            "visibility_rules": [
              "maiamai_map"
            ],
            "access_rules": [
              "boots"
            ]
          }
        ]
      },
      {
        "name": "Eastern Ruins",
        "map_locations": [
          {
            "map": "hyrule",
            "x": 1782,
            "y": 1201,
            "size": 48
          }
        ],
        "sections": [
          {
            "name": "Yellow Dash Tree",
            "item_count": 1,
            //"capture_item": true,
            "visibility_rules": [
              "maiamai_map"
            ],
            "access_rules": [
              //"{}",
              "boots"
            ]
          }
        ]
      },
      {
        "name": "Eastern Ruins",
        "map_locations": [
          {
            "map": "hyrule",
            "x": 1708,
            "y": 1001,
            "size": 48
          }
        ],
        "sections": [
          {
            "name": "Square Ledge",
            "item_count": 1,
            //"capture_item": true,
            "visibility_rules": [
              "maiamai_map"
            ],
            "access_rules": [
              //"{}",
              "merge"
            ]
          }
        ]
      },
      {
        "name": "Eastern Ruins",
        "map_locations": [
          {
            "map": "hyrule",
            "x": 1908,
            "y": 1478,
            "size": 48
          }
        ],
        "sections": [
          {
            "name": "Under Big Rock",
            "item_count": 1,
            //"capture_item": true,
            "visibility_rules": [
              "maiamai_map"
            ],
            "access_rules": [
              "titansmitt, merge"
            ]
          }
        ]
      },
      // Desert - 3
      {
        "name": "Southern Ruins",
        "map_locations": [
          {
            "map": "hyrule",
            "x": 660,
            "y": 1915,
            "size": 48
          }
        ],
        "sections": [
          {
            "name": "Under Big Rock",
            "item_count": 1,
            //"capture_item": true,
            "visibility_rules": [
              "maiamai_map"
            ],
            "access_rules": [
              "titansmitt"
            ]
          }
        ]
      },
      {
        "name": "Desert of Mystery",
        "map_locations": [
          {
            "map": "hyrule",
            "x": 323,
            "y": 1679,
            "size": 48
          }
        ],
        "sections": [
          {
            "name": "Buried in the Desert",
            "item_count": 1,
            //"capture_item": true,
            "visibility_rules": [
              "maiamai_map"
            ],
            "access_rules": [
              "$access_desert, srod"
            ]
          }
        ]
      },
      {
        "name": "Desert of Mystery",
        "map_locations": [
          {
            "map": "hyrule",
            "x": 186,
            "y": 1802,
            "size": 48
          }
        ],
        "sections": [
          {
            "name": "Buried outside Palace",
            "item_count": 1,
            //"capture_item": true,
            "visibility_rules": [
              "maiamai_map"
            ],
            "access_rules": [
              "$access_desert_palace, srod",
              "[glitched], $glitched_access_desert_palace, srod"
            ]
          }
        ]
      },
      // Southern Ruins - 3
      {
        "name": "Southern Ruins",
        "map_locations": [
          {
            "map": "hyrule",
            "x": 1132,
            "y": 1665,
            "size": 48
          }
        ],
        "sections": [
          {
            "name": "Pillars",
            "item_count": 1,
            //"capture_item": true,
            "visibility_rules": [
              "maiamai_map"
            ],
            "access_rules": [
              //"{}",
              "boots"
            ]
          }
        ]
      },
      {
        "name": "Southern Ruins",
        "map_locations": [
          {
            "map": "hyrule",
            "x": 1200,
            "y": 1844,
            "size": 48
          }
        ],
        "sections": [
          {
            "name": "Bomb Cave",
            "item_count": 1,
            //"capture_item": true,
            "visibility_rules": [
              "maiamai_map"
            ],
            "access_rules": [
              //"{bombs}",
              "bombs, flippers"
            ]
          }
        ]
      },
      {
        "name": "Southern Ruins",
        "map_locations": [
          {
            "map": "hyrule",
            "x": 994,
            "y": 1881,
            "size": 48
          }
        ],
        "sections": [
          {
            "name": "Submerged by Treasure Dungeon",
            "item_count": 1,
            //"capture_item": true,
            "visibility_rules": [
              "maiamai_map"
            ],
            "access_rules": [
              //"{}",
              "flippers"
            ]
          }
        ]
      },
      // Lake Hylia - 5
      {
        "name": "Lake Hylia",
        "map_locations": [
          {
            "map": "hyrule",
            "x": 1451,
            "y": 1526,
            "size": 48
          }
        ],
        "sections": [
          {
            "name": "Mother Maiamai's Cave",
            "item_count": 1,
            //"capture_item": true,
            "visibility_rules": [
              "maiamai_map"
            ],
            "access_rules": [
              //"{}",
              "merge"
            ]
          }
        ]
      },
      {
        "name": "Lake Hylia",
        "map_locations": [
          {
            "map": "hyrule",
            "x": 1644,
            "y": 1685,
            "size": 48
          }
        ],
        "sections": [
          {
            "name": "House of Gales Wind Tile",
            "item_count": 1,
            //"capture_item": true,
            "visibility_rules": [
              "maiamai_map"
            ],
            "access_rules": [
              "trod, flippers",
              "trod, wv_gales, bell",
              "[advanced], trod, $fakeFlippers",
              "[advanced], trod, irod, hookshot"
            ]
          }
        ]
      },
      {
        "name": "Lake Hylia",
        "map_locations": [
          {
            "map": "hyrule",
            "x": 1591,
            "y": 1844,
            "size": 48
          }
        ],
        "sections": [
          {
            "name": "Shallow Water Ring",
            "item_count": 1,
            //"capture_item": true,
            "visibility_rules": [
              "maiamai_map"
            ],
            "access_rules": [
              //"{}",
              "flippers"
            ]
          }
        ]
      },
      {
        "name": "Lake Hylia",
        "map_locations": [
          {
            "map": "hyrule",
            "x": 1824,
            "y": 1837,
            "size": 48
          }
        ],
        "sections": [
          {
            "name": "SE River",
            "item_count": 1,
            //"capture_item": true,
            "visibility_rules": [
              "maiamai_map"
            ],
            "access_rules": [
              //"{}",
              "flippers",
              "[advanced], $fakeFlippers",
              "[hell], boots"
            ]
          }
        ]
      },
      {
        "name": "Lake Hylia",
        "map_locations": [
          {
            "map": "hyrule",
            "x": 1963,
            "y": 1687,
            "size": 48
          }
        ],
        "sections": [
          {
            "name": "Under Big Rock",
            "item_count": 1,
            //"capture_item": true,
            "visibility_rules": [
              "maiamai_map"
            ],
            "access_rules": [
              "titansmitt, merge"
            ]
          }
        ]
      }
    ]
  },
  {
    "name": "Lorule Maiamai",
    "chest_unopened_img": "images/checks/chest_small_unopened.png",
    "chest_opened_img": "images/checks/chest_small_opened.png",
    "children": [
      {
        // Skull Woods - 8
        "name": "Skull Woods Region",
        "access_rules": [
          "$access_skull_woods_area"
        ],
        "children": [
          {
            "name": "Skull Woods Region",
            "map_locations": [
              {
                "map": "lorule",
                "x": 289,
                "y": 856,
                "size": 48
              }
            ],
            "sections": [
              {
                "name": "n-Shaped House Wall",
                "item_count": 1,
                "access_rules": [
                  "merge"

                ],
                //"capture_item": true,
                "visibility_rules": [
                  "maiamai_map"
                ]
              }
            ]
          },
          {
            "name": "Skull Woods Region",
            "map_locations": [
              {
                "map": "lorule",
                "x": 353,
                "y": 752,
                "size": 48
              }
            ],
            "sections": [
              {
                "name": "Wall Near Entrance Sign",
                "item_count": 1,
                "access_rules": [
                  "merge"
                ],
                //"capture_item": true,
                "visibility_rules": [
                  "maiamai_map"
                ]
              }
            ]
          },
          {
            "name": "Skull Woods Region",
            "map_locations": [
              {
                "map": "lorule",
                "x": 679,
                "y": 702,
                "size": 48
              }
            ],
            "sections": [
              {
                "name": "Dry Pond",
                "item_count": 1,
                "access_rules": [
                  "merge"
                ],
                //"capture_item": true,
                "visibility_rules": [
                  "maiamai_map"
                ]
              }
            ]
          },
          {
            "name": "Skull Woods Region",
            "map_locations": [
              {
                "map": "lorule",
                "x": 650,
                "y": 472,
                "size": 48
              }
            ],
            "sections": [
              {
                "name": "Under V Tree Bushes",
                "item_count": 1,
                //"capture_item": true,
                "visibility_rules": [
                  "maiamai_map"
                ]
              }
            ]
          },
          {
            "name": "Skull Woods Region",
            "map_locations": [
              {
                "map": "lorule",
                "x": 657,
                "y": 231,
                "size": 48
              }
            ],
            "sections": [
              {
                "name": "Dark Cucco Shack Dash Tree",
                "item_count": 1,
                //"capture_item": true,
                "visibility_rules": [
                  "maiamai_map"
                ],
                "access_rules": [
                  "boots"
                ]
              }
            ]
          },
          {
            "name": "Skull Woods Region",
            "map_locations": [
              {
                "map": "lorule",
                "x": 117,
                "y": 111,
                "size": 48
              }
            ],
            "sections": [
              {
                "name": "Under Skull",
                "item_count": 1,
                //"capture_item": true,
                "visibility_rules": [
                  "maiamai_map"
                ],
                "access_rules": [
                  "fsword",
                  "bow",
                  "boomerang",
                  "hookshot",
                  "bombs",
                  "frod",
                  "irod",
                  "hammer",
                  "srod",
                  "boots",
                  "power_glove"
                ]
              }
            ]
          },
          {
            "name": "Skull Woods Region",
            "map_locations": [
              {
                "map": "lorule",
                "x": 204,
                "y": 395,
                "size": 48
              }
            ],
            "sections": [
              {
                "name": "Cut the Grass",
                "item_count": 1,
                //"capture_item": true,
                "visibility_rules": [
                  "maiamai_map"
                ],
                "access_rules": [
                  "$cutGrass"
                ]
              }
            ]
          },
          {
            "name": "Skull Woods Region",
            "map_locations": [
              {
                "map": "lorule",
                "x": 203,
                "y": 733,
                "size": 48
              }
            ],
            "sections": [
              {
                "name": "Under Big Rock Fence",
                "item_count": 1,
                //"capture_item": true,
                "visibility_rules": [
                  "maiamai_map"
                ],
                "access_rules": [
                  "titansmitt"
                ]
              }
            ]
          }
        ]
      },
      // Graveyard - 3
      {
        "name": "Lorule Graveyard",
        "access_rules": [
          "$access_lorule_graveyard",
          "[lampless], $lampless_access_lorule_graveyard"
        ],
        "children": [
          {
            "name": "Graveyard",
            "map_locations": [
              {
                "map": "lorule",
                "x": 895,
                "y": 614,
                "size": 48
              }
            ],
            "sections": [
              {
                "name": "Under West Big Rock",
                "item_count": 1,
                //"capture_item": true,
                "visibility_rules": [
                  "maiamai_map"
                ],
                "access_rules": [
                  "titansmitt"
                ]
              }
            ]
          },
          {
            "name": "Graveyard",
            "map_locations": [
              {
                "map": "lorule",
                "x": 1100,
                "y": 589,
                "size": 48
              }
            ],
            "sections": [
              {
                "name": "Stuck to Portal Wall",
                "item_count": 1,
                "access_rules": [
                  "merge"
                ],
                //"capture_item": true,
                "visibility_rules": [
                  "maiamai_map"
                ]
              }
            ]
          },
          {
            "name": "Graveyard",
            "map_locations": [
              {
                "map": "lorule",
                "x": 1356,
                "y": 836,
                "size": 48
              }
            ],
            "sections": [
              {
                "name": "Peninsula Dash Tree",
                "item_count": 1,
                //"capture_item": true,
                "visibility_rules": [
                  "maiamai_map"
                ],
                "access_rules": [
                  "boots"
                ]
              }
            ]
          }
        ]
      },
      // Dark Ruins - 10
      {
        "name": "Dark Ruins",
        "access_rules": [
          "$access_dark_ruins",
          "[glitched], $glitched_access_dark_ruins",
          "[advanced], $advanced_access_dark_ruins",
          "[hell], $hell_access_dark_ruins"
        ],
        "children": [
          {
            "name": "Dark Ruins",
            "map_locations": [
              {
                "map": "lorule",
                "x": 1438,
                "y": 1142,
                "size": 48
              }
            ],
            "sections": [
              {
                "name": "Dash Rock",
                "item_count": 1,
                //"capture_item": true,
                "visibility_rules": [
                  "maiamai_map"
                ],
                "access_rules": [
                  //"{}",
                  "boots"
                ]
              }
            ]
          },
          {
            "name": "Dark Ruins",
            "map_locations": [
              {
                "map": "lorule",
                "x": 1426,
                "y": 575,
                "size": 48
              }
            ],
            "sections": [
              {
                "name": "Under the Waterfall",
                "item_count": 1,
                //"capture_item": true,
                "visibility_rules": [
                  "maiamai_map"
                ],
                "access_rules": [
                  //"{}",
                  "flippers",
                  "[advanced], $fakeFlippers",
                  "[hell], boots"
                ]
              }
            ]
          },
          {
            "name": "Ku's Domain",
            "map_locations": [
              {
                "map": "lorule",
                "x": 1720,
                "y": 588,
                "size": 48
              }
            ],
            "sections": [
              {
                "name": "River by Scared Hinox",
                "item_count": 1,
                //"capture_item": true,
                "visibility_rules": [
                  "maiamai_map"
                ],
                "access_rules": [
                  //"{}",
                  "merge, flippers",
                  "[advanced], merge, boots"
                ]
              }
            ]
          },
          {
            "name": "Ku's Domain",
            "map_locations": [
              {
                "map": "lorule",
                "x": 1860,
                "y": 749,
                "size": 48
              }
            ],
            "sections": [
              {
                "name": "Grassy Ledge",
                "item_count": 1,
                //"capture_item": true,
                "visibility_rules": [
                  "maiamai_map"
                ],
                "access_rules": [
                  "merge, $cutGrass"
                ]
              }
            ]
          },
          {
            "name": "Ku's Domain",
            "map_locations": [
              {
                "map": "lorule",
                "x": 1785,
                "y": 444,
                "size": 48
              }
            ],
            "sections": [
              {
                "name": "Submerged",
                "item_count": 1,
                //"capture_item": true,
                "visibility_rules": [
                  "maiamai_map"
                ],
                "access_rules": [
                  //"{}",
                  "merge, flippers"
                ]
              }
            ]
          },
          {
            "name": "Dark Ruins",
            "map_locations": [
              {
                "map": "lorule",
                "x": 1353,
                "y": 1333,
                "size": 48
              }
            ],
            "sections": [
              {
                "name": "Canyon Dash Tree",
                "item_count": 1,
                //"capture_item": true,
                "visibility_rules": [
                  "maiamai_map"
                ],
                "access_rules": [
                  "boots"
                ]
              }
            ]
          },
          {
            "name": "Dark Ruins",
            "map_locations": [
              {
                "map": "lorule",
                "x": 1581,
                "y": 1335,
                "size": 48
              }
            ],
            "sections": [
              {
                "name": "Dash into Leftmost Tree",
                "item_count": 1,
                //"capture_item": true,
                "visibility_rules": [
                  "maiamai_map"
                ],
                "access_rules": [
                  "boots"
                ]
              }
            ]
          },
          {
            "name": "Dark Maze",
            "map_locations": [
              {
                "map": "lorule",
                "x": 1575,
                "y": 1185,
                "size": 48
              }
            ],
            "sections": [
              {
                "name": "Entrance Wall",
                "item_count": 1,
                "access_rules": [
                  "merge"
                ],
                //"capture_item": true,
                "visibility_rules": [
                  "maiamai_map"
                ]
              }
            ]
          },
          {
            "name": "Dark Maze",
            "map_locations": [
              {
                "map": "lorule",
                "x": 1927,
                "y": 1487,
                "size": 48
              }
            ],
            "sections": [
              {
                "name": "South Area Wall",
                "item_count": 1,
                "access_rules": [
                  "merge"
                ],
                //"capture_item": true,
                "visibility_rules": [
                  "maiamai_map"
                ]
              }
            ]
          },
          {
            "name": "Dark Maze",
            "map_locations": [
              {
                "map": "lorule",
                "x": 1834,
                "y": 914,
                "size": 48
              }
            ],
            "sections": [
              {
                "name": "Guarded Wall",
                "item_count": 1,
                "access_rules": [
                  "merge"
                ],
                //"capture_item": true,
                "visibility_rules": [
                  "maiamai_map"
                ]
              }
            ]
          }
        ]
      },
      // Lorule Castle Area - 15
      {
        "name": "Central Lorule",
        "access_rules": [
          "$access_central_lorule",
          "[advanced], advanced_access_central_lorule",
          "[hell], hell_access_central_lorule"
        ],
        "children": [
          {
            "name": "Lorule Blacksmith",
            "map_locations": [
              {
                "map": "lorule",
                "x": 614,
                "y": 1065,
                "size": 48
              }
            ],
            "sections": [
              {
                "name": "Stuck to House",
                "item_count": 1,
                //"capture_item": true,
                "access_rules": [
                  //"{}",
                  "merge"
                ],
                "visibility_rules": [
                  "maiamai_map"
                ]
              }
            ]
          },
          {
            "name": "Lorule Fortune-Teller",
            "map_locations": [
              {
                "map": "lorule",
                "x": 600,
                "y": 946,
                "size": 48
              }
            ],
            "sections": [
              {
                "name": "Under Nearby Big Rock",
                "item_count": 1,
                //"capture_item": true,
                "visibility_rules": [
                  "maiamai_map"
                ],
                "access_rules": [
                  "titansmitt"
                ]
              }
            ]
          },
          {
            "name": "Thieves' Town",
            "map_locations": [
              {
                "map": "lorule",
                "x": 466,
                "y": 1172,
                "size": 48
              }
            ],
            "sections": [
              {
                "name": "Dash Tree",
                "item_count": 1,
                //"capture_item": true,
                "visibility_rules": [
                  "maiamai_map"
                ],
                "access_rules": [
                  "boots"
                ]
              }
            ]
          },
          {
            "name": "Thieves' Town",
            "map_locations": [
              {
                "map": "lorule",
                "x": 120,
                "y": 1205,
                "size": 48
              }
            ],
            "sections": [
              {
                "name": "SW Walls",
                "item_count": 1,
                //"capture_item": true,
                "access_rules": [
                  //"{}",
                  "merge"
                ],
                "visibility_rules": [
                  "maiamai_map"
                ]
              }
            ]
          },
          {
            "name": "Bomb Flower Field",
            "map_locations": [
              {
                "map": "lorule",
                "x": 455,
                "y": 1345,
                "size": 48
              }
            ],
            "sections": [
              {
                "name": "Cut the Grass",
                "item_count": 1,
                //"capture_item": true,
                "visibility_rules": [
                  "maiamai_map"
                ]
              }
            ]
          },
          {
            "name": "Lorule Rupee Rush",
            "map_locations": [
              {
                "map": "lorule",
                "x": 114,
                "y": 1288,
                "size": 48
              }
            ],
            "sections": [
              {
                "name": "Northern Wall",
                "item_count": 1,
                //"capture_item": true,
                "access_rules": [
                  //"{}",
                  "merge"
                ],
                "visibility_rules": [
                  "maiamai_map"
                ]
              }
            ]
          },
          {
            "name": "Octoball Derby",
            "map_locations": [
              {
                "map": "lorule",
                "x": 603,
                "y": 1456,
                "size": 48
              }
            ],
            "sections": [
              {
                "name": "Under Skull",
                "item_count": 1,
                //"capture_item": true,
                "visibility_rules": [
                  "maiamai_map"
                ],
                "access_rules": [
                  "[hard]",
                  // Grab a bush from lower screen and throw
                  "fsword",
                  "bow",
                  "boomerang",
                  "hookshot",
                  "bombs",
                  "frod",
                  "irod",
                  "hammer",
                  "srod",
                  "boots",
                  "power_glove"
                ]
              }
            ]
          },
          {
            "name": "Lorule Haunted Grove",
            "map_locations": [
              {
                "map": "lorule",
                "x": 543,
                "y": 1695,
                "size": 48
              }
            ],
            "sections": [
              {
                "name": "Stuck to High Wall",
                "item_count": 1,
                //"capture_item": true,
                "access_rules": [
                  //"{}",
                  "quake, merge"
                ],
                "visibility_rules": [
                  "maiamai_map"
                ]
              }
            ]
          },
          {
            "name": "Vacant House",
            "map_locations": [
              {
                "map": "lorule",
                "x": 903,
                "y": 1411,
                "size": 48
              }
            ],
            "sections": [
              {
                "name": "Under Big Rock",
                "item_count": 1,
                //"capture_item": true,
                "visibility_rules": [
                  "maiamai_map"
                ],
                "access_rules": [
                  "titansmitt"
                ]
              }
            ]
          },
          {
            "name": "Vacant House",
            "map_locations": [
              {
                "map": "lorule",
                "x": 1065,
                "y": 1326,
                "size": 48
              }
            ],
            "sections": [
              {
                "name": "Stuck to Wall Behind House",
                "item_count": 1,
                //"capture_item": true,
                "access_rules": [
                  //"{}",
                  "merge"
                ],
                "visibility_rules": [
                  "maiamai_map"
                ]
              }
            ]
          },
          {
            "name": "Lorule Castle",
            "map_locations": [
              {
                "map": "lorule",
                "x": 1098,
                "y": 1092,
                "size": 48
              }
            ],
            "sections": [
              {
                "name": "Stuck to Castle Wall",
                "item_count": 1,
                //"capture_item": true,
                "access_rules": [
                  //"{}",
                  "merge"
                ],
                "visibility_rules": [
                  "maiamai_map"
                ]
              }
            ]
          },
          {
            "name": "Lorule Castle",
            "map_locations": [
              {
                "map": "lorule",
                "x": 1208,
                "y": 1214,
                "size": 48
              }
            ],
            "sections": [
              {
                "name": "Dash Tree",
                "item_count": 1,
                //"capture_item": true,
                "visibility_rules": [
                  "maiamai_map"
                ],
                "access_rules": [
                  "boots"
                ]
              }
            ]
          },
          {
            "name": "Lorule Southern Ruins",
            "map_locations": [
              {
                "map": "lorule",
                "x": 1215,
                "y": 1573,
                "size": 48
              }
            ],
            "sections": [
              {
                "name": "Stuck to NE Wall",
                "item_count": 1,
                //"capture_item": true,
                "access_rules": [
                  //"{}",
                  "merge"
                ],
                "visibility_rules": [
                  "maiamai_map"
                ]
              }
            ]
          },
          {
            "name": "Lorule Southern Ruins",
            "map_locations": [
              {
                "map": "lorule",
                "x": 952,
                "y": 1650,
                "size": 48
              }
            ],
            "sections": [
              {
                "name": "Submerged in Pond",
                "item_count": 1,
                //"capture_item": true,
                "visibility_rules": [
                  "maiamai_map"
                ],
                "access_rules": [
                  //"{}",
                  "flippers"
                ]
              }
            ]
          },
          {
            "name": "Lorule Southern Ruins",
            "map_locations": [
              {
                "map": "lorule",
                "x": 1139,
                "y": 1789,
                "size": 48
              }
            ],
            "sections": [
              {
                "name": "Dash Pillars",
                "item_count": 1,
                //"capture_item": true,
                "visibility_rules": [
                  "maiamai_map"
                ],
                "access_rules": [
                  //"{}",
                  "boots"
                ]
              }
            ]
          }
        ]
      },
      // Misery Mire - 3
      {
        "name": "Misery Mire",
        "access_rules": [
          "$access_misery_mire"
        ],
        "children": [
          {
            "name": "Misery Mire",
            "map_locations": [
              {
                "map": "lorule",
                "x": 460,
                "y": 1800,
                "size": 48
              }
            ],
            "sections": [
              {
                "name": "Behind Weather Vane",
                "item_count": 1,
                "access_rules": [
                  "merge"
                ],
                //"capture_item": true,
                "visibility_rules": [
                  "maiamai_map"
                ]
              }
            ]
          },
          {
            "name": "Misery Mire",
            "map_locations": [
              {
                "map": "lorule",
                "x": 134,
                "y": 1902,
                "size": 48
              }
            ],
            "sections": [
              {
                "name": "Submerged Underwater",
                "item_count": 1,
                //"capture_item": true,
                "visibility_rules": [
                  "maiamai_map"
                ],
                "access_rules": [
                  //"{}",
                  "flippers"
                ]
              }
            ]
          },
          {
            "name": "Misery Mire",
            "map_locations": [
              {
                "map": "lorule",
                "x": 658,
                "y": 1923,
                "size": 48
              }
            ],
            "sections": [
              {
                "name": "Under Portal Big Rock",
                "item_count": 1,
                //"capture_item": true,
                "visibility_rules": [
                  "maiamai_map"
                ],
                "access_rules": [
                  "titansmitt"
                ]
              }
            ]
          }
        ]
      },
      // Lorule Lake - 5
      {
        "name": "Lorule Lake",
        "access_rules": [
          "merge"
        ],
        "children": [
          {
            "name": "Near Lake Shop",
            "map_locations": [
              {
                "map": "lorule",
                "x": 1344,
                "y": 1790,
                "size": 48
              }
            ],
            "sections": [
              {
                "name": "Turtle Rock Area",
                "item_count": 1,
                "access_rules": [
                  "not_portal_shuffle, quake",
                  "portal_shuffle, portal_lake_lorule",
                  "portal_shuffle, portal_river_lorule, flippers",
                  "portal_shuffle, portal_lorule_hotfoot, flippers",
                  "$warpLorule, bell, wv_turtle, flippers",
                  "[glitched], $glitched_access_dark_ruins, $boost, flippers",
                  "[advanced], $advanced_access_dark_ruins, $fakeFlippers",
                  "[hell], $hell_access_dark_ruins, $beeFakeFlippers",
                  "[advanced], portal_shuffle, portal_lorule_hotfoot, $fakeFlippers",
                  "[hell], portal_shuffle, portal_lorule_hotfoot, $beeFakeFlippers"
                ],
                //"capture_item": true,
                "visibility_rules": [
                  "maiamai_map"
                ]
              }
            ]
          },
          {
            "name": "Under SW Big Rock",
            "map_locations": [
              {
                "map": "lorule",
                "x": 1351,
                "y": 1950,
                "size": 48
              }
            ],
            "sections": [
              {
                "name": "Turtle Rock Area",
                "item_count": 1,
                //"capture_item": true,
                "visibility_rules": [
                  "maiamai_map"
                ],
                "access_rules": [
                  "titansmitt, not_portal_shuffle, quake",
                  "titansmitt, portal_shuffle, portal_lake_lorule",
                  "titansmitt, portal_shuffle, portal_river_lorule, flippers",
                  "titansmitt, portal_shuffle, portal_lorule_hotfoot, flippers",
                  "titansmitt, $warpLorule, bell, wv_turtle, flippers",
                  "titansmitt, [glitched], $glitched_access_dark_ruins, $boost, flippers",
                  "titansmitt, [advanced], $advanced_access_dark_ruins, $fakeFlippers",
                  "titansmitt, [hell], $hell_access_dark_ruins, $beeFakeFlippers",
                  "titansmitt, [advanced], portal_shuffle, portal_lorule_hotfoot, $fakeFlippers",
                  "titansmitt, [hell], $hell_access_dark_ruins, $beeBoost, scroll",
                  "titansmitt, [hell], portal_shuffle, portal_lorule_hotfoot"
                ]
              }
            ]
          },
          {
            "name": "Stuck to SE Wall",
            "map_locations": [
              {
                "map": "lorule",
                "x": 1906,
                "y": 1971,
                "size": 48
              }
            ],
            "sections": [
              {
                "name": "Turtle Rock Area",
                "item_count": 1,
                "access_rules": [
                  "not_portal_shuffle, quake",
                  "portal_shuffle, portal_lake_lorule, flippers",
                  "portal_shuffle, portal_river_lorule, flippers",
                  "portal_shuffle, portal_lorule_hotfoot",
                  "$warpLorule, bell, wv_turtle, flippers",
                  "[glitched], $glitched_access_dark_ruins, $boost, flippers",
                  "[glitched], $glitched_access_dark_ruins, $boost, scroll",
                  "[advanced], $advanced_access_dark_ruins, $fakeFlippers",
                  "[hell], $hell_access_dark_ruins, $beeBoost, scroll",
                  "[hell], $hell_access_dark_ruins, $beeFakeFlippers"
                ],
                //"capture_item": true,
                "visibility_rules": [
                  "maiamai_map"
                ]
              }
            ]
          },
          {
            "name": "East Ledge Skull",
            "map_locations": [
              {
                "map": "lorule",
                "x": 1773,
                "y": 1616,
                "size": 48
              }
            ],
            "sections": [
              {
                "name": "Turtle Rock Area",
                "item_count": 1,
                "access_rules": [
                  "not_portal_shuffle, quake",
                  "portal_shuffle, portal_lake_lorule, flippers",
                  "portal_shuffle, portal_river_lorule, flippers",
                  "portal_shuffle, portal_lorule_hotfoot",
                  "$warpLorule, bell, wv_turtle, flippers",
                  "[glitched], $glitched_access_dark_ruins, $boost, flippers",
                  "[glitched], $glitched_access_dark_ruins, $boost, scroll",
                  "[advanced], $advanced_access_dark_ruins, $fakeFlippers",
                  "[hell], $hell_access_dark_ruins, $beeBoost, scroll",
                  "[hell], $hell_access_dark_ruins, $beeFakeFlippers"
                ],
                //"capture_item": true,
                "visibility_rules": [
                  "maiamai_map"
                ]
              }
            ]
          },
          {
            "name": "Lake Rupee Ring",
            "map_locations": [
              {
                "map": "lorule",
                "x": 1675,
                "y": 1698,
                "size": 48
              }
            ],
            "sections": [
              {
                "name": "Turtle Rock Area",
                "item_count": 1,
                //"capture_item": true,
                "visibility_rules": [
                  "maiamai_map"
                ],
                "access_rules": [
                  //"{}",
                  "not_portal_shuffle, quake, flippers",
                  "portal_shuffle, portal_lake_lorule, flippers",
                  "portal_shuffle, portal_river_lorule, flippers",
                  "portal_shuffle, portal_lorule_hotfoot, flippers",
                  "[advanced], portal_shuffle, portal_lorule_hotfoot, $fakeFlippers",
                  "[hell], portal_shuffle, portal_lorule_hotfoot, $beeFakeFlippers",
                  "$warpLorule, bell, wv_turtle, flippers",
                  "[glitched], $glitched_access_dark_ruins, $boost, flippers",
                  "[advanced], $advanced_access_dark_ruins, $fakeFlippers",
                  "[hell], $hell_access_dark_ruins, $beeFakeFlippers"
                ]
              }
            ]
          }
        ]
      }
    ]
  }
]