[
  {
    "name": "Lorule Overworld",
    "chest_unopened_img": "images/checks/chest_small_unopened.png",
    "chest_opened_img": "images/checks/chest_small_opened.png",
    "children": [
      {
        "name": "Skull Woods Region",
        "access_rules": [
          "merge"
        ],
        "children": [
          {
            "name": "Skull Woods Region",
            "map_locations": [
              {
                "map": "lorule",
                "x": 343,
                "y": 879
              }
            ],
            "sections": [
              {
                "name": "Canyon Heart Piece",
                //"capture_item": true,
                "access_rules": [
                  "merge"
                ],
                "item_count": 1
              }
            ]
          },
          {
            "name": "Skull Woods Region",
            "map_locations": [
              {
                "map": "lorule",
                "x": 654,
                "y": 158
              }
            ],
            "sections": [
              {
                "name": "Dark Cucco Shack",
                //"capture_item": true,
                "item_count": 1
              }
            ]
          },
          {
            "name": "Mysterious Man",
            "map_locations": [
              {
                "map": "lorule",
                "x": 192,
                "y": 72
              }
            ],
            "sections": [
              {
                "name": "Golden Bee (888)",
                "hosted_item": "goldenbee",
                "access_rules": [
                  "bottle_1"
                ],
                "item_count": 0
              }
            ]
          }
        ]
      },
      {
        "name": "Lorule Death Mountain",
        "access_rules": [
          "powerglove, merge",
          "[basic], merge"
        ],
        "children": [
          {
            "name": "Lorule Death Mountain",
            "map_locations": [
              {
                "map": "lorule",
                "x": 1147,
                "y": 248
              }
            ],
            "sections": [
              {
                "name": "Ice Gimos Fight",
                "access_rules": [
                  "$margomill"
                ],
                "item_count": 1
              }
            ]
          },
          {
            "name": "Treacherous Tower",
            "map_locations": [
              {
                "map": "lorule",
                "x": 1149,
                "y": 83
              }
            ],
            "sections": [
              {
                "name": "Intermediate",
                "access_rules": [
                  "$attack, bombs",
                  "$attack, hammer",
                  "$attack, trod"
                ],
                "item_count": 1,
                "visibility_rules": [
                  "minigames_enabled"
                ]
              }
            ]
          },
          {
            "name": "Lorule Death Mountain",
            "map_locations": [
              {
                "map": "lorule",
                "x": 1061,
                "y": 348
              }
            ],
            "sections": [
              {
                "name": "West Ledge Chest",
                "item_count": 1
              }
            ]
          },
          {
            "name": "Lorule Death Mountain",
            "map_locations": [
              {
                "map": "lorule",
                "x": 1319,
                "y": 140
              }
            ],
            "sections": [
              {
                "name": "Behind Ice Gimos Trio",
                "access_rules": [
                  "{csmc, hookshot}",
                  "hookshot, frod"
                ],
                "item_count": 1
              }
            ]
          },
          {
            "name": "Lorule Death Mountain",
            "map_locations": [
              {
                "map": "lorule",
                "x": 1693,
                "y": 222
              }
            ],
            "sections": [
              {
                "name": "East Cliff Chest",
                "access_rules": [
                  "{csmc, hookshot}",
                  "hookshot, trod"
                ],
                "item_count": 1
              }
            ]
          }
        ]
      },
      {
        "name": "Graveyard",
        "children": [
          {
            "name": "Lorule Sanctuary",
            "access_rules": [
              "titansmitt, merge, lamp, $attack",
              "titansmitt, merge, frod, $lampless",
            ],
            "map_locations": [
              {
                "map": "lorule",
                "x": 1221,
                "y": 620
              }
            ],
            "sections": [
              {
                "name": "Entrance Chest",
                "item_count": 1
              },
              {
                "name": "Lower Chest",
                "item_count": 1
              },
              {
                "name": "Upper Chest",
                "item_count": 1
              },
              {
                "name": "Ledge Key",
                //"capture_item": true,
                "item_count": 1
              }
            ]
          },
          {
            "name": "Philosopher's Cave",
            "map_locations": [
              {
                "map": "lorule",
                "x": 954,
                "y": 584
              }
            ],
            "sections": [
              {
                "name": "Big Chest",
                "chest_unopened_img": "images/checks/chest_big_unopened.png",
                "chest_opened_img": "images/checks/chest_big_opened.png",
                "access_rules": [
                  "{csmc, merge, lamp, $attack_normal}",
                  "{csmc, merge, lamp, hard}",
                  "{csmc, merge, frod, lampless}",
                  "titansmitt, merge, lamp, $attack",
                  "titansmitt, merge, frod, $lampless"
                ],
                "item_count": 1
              }
            ]
          },
          {
            "name": "Graveyard",
            "map_locations": [
              {
                "map": "lorule",
                "x": 1337,
                "y": 892
              }
            ],
            "sections": [
              {
                "name": "Peninsula Chest",
                "access_rules": [
                  "{csmc, merge}",
                  "merge, lamp, $attack",
                  "merge, frod, $lampless"
                ],
                "item_count": 1
              }
            ]
          }
        ]
      },
      {
        "name": "Dark Ruins",
        "access_rules": [
          "merge"
        ],
        "children": [
          {
            "name": "Ku's Domain",
            "map_locations": [
              {
                "map": "lorule",
                "x": 1836,
                "y": 562
              }
            ],
            "sections": [
              {
                "name": "Scared Hinox Cave",
                "item_count": 6
              }
            ]
          },
          {
            "name": "Ku's Domain",
            "map_locations": [
              {
                "map": "lorule",
                "x": 1904,
                "y": 403
              }
            ],
            "sections": [
              {
                "name": "Fight",
                "access_rules": [
                  "bow",
                  "bombs",
                  "[hard], $attack"
                ],
                "item_count": 1
              }
            ]
          },
          {
            "name": "Dark Maze",
            "map_locations": [
              {
                "map": "lorule",
                "x": 1652,
                "y": 1003
              }
            ],
            "sections": [
              {
                "name": "Chest",
                "item_count": 1
              }
            ]
          },
          {
            "name": "Dark Maze",
            "map_locations": [
              {
                "map": "lorule",
                "x": 1806,
                "y": 873
              }
            ],
            "sections": [
              {
                "name": "Ledge",
                "capture_item": true,
                "item_count": 1
              }
            ]
          }
        ]
      },
      {
        "name": "Lorule Castle Area",
        "access_rules": [
          "merge"
        ],
        "children": [
          {
            "name": "Lorule Blacksmith",
            "map_locations": [
              {
                "map": "lorule",
                "x": 643,
                "y": 1065
              }
            ],
            "sections": [
              {
                "name": "Give 2 more Master Ore",
                "access_rules": [
                  "blacksmith, ore_4"
                ],
                "item_count": 1
              }
            ]
          },
          //      {
          //        "name": "Fortune's Choice",
          //        "map_locations": [
          //          {
          //            "map": "lorule",
          //            "x": 446,
          //            "y": 1070
          //          }
          //        ],
          //        "sections": [
          //          {
          //            "name": "Win Game",
          //            "item_count": 1
          //          }
          //        ]
          //      },
          {
            "name": "Vacant House",
            "map_locations": [
              {
                "map": "lorule",
                "x": 968,
                "y": 1316
              }
            ],
            "sections": [
              {
                "name": "Treasure Dungeon",
                "chest_unopened_img": "images/checks/chest_big_unopened.png",
                "chest_opened_img": "images/checks/chest_big_opened.png",
                "access_rules": [
                  "{csmc}",
                  "boots",
                  "[hard], bombs",
                  "[hard], boomerang",
                  "[hard], msword",
                  "[], nicebow",
                  "[], niceirod"
                ],
                "item_count": 1
              }
            ]
          },
          {
            "name": "Vacant House",
            "map_locations": [
              {
                "map": "lorule",
                "x": 1115,
                "y": 1370
              }
            ],
            "sections": [
              {
                "name": "",
                "access_rules": [
                  "{csmc}",
                  "bombs",
                  "[hard]"
                ],
                "item_count": 1
              }
            ]
          },
          {
            "name": "Lorule Southern Ruins",
            "map_locations": [
              {
                "map": "lorule",
                "x": 1027,
                "y": 1574
              }
            ],
            "sections": [
              {
                "name": "Thief Girl Cave",
                "access_rules": [
                  "osfala"
                ],
                "item_count": 1
              }
            ]
          },
          {
            "name": "Lorule Southern Ruins",
            "map_locations": [
              {
                "map": "lorule",
                "x": 1200,
                "y": 1839
              }
            ],
            "sections": [
              {
                "name": "Big Bomb Cave",
                //"capture_item": true,
                "item_count": 3
              }
            ]
          },
          {
            "name": "Lorule Haunted Grove",
            "map_locations": [
              {
                "map": "lorule",
                "x": 598,
                "y": 1650
              }
            ],
            "sections": [
              {
                "name": "Hookshot Chest",
                "access_rules": [
                  "{csmc}",
                  "merge, hookshot"
                ],
                "item_count": 1
              }
            ]
          },
          {
            "name": "Lorule Haunted Grove",
            "map_locations": [
              {
                "map": "lorule",
                "x": 598,
                "y": 1690
              }
            ],
            "sections": [
              {
                "name": "Big Bomb Cave",
                "item_count": 1
              }
            ]
          },
          {
            "name": "Octoball Derby",
            "map_locations": [
              {
                "map": "lorule",
                "x": 658,
                "y": 1465
              }
            ],
            "sections": [
              {
                "name": "Score 100+",
                "item_count": 1,
                "visibility_rules": [
                  "minigames_enabled"
                ]
              }
            ]
          },
          {
            "name": "Lorule Rupee Rush",
            "map_locations": [
              {
                "map": "lorule",
                "x": 233,
                "y": 1479
              }
            ],
            "sections": [
              {
                "name": "Score 150+",
                "access_rules": [
                ],
                "item_count": 1,
                "visibility_rules": [
                  "minigames_enabled"
                ]
              }
            ]
          },
          {
            "name": "Rupee Fairy",
            "map_locations": [
              {
                "map": "lorule",
                "x": 339,
                "y": 1313
              }
            ],
            "sections": [
              {
                "name": "Give 3000 Rupees",
                "item_count": 1
              }
            ]
          }
        ]
      },
      {
        "name": "Misery Mire",
        "access_rules": [
          "merge"
        ],
        "children": [
          {
            "name": "Misery Mire",
            "map_locations": [
              {
                "map": "lorule",
                "x": 706,
                "y": 1791
              }
            ],
            "sections": [
              {
                "name": "Treasure Dungeon",
                "access_rules": [
                  "{csmc}",
                  "srod, trod"
                ],
                "item_count": 1
              }
            ]
          },
          {
            "name": "Misery Mire",
            "map_locations": [
              {
                "map": "hyrule",
                "x": 292,
                "y": 1543
              },
              {
                "map": "lorule",
                "x": 340,
                "y": 1590
              }
            ],
            "sections": [
              {
                "name": "Ledge",
                //"capture_item": true,
                "access_rules": [
                  //"{}",
                  "srod, bombs",
                  "[hard], bombs, merge, scroll",
                  "[basic], nicebombs",
                  "[basic], bombs, frod",
                  "[basic], frod, boots",
                  "[advanced], bombs"
                ],
                "item_count": 1
              }
            ]
          }
        ]
      },
      {
        "name": "Lorule Lake",
        "access_rules": [
          "merge"
        ],
        "children": [
          {
            "name": "Lorule Lake",
            "map_locations": [
              {
                "map": "lorule",
                "x": 1344,
                "y": 1470
              }
            ],
            "sections": [
              {
                "name": "Canyon Overlook Chest",
                "item_count": 1
              }
            ]
          },
          {
            "name": "Lorule Lake",
            "map_locations": [
              {
                "map": "lorule",
                "x": 1695,
                "y": 1595
              }
            ],
            "sections": [
              {
                "name": "Lakeview Chest",
                "item_count": 1
              }
            ]
          }
        ]
      }
    ]
  }
]