[
  {
    "name": "Dark Palace",
    "color": "#41c341",
    "chest_unopened_img": "images/checks/chest_small_unopened.png",
    "chest_opened_img": "images/checks/chest_small_opened.png",
    "access_rules": [
      "$access_dark_ruins, bombs",
      "[glitched], $glitched_access_dark_ruins, bombs",
      "[advanced], $advanced_access_dark_ruins, bombs",
      "[hell], $hell_access_dark_ruins, bombs"
    ],
    "children": [
      {
        "name": "Dark Palace",
        "map_locations": [
          {
            "map": "dark1F",
            "x": 106,
            "y": 103
          }
        ],
        "sections": [
          {
            "name": "(1F) Right Pit",
            "hosted_item": "pod_chest_01",
            "access_rules": [
              "bombs"
            ]
          }
        ]
      },
      {
        "name": "Dark Palace Dark Rooms",
        "access_rules": [
          "$lampless"
        ],
        "children": [
          {
            "name": "Dark Palace",
            "map_locations": [
              {
                "map": "dark1F",
                "x": 71,
                "y": 103
              }
            ],
            "sections": [
              {
                "name": "(1F) Left Pit",
                //"capture_item": true,
                "hosted_item": "pod_chest_02"
              }
            ]
          },
          {
            "name": "Dark Palace",
            "map_locations": [
              {
                "map": "dark1F",
                "x": 36,
                "y": 59
              }
            ],
            "sections": [
              {
                "name": "(1F) Switch Puzzle",
                "access_rules": [
                  "pd_small_keys:1"
                ],
                "hosted_item": "pod_chest_03"
              }
            ]
          },
          {
            "name": "Dark Palace",
            "map_locations": [
              {
                "map": "dark1F",
                "x": 141,
                "y": 91
              }
            ],
            "sections": [
              {
                "name": "(1F) Hidden Room (Upper)",
                "access_rules": [
                  "bombs, pd_small_keys:1"
                ],
                "hosted_item": "pod_chest_04"
              }
            ]
          },
          {
            "name": "Dark Palace",
            "map_locations": [
              {
                "map": "dark1F",
                "x": 124,
                "y": 82
              }
            ],
            "sections": [
              {
                "name": "(1F) Hidden Room (Lower)",
                "access_rules": [
                  "pd_small_keys:1"
                ],
                "hosted_item": "pod_chest_05"
              }
            ]
          },
          {
            "name": "Dark Palace",
            "map_locations": [
              {
                "map": "dark1F",
                "x": 109,
                "y": 47
              }
            ],
            "sections": [
              {
                "name": "(1F) Fall From 2F",
                "access_rules": [
                  "bombs, pd_small_keys:4",
                  "hammer, pd_small_keys:4",
                  "[], bombs, pd_small_keys:2",
                  "[], hammer, pd_small_keys:2"
                ],
                "hosted_item": "pod_chest_06"
              }
            ]
          },
          {
            "name": "Dark Palace",
            "map_locations": [
              {
                "map": "dark2F",
                "x": 88,
                "y": 65
              }
            ],
            "sections": [
              {
                "name": "(2F) Big Chest (Hidden)",
                "chest_unopened_img": "images/chest_big_unopened.png",
                "chest_opened_img": "images/chest_big_opened.png",
                "access_rules": [
                  "bombs, pd_small_keys:4",
                  "[], bombs, pd_small_keys:2"
                ],
                "hosted_item": "pod_chest_07"
              }
            ]
          },
          {
            "name": "Dark Palace",
            "map_locations": [
              {
                "map": "dark2F",
                "x": 119,
                "y": 98
              }
            ],
            "sections": [
              {
                "name": "(2F) Alcove",
                "access_rules": [
                  "merge, pd_small_keys:4",
                  "[], merge, pd_small_keys:2"
                ],
                "hosted_item": "pod_chest_08"
              }
            ]
          },
          {
            "name": "Dark Palace",
            "map_locations": [
              {
                "map": "darkB1",
                "x": 98,
                "y": 42
              }
            ],
            "sections": [
              {
                "name": "(B1) Fall From 1F",
                //"capture_item": true,
                "access_rules": [
                  //"{}",
                  "bombs, pd_small_keys:1",
                  "hammer, pd_small_keys:1"
                ],
                "hosted_item": "pod_chest_09"
              }
            ]
          },
          {
            "name": "Dark Palace",
            "map_locations": [
              {
                "map": "darkB1",
                "x": 149,
                "y": 70
              }
            ],
            "sections": [
              {
                "name": "(B1) Helmasaur Room (Fall)",
                "access_rules": [
                  "bombs, pd_small_keys:1",
                  "hammer, pd_small_keys:1"
                ],
                "hosted_item": "pod_chest_10"
              }
            ]
          },
          {
            "name": "Dark Palace",
            "map_locations": [
              {
                "map": "darkB1",
                "x": 149,
                "y": 31
              }
            ],
            "sections": [
              {
                "name": "(B1) Helmasaur Room",
                "access_rules": [
                  "pd_small_keys:1"
                ],
                //"capture_item": true,
                "hosted_item": "pod_chest_11"
              }
            ]
          },
          {
            "name": "Dark Palace",
            "map_locations": [
              {
                "map": "darkB1",
                "x": 32,
                "y": 71
              }
            ],
            "sections": [
              {
                "name": "(B1) Glow-in-the-Dark Maze",
                "access_rules": [
                  "merge, pd_small_keys:1"
                ],
                "hosted_item": "pod_chest_12"
              }
            ]
          },
          {
            "name": "Dark Palace",
            "map_locations": [
              {
                "map": "darkB1",
                "x": 44,
                "y": 89
              }
            ],
            "sections": [
              {
                "name": "(B1) Bomb Bowling",
                "chest_unopened_img": "images/chest_big_unopened.png",
                "chest_opened_img": "images/chest_big_opened.png",
                "access_rules": [
                  "bombs, pd_small_keys:4",
                  "[], bombs, pd_small_keys:2"
                ],
                "hosted_item": "pod_chest_13"
              }
            ]
          },
          {
            "name": "Dark Palace",
            "map_locations": [
              {
                "map": "darkB1",
                "x": 88,
                "y": 58,
                "size": 20
              }
            ],
            "sections": [
              {
                "name": "Pendant of Power",
                "hosted_item": "power",
                "access_rules": [
                  "bombs, $fire, pd_small_keys:4, pd_big_key",
                  "[], bombs, $fire, pd_small_keys:1, pd_big_key"
                ],
                "visibility_rules": [
                  "label_power_pd"
                ]
              },
              {
                "name": "Pendant of Wisdom",
                "hosted_item": "wisdom",
                "access_rules": [
                  "bombs, $fire, pd_small_keys:4, pd_big_key",
                  "[], bombs, $fire, pd_small_keys:1, pd_big_key"
                ],
                "visibility_rules": [
                  "label_wisdom_pd"
                ]
              },
              {
                "name": "Pendant of Courage",
                "hosted_item": "courage",
                "access_rules": [
                  "bombs, $fire, pd_small_keys:4, pd_big_key",
                  "[], bombs, $fire, pd_small_keys:1, pd_big_key"
                ],
                "visibility_rules": [
                  "label_courage_pd"
                ]
              },
              {
                "name": "Gulley",
                "hosted_item": "gulley",
                "access_rules": [
                  "bombs, $fire, pd_small_keys:4, pd_big_key",
                  "[], bombs, $fire, pd_small_keys:1, pd_big_key"
                ],
                "visibility_rules": [
                  "label_gulley_pd"
                ]
              },
              {
                "name": "Oren",
                "hosted_item": "oren",
                "access_rules": [
                  "bombs, $fire, pd_small_keys:4, pd_big_key",
                  "[], bombs, $fire, pd_small_keys:1, pd_big_key"
                ],
                "visibility_rules": [
                  "label_oren_pd"
                ]
              },
              {
                "name": "Seres",
                "hosted_item": "seres",
                "access_rules": [
                  "bombs, $fire, pd_small_keys:4, pd_big_key",
                  "[], bombs, $fire, pd_small_keys:1, pd_big_key"
                ],
                "visibility_rules": [
                  "label_seres_pd"
                ]
              },
              {
                "name": "Osfala",
                "hosted_item": "osfala",
                "access_rules": [
                  "bombs, $fire, pd_small_keys:4, pd_big_key",
                  "[], bombs, $fire, pd_small_keys:1, pd_big_key"
                ],
                "visibility_rules": [
                  "label_osfala_pd"
                ]
              },
              {
                "name": "Impa",
                "hosted_item": "impa",
                "access_rules": [
                  "bombs, $fire, pd_small_keys:4, pd_big_key",
                  "[], bombs, $fire, pd_small_keys:1, pd_big_key"
                ],
                "visibility_rules": [
                  "label_impa_pd"
                ]
              },
              {
                "name": "Irene",
                "hosted_item": "irene",
                "access_rules": [
                  "bombs, $fire, pd_small_keys:4, pd_big_key",
                  "[], bombs, $fire, pd_small_keys:1, pd_big_key"
                ],
                "visibility_rules": [
                  "label_irene_pd"
                ]
              },
              {
                "name": "Rosso",
                "hosted_item": "rosso",
                "access_rules": [
                  "bombs, $fire, pd_small_keys:4, pd_big_key",
                  "[], bombs, $fire, pd_small_keys:1, pd_big_key"
                ],
                "visibility_rules": [
                  "label_rosso_pd"
                ]
              }
            ]
          },
          {
            "name": "Dark Palace",
            "map_locations": [
              {
                "map": "darkB1",
                "x": 88,
                "y": 68
              }
            ],
            "sections": [
              {
                "name": "Gemesaur King",
                "access_rules": [
                  "bombs, $fire, pd_small_keys:4, pd_big_key",
                  "[], bombs, $fire, pd_small_keys:1, pd_big_key"
                ],
                //"capture_item": true,
                "hosted_item": "pod_chest_14"
              }
            ]
          }
        ]
      },
      {
        "name": "Dark Palace",
        "map_locations": [
          {
            "map": "lorule",
            "x": 1921,
            "y": 852
          }
        ],
        "sections": [
          {
            "name": "(1F) Right Pit",
            "hosted_item": "pod_chest_01",
            "access_rules": [
              "bombs"
            ]
          },
          // todo add $lampless
          {
            "name": "(1F) Left Pit",
            "access_rules": [
              "$lampless"
            ],
            //"capture_item": true,
            "hosted_item": "pod_chest_02"
          },
          {
            "name": "(1F) Switch Puzzle",
            "access_rules": [
              "pd_small_keys:1, $lampless"
            ],
            "hosted_item": "pod_chest_03"
          },
          {
            "name": "(1F) Hidden Room (Upper)",
            "access_rules": [
              "bombs, pd_small_keys:1, $lampless"
            ],
            "hosted_item": "pod_chest_04"
          },
          {
            "name": "(1F) Hidden Room (Lower)",
            "access_rules": [
              "pd_small_keys:1, $lampless"
            ],
            "hosted_item": "pod_chest_05"
          },
          {
            "name": "(1F) Fall From 2F",
            "access_rules": [
              "bombs, pd_small_keys:4, $lampless",
              "hammer, pd_small_keys:4, $lampless",
              "[], bombs, pd_small_keys:2, $lampless",
              "[], hammer, pd_small_keys:2, $lampless"
            ],
            "hosted_item": "pod_chest_06"
          },
          {
            "name": "(2F) Big Chest (Hidden)",
            "chest_unopened_img": "images/chest_big_unopened.png",
            "chest_opened_img": "images/chest_big_opened.png",
            "access_rules": [
              "bombs, pd_small_keys:4, $lampless",
              "[], bombs, pd_small_keys:2, $lampless"
            ],
            "hosted_item": "pod_chest_07"
          },
          {
            "name": "(2F) Alcove",
            "access_rules": [
              "merge, pd_small_keys:4, $lampless",
              "[], merge, pd_small_keys:2, $lampless"
            ],
            "hosted_item": "pod_chest_08"
          },
          {
            "name": "(B1) Fall From 1F",
            //"capture_item": true,
            "access_rules": [
              //"{}",
              "bombs, pd_small_keys:1, $lampless",
              "hammer, pd_small_keys:1, $lampless"
            ],
            "hosted_item": "pod_chest_09"
          },
          {
            "name": "(B1) Helmasaur Room (Fall)",
            "access_rules": [
              "bombs, pd_small_keys:1, $lampless",
              "hammer, pd_small_keys:1, $lampless"
            ],
            "hosted_item": "pod_chest_10"
          },
          {
            "name": "(B1) Helmasaur Room",
            "access_rules": [
              "pd_small_keys:1, $lampless"
            ],
            //"capture_item": true,
            "hosted_item": "pod_chest_11"
          },
          {
            "name": "(B1) Glow-in-the-Dark Maze",
            "access_rules": [
              "merge, pd_small_keys:1, $lampless"
            ],
            "hosted_item": "pod_chest_12"
          },
          {
            "name": "(B1) Bomb Bowling",
            "chest_unopened_img": "images/chest_big_unopened.png",
            "chest_opened_img": "images/chest_big_opened.png",
            "access_rules": [
              "bombs, pd_small_keys:4, $lampless",
              "[], bombs, pd_small_keys:2, $lampless"
            ],
            "hosted_item": "pod_chest_13"
          },
          {
            "name": "Gemesaur King",
            "access_rules": [
              "bombs, $fire, pd_small_keys:4, pd_big_key, $lampless",
              "[], bombs, $fire, pd_small_keys:1, pd_big_key, $lampless"
            ],
            //"capture_item": true,
            "hosted_item": "pod_chest_14"
          },
          {
            "name": "Pendant of Power",
            "hosted_item": "power",
            "access_rules": [
              "bombs, $fire, pd_small_keys:4, pd_big_key, $lampless",
              "[], bombs, $fire, pd_small_keys:1, pd_big_key, $lampless"
            ],
            "visibility_rules": [
              "label_power_pd"
            ]
          },
          {
            "name": "Pendant of Wisdom",
            "hosted_item": "wisdom",
            "access_rules": [
              "bombs, $fire, pd_small_keys:4, pd_big_key, $lampless",
              "[], bombs, $fire, pd_small_keys:1, pd_big_key, $lampless"
            ],
            "visibility_rules": [
              "label_wisdom_pd"
            ]
          },
          {
            "name": "Pendant of Courage",
            "hosted_item": "courage",
            "access_rules": [
              "bombs, $fire, pd_small_keys:4, pd_big_key, $lampless",
              "[], bombs, $fire, pd_small_keys:1, pd_big_key, $lampless"
            ],
            "visibility_rules": [
              "label_courage_pd"
            ]
          },
          {
            "name": "Gulley",
            "hosted_item": "gulley",
            "access_rules": [
              "bombs, $fire, pd_small_keys:4, pd_big_key, $lampless",
              "[], bombs, $fire, pd_small_keys:1, pd_big_key, $lampless"
            ],
            "visibility_rules": [
              "label_gulley_pd"
            ]
          },
          {
            "name": "Oren",
            "hosted_item": "oren",
            "access_rules": [
              "bombs, $fire, pd_small_keys:4, pd_big_key, $lampless",
              "[], bombs, $fire, pd_small_keys:1, pd_big_key, $lampless"
            ],
            "visibility_rules": [
              "label_oren_pd"
            ]
          },
          {
            "name": "Seres",
            "hosted_item": "seres",
            "access_rules": [
              "bombs, $fire, pd_small_keys:4, pd_big_key, $lampless",
              "[], bombs, $fire, pd_small_keys:1, pd_big_key, $lampless"
            ],
            "visibility_rules": [
              "label_seres_pd"
            ]
          },
          {
            "name": "Osfala",
            "hosted_item": "osfala",
            "access_rules": [
              "bombs, $fire, pd_small_keys:4, pd_big_key, $lampless",
              "[], bombs, $fire, pd_small_keys:1, pd_big_key, $lampless"
            ],
            "visibility_rules": [
              "label_osfala_pd"
            ]
          },
          {
            "name": "Impa",
            "hosted_item": "impa",
            "access_rules": [
              "bombs, $fire, pd_small_keys:4, pd_big_key, $lampless",
              "[], bombs, $fire, pd_small_keys:1, pd_big_key, $lampless"
            ],
            "visibility_rules": [
              "label_impa_pd"
            ]
          },
          {
            "name": "Irene",
            "hosted_item": "irene",
            "access_rules": [
              "bombs, $fire, pd_small_keys:4, pd_big_key, $lampless",
              "[], bombs, $fire, pd_small_keys:1, pd_big_key, $lampless"
            ],
            "visibility_rules": [
              "label_irene_pd"
            ]
          },
          {
            "name": "Rosso",
            "hosted_item": "rosso",
            "access_rules": [
              "bombs, $fire, pd_small_keys:4, pd_big_key, $lampless",
              "[], bombs, $fire, pd_small_keys:1, pd_big_key, $lampless"
            ],
            "visibility_rules": [
              "label_rosso_pd"
            ]
          }
        ]
      }
    ]
  }
]