[
  {
    "name": "Tower of Hera",
    "color": "#FF0000",
    "chest_unopened_img": "images/checks/chest_small_unopened.png",
    "chest_opened_img": "images/checks/chest_small_opened.png",
    "access_rules": [
      "$access_dm_west_top, hammer",
      "[advanced], hammer, $adv_glitched_access_dm_west_top",
      "[hell], hammer, $hell_access_dm_west_top"
    ],
    "children": [
      {
        "name": "Tower of Hera",
        "map_locations": [
          {
            "map": "hera1F",
            "x": 82,
            "y": 27
          }
        ],
        "sections": [
          {
            "name": "1F Window Chest",
            "item_count": 1,
            "access_rules": [
              "merge",
              "[advanced], fsword, bombs, trod"
            ]
          }
        ]
      },
      {
        "name": "Tower of Hera",
        "map_locations": [
          {
            "map": "hera1F",
            "x": 93,
            "y": 78
          }
        ],
        "sections": [
          {
            "name": "1F Center Chest",
            "item_count": 1,
            "access_rules": [
              "merge",
              "[advanced], fsword, bombs"
            ]
          }
        ]
      },
      {
        "name": "Tower of Hera",
        "map_locations": [
          {
            "map": "hera3F",
            "x": 93,
            "y": 83
          }
        ],
        "sections": [
          {
            "name": "3F Center",
            //"capture_item": true,
            "item_count": 1,
            "access_rules": [
              "merge",
              "[advanced], fsword, bombs"
            ]
          }
        ]
      },
      {
        "name": "Tower of Hera",
        "map_locations": [
          {
            "map": "hera5F",
            "x": 127,
            "y": 96
          }
        ],
        "sections": [
          {
            "name": "5F Red/Blue Chest",
            "item_count": 1,
            "access_rules": [
              "merge",
              "[advanced], fsword, bombs, trod"
            ]
          }
        ]
      },
      {
        "name": "Tower of Hera",
        "map_locations": [
          {
            "map": "hera6F",
            "x": 66,
            "y": 58
          }
        ],
        "sections": [
          {
            "name": "6F Left Tiles",
            //"capture_item": true,
            "item_count": 1,
            "access_rules": [
              "merge",
              "[advanced], fsword, bombs, trod"
            ]
          }
        ]
      },
      {
        "name": "Tower of Hera",
        "map_locations": [
          {
            "map": "hera6F",
            "x": 116,
            "y": 58
          }
        ],
        "sections": [
          {
            "name": "6F Right Tiles",
            "item_count": 1,
            "access_rules": [
              "merge",
              "[advanced], fsword, bombs, trod"
            ]
          }
        ]
      },
      {
        "name": "Tower of Hera",
        "map_locations": [
          {
            "map": "hera7F",
            "x": 121,
            "y": 135
          }
        ],
        "sections": [
          {
            "name": "7F Ledge Chest",
            "item_count": 1,
            "access_rules": [
              "merge",
              "[advanced], fsword, bombs, trod"
            ]
          }
        ]
      },
      {
        "name": "Tower of Hera",
        "map_locations": [
          {
            "map": "hera8F",
            "x": 74,
            "y": 65
          }
        ],
        "sections": [
          {
            "name": "8F Fairy Room",
            "item_count": 1,
            "access_rules": [
              "merge",
              "[advanced], fsword, bombs, trod"
            ]
          }
        ]
      },
      {
        "name": "Tower of Hera",
        "map_locations": [
          {
            "map": "hera11F",
            "x": 126,
            "y": 76
          }
        ],
        "sections": [
          {
            "name": "11F Big Chest",
            "chest_unopened_img": "images/chest_big_unopened.png",
            "chest_opened_img": "images/chest_big_opened.png",
            "item_count": 1,
            "access_rules": [
              "merge",
              "[advanced], fsword, bombs, trod"
            ]
          }
        ]
      },
      {
        "name": "Tower of Hera",
        "map_locations": [
          {
            "map": "hera13F",
            "x": 93,
            "y": 85
          }
        ],
        "sections": [
          {
            "name": "Moldorm",
            //"capture_item": true,
            "item_count": 1,
            "access_rules": [
              "merge",
              "[advanced], fsword, bombs, trod"
            ]
          }
        ]
      },
      {
        "name": "Tower of Hera",
        "access_rules": [
          "merge",
          "[advanced], fsword, bombs, trod"
        ],
        "map_locations": [
          {
            "map": "hera13F",
            "x": 93,
            "y": 58,
            "size": 24
          }
        ],
        "sections": [
          {"name": "Pendant of Power", "hosted_item": "power", "access_rules": ["merge", "[advanced], fsword, bombs, trod"], "visibility_rules": ["label_power_th"]},
          {"name": "Pendant of Wisdom", "hosted_item": "wisdom", "access_rules": ["merge", "[advanced], fsword, bombs, trod"], "visibility_rules": ["label_wisdom_th"]},
          {"name": "Pendant of Courage", "hosted_item": "courage", "access_rules": ["merge", "[advanced], fsword, bombs, trod"], "visibility_rules": ["label_courage_th"]},
          {"name": "Gulley", "hosted_item": "gulley", "access_rules": ["merge", "[advanced], fsword, bombs, trod"], "visibility_rules": ["label_gulley_th"]},
          {"name": "Oren", "hosted_item": "oren", "access_rules": ["merge", "[advanced], fsword, bombs, trod"], "visibility_rules": ["label_oren_th"]},
          {"name": "Seres", "hosted_item": "seres", "access_rules": ["merge", "[advanced], fsword, bombs, trod"], "visibility_rules": ["label_seres_th"]},
          {"name": "Osfala", "hosted_item": "osfala", "access_rules": ["merge", "[advanced], fsword, bombs, trod"], "visibility_rules": ["label_osfala_th"]},
          {"name": "Impa", "hosted_item": "impa", "access_rules": ["merge", "[advanced], fsword, bombs, trod"], "visibility_rules": ["label_impa_th"]},
          {"name": "Irene", "hosted_item": "irene", "access_rules": ["merge", "[advanced], fsword, bombs, trod"], "visibility_rules": ["label_irene_th"]},
          {"name": "Rosso", "hosted_item": "rosso", "access_rules": ["merge", "[advanced], fsword, bombs, trod"], "visibility_rules": ["label_rosso_th"]}
        ]
      },
      {
        "name": "Tower of Hera",
        "map_locations": [
          {
            "map": "hyrule",
            "x": 1211,
            "y": 39
          }
        ],
        "sections": [
          {
            "name": "Dungeon",
            "item_count": 6,
            "clear_as_group": false,
            "access_rules": [
              "[hammer], [merge]",
              "advanced, [hammer], [merge], [bombs], [trod]"
            ]
          },
          {"name": "Pendant of Power", "hosted_item": "power", "access_rules": ["merge", "[advanced], fsword, bombs, trod"], "visibility_rules": ["label_power_th"]},
          {"name": "Pendant of Wisdom", "hosted_item": "wisdom", "access_rules": ["merge", "[advanced], fsword, bombs, trod"], "visibility_rules": ["label_wisdom_th"]},
          {"name": "Pendant of Courage", "hosted_item": "courage", "access_rules": ["merge", "[advanced], fsword, bombs, trod"], "visibility_rules": ["label_courage_th"]},
          {"name": "Gulley", "hosted_item": "gulley", "access_rules": ["merge", "[advanced], fsword, bombs, trod"], "visibility_rules": ["label_gulley_th"]},
          {"name": "Oren", "hosted_item": "oren", "access_rules": ["merge", "[advanced], fsword, bombs, trod"], "visibility_rules": ["label_oren_th"]},
          {"name": "Seres", "hosted_item": "seres", "access_rules": ["merge", "[advanced], fsword, bombs, trod"], "visibility_rules": ["label_seres_th"]},
          {"name": "Osfala", "hosted_item": "osfala", "access_rules": ["merge", "[advanced], fsword, bombs, trod"], "visibility_rules": ["label_osfala_th"]},
          {"name": "Impa", "hosted_item": "impa", "access_rules": ["merge", "[advanced], fsword, bombs, trod"], "visibility_rules": ["label_impa_th"]},
          {"name": "Irene", "hosted_item": "irene", "access_rules": ["merge", "[advanced], fsword, bombs, trod"], "visibility_rules": ["label_irene_th"]},
          {"name": "Rosso", "hosted_item": "rosso", "access_rules": ["merge", "[advanced], fsword, bombs, trod"], "visibility_rules": ["label_rosso_th"]}
        ]
      }
    ]
  }
]