[
  {
    "name": "Ice Ruins",
    "color": "#ef3435",
    "chest_unopened_img": "images/checks/chest_small_unopened.png",
    "chest_opened_img": "images/checks/chest_small_opened.png",
    "access_rules": [
      "frod, $access_ldm_east_top",
      "[glitched], frod, $glitched_access_ldm_east_top",
      "[hell], frod, $hell_access_ldm_east_top"
    ],
    "children": [
      {
        "name": "Ice Ruins",
        "map_locations": [
          {
            "map": "ice1F",
            "x": 90,
            "y": 133
          }
        ],
        "sections": [
          {
            "name": "(1F) Hidden Chest",
            "hosted_item": "ir_chest_01"
          }
        ]
      },
      {
        "name": "Ice Ruins",
        "map_locations": [
          {
            "map": "iceB1",
            "x": 137,
            "y": 75
          }
        ],
        "sections": [
          {
            "name": "(B1) Narrow Ledge",
            "access_rules": [
              "ir_small_keys:1",
              "[advanced], boots, trod"
            ],
            //"capture_item": true,
            "hosted_item": "ir_chest_02"
          }
        ]
      },
      {
        "name": "Ice Ruins",
        "map_locations": [
          {
            "map": "iceB1",
            "x": 137,
            "y": 116
          }
        ],
        "sections": [
          {
            "name": "(B1) East Chest",
            "access_rules": [
              "ir_small_keys:1",
              "[advanced], boots, trod"
            ],
            "hosted_item": "ir_chest_03"
          }
        ]
      },
      {
        "name": "Ice Ruins",
        "map_locations": [
          {
            "map": "iceB1",
            "x": 99,
            "y": 108
          }
        ],
        "sections": [
          {
            "name": "(B1) Upper Chest",
            "access_rules": [
              "ir_small_keys:2",
              "[advanced], boots, trod"
            ],
            "hosted_item": "ir_chest_04"
          }
        ]
      },
      {
        "name": "Ice Ruins",
        "map_locations": [
          {
            "map": "iceB2",
            "x": 80,
            "y": 134
          }
        ],
        "sections": [
          {
            "name": "(B2) Ice Pillar",
            //"capture_item": true,
            "hosted_item": "ir_chest_05"
          }
        ]
      },
      {
        "name": "Ice Ruins",
        "map_locations": [
          {
            "map": "iceB2",
            "x": 90,
            "y": 54
          }
        ],
        "sections": [
          {
            "name": "(B2) Long Merge Chest",
            "capture_item": true,
            "hosted_item": "ir_chest_06",
            "access_rules": [
              "{csmc, ir_small_keys:1}",
              "ir_small_keys:2, $switch, scroll",
              "[advanced], boots"
            ]
          }
        ]
      },
      {
        "name": "Ice Ruins",
        "map_locations": [
          {
            "map": "iceB3",
            "x": 85,
            "y": 142
          }
        ],
        "sections": [
          {
            "name": "(B3) Grate Chest (Left)",
            "hosted_item": "ir_chest_07"
          }
        ]
      },
      {
        "name": "Ice Ruins",
        "map_locations": [
          {
            "map": "iceB3",
            "x": 95,
            "y": 142
          }
        ],
        "sections": [
          {
            "name": "(B3) Grate Chest (Right)",
            "hosted_item": "ir_chest_08"
          }
        ]
      },
      {
        "name": "Ice Ruins",
        "map_locations": [
          {
            "map": "iceB3",
            "x": 90,
            "y": 94
          }
        ],
        "sections": [
          {
            "name": "(B3) Big Chest (Puzzle)",
            "hosted_item": "ir_chest_09",
            "access_rules": [
              "ir_small_keys:2, $switch",
              "[advanced], boots"
            ]
          }
        ]
      },
      {
        "name": "Ice Ruins",
        "map_locations": [
          {
            "map": "iceB4",
            "x": 84,
            "y": 57
          }
        ],
        "sections": [
          {
            "name": "(B4) Switches",
            "hosted_item": "ir_chest_10",
            "access_rules": [
              "ir_small_keys:2, progression_enemies",
              "ir_small_keys:2, bombs",
              "ir_small_keys:2, fsword, greatspin",
              "ir_small_keys:2, niceirod",
              "[advanced], boots, progression_enemies",
              "[advanced], boots, bombs",
              "[advanced], boots, fsword, greatspin",
              "[advanced], boots, niceirod"
            ]
          }
        ]
      },
      {
        "name": "Ice Ruins",
        "map_locations": [
          {
            "map": "iceB4",
            "x": 23,
            "y": 142
          }
        ],
        "sections": [
          {
            "name": "(B4) Southwest Chest (Fall)",
            "access_rules": [
              "ir_small_keys:2",
              "[advanced], boots"
            ],
            "hosted_item": "ir_chest_11"
          }
        ]
      },
      {
        "name": "Ice Ruins",
        "map_locations": [
          {
            "map": "iceB4",
            "x": 122,
            "y": 136
          }
        ],
        "sections": [
          {
            "name": "(B4) Southeast Chest (Fall)",
            "access_rules": [
              "ir_small_keys:3",
              "ir_small_keys:2, $switch",
              "[advanced], boots"
            ],
            "capture_item": true,
            "hosted_item": "ir_chest_12"
          }
        ]
      },
      {
        "name": "Ice Ruins",
        "map_locations": [
          {
            "map": "iceB4",
            "x": 86,
            "y": 144
          }
        ],
        "sections": [
          {
            "name": "(B4) Narrow Platform",
            "access_rules": [
              "ir_small_keys:2",
              "[advanced], boots"
            ],
            "hosted_item": "ir_chest_13"
          }
        ]
      },
      {
        "name": "Ice Ruins",
        "map_locations": [
          {
            "map": "iceB5",
            "x": 90,
            "y": 113
          }
        ],
        "sections": [
          {
            "name": "(B5) Big Chest",
            "hosted_item": "ir_chest_14"
          }
        ]
      },
      {
        "name": "Ice Ruins",
        "map_locations": [
          {
            "map": "iceB6",
            "x": 90,
            "y": 81
          }
        ],
        "sections": [
          {
            "name": "Dharkstare",
            //"capture_item": true,
            "access_rules": [
              "ir_small_keys:3, ir_big_key",
              "[advanced], boots"
            ],
            "hosted_item": "ir_chest_15"
          }
        ]
      },
      {
        "name": "Ice Ruins",
        "map_locations": [
          {
            "map": "iceB6",
            "x": 90,
            "y": 53,
            "size": 24
          }
        ],
        "sections": [
          {"name": "Pendant of Power", "hosted_item": "power", "access_rules": ["ir_small_keys:3, ir_big_key", "[advanced], boots"], "visibility_rules": ["label_power_ir"]},
          {"name": "Pendant of Wisdom", "hosted_item": "wisdom", "access_rules": ["ir_small_keys:3, ir_big_key", "[advanced], boots"], "visibility_rules": ["label_wisdom_ir"]},
          {"name": "Pendant of Courage", "hosted_item": "courage", "access_rules": ["ir_small_keys:3, ir_big_key", "[advanced], boots"], "visibility_rules": ["label_courage_ir"]},
          {"name": "Gulley", "hosted_item": "gulley", "access_rules": ["ir_small_keys:3, ir_big_key", "[advanced], boots"], "visibility_rules": ["label_gulley_ir"]},
          {"name": "Oren", "hosted_item": "oren", "access_rules": ["ir_small_keys:3, ir_big_key", "[advanced], boots"], "visibility_rules": ["label_oren_ir"]},
          {"name": "Seres", "hosted_item": "seres", "access_rules": ["ir_small_keys:3, ir_big_key", "[advanced], boots"], "visibility_rules": ["label_seres_ir"]},
          {"name": "Osfala", "hosted_item": "osfala", "access_rules": ["ir_small_keys:3, ir_big_key", "[advanced], boots"], "visibility_rules": ["label_osfala_ir"]},
          {"name": "Impa", "hosted_item": "impa", "access_rules": ["ir_small_keys:3, ir_big_key", "[advanced], boots"], "visibility_rules": ["label_impa_ir"]},
          {"name": "Irene", "hosted_item": "irene", "access_rules": ["ir_small_keys:3, ir_big_key", "[advanced], boots"], "visibility_rules": ["label_irene_ir"]},
          {"name": "Rosso", "hosted_item": "rosso", "access_rules": ["ir_small_keys:3, ir_big_key", "[advanced], boots"], "visibility_rules": ["label_rosso_ir"]}
        ]
      },
      {
        "name": "Ice Ruins",
        "map_locations": [
          {
            "map": "lorule",
            "x": 1880,
            "y": 156
          }
        ],
        "sections": [
          {
            "name": "(1F) Hidden Chest",
            "hosted_item": "ir_chest_01"
          },
          {
            "name": "(B2) Ice Pillar",
            //"capture_item": true,
            "hosted_item": "ir_chest_05"
          },
          {
            "name": "(B3) Grate Chest (Left)",
            "hosted_item": "ir_chest_07"
          },
          {
            "name": "(B3) Grate Chest (Right)",
            "hosted_item": "ir_chest_08"
          },
          {
            "name": "(B5) Big Chest",
            "hosted_item": "ir_chest_14"
          },
          {
            "name": "(B1) East Chest",
            "access_rules": [
              "ir_small_keys:1",
              "[advanced], boots, trod"
            ],
            "hosted_item": "ir_chest_03"
          },
          {
            "name": "(B1) Narrow Ledge",
            "access_rules": [
              "ir_small_keys:1",
              "[advanced], boots, trod"
            ],
            //"capture_item": true,
            "hosted_item": "ir_chest_02"
          },
          {
            "name": "(B1) Upper Chest",
            "access_rules": [
              "ir_small_keys:2",
              "[advanced], boots, trod"
            ],
            "hosted_item": "ir_chest_04"
          },
          {
            "name": "(B4) Switches",
            "hosted_item": "ir_chest_10",
            "access_rules": [
              "ir_small_keys:2, progression_enemies",
              "ir_small_keys:2, bombs",
              "ir_small_keys:2, fsword, greatspin",
              "ir_small_keys:2, niceirod",
              "[advanced], boots, progression_enemies",
              "[advanced], boots, bombs",
              "[advanced], boots, fsword, greatspin",
              "[advanced], boots, niceirod"
            ]
          },
          {
            "name": "(B4) Southwest Chest (Fall)",
            "access_rules": [
              "ir_small_keys:2",
              "[advanced], boots"
            ],
            "hosted_item": "ir_chest_11"
          },
          {
            "name": "(B4) Narrow Platform",
            "access_rules": [
              "ir_small_keys:2",
              "[advanced], boots"
            ],
            "hosted_item": "ir_chest_13"
          },
          {
            "name": "(B2) Long Merge Chest",
            "capture_item": true,
            "hosted_item": "ir_chest_06",
            "access_rules": [
              "{csmc, ir_small_keys:1}",
              "ir_small_keys:2, $switch, scroll",
              "[advanced], boots"
            ]
          },
          {
            "name": "(B3) Big Chest (Puzzle)",
            "hosted_item": "ir_chest_09",
            "access_rules": [
              "ir_small_keys:2, $switch",
              "[advanced], boots"
            ]
          },
          {
            "name": "(B4) Southeast Chest (Fall)",
            "access_rules": [
              "ir_small_keys:3",
              "ir_small_keys:2, $switch",
              "[advanced], boots"
            ],
            "capture_item": true,
            "hosted_item": "ir_chest_12"
          },
          {
            "name": "Dharkstare",
            //"capture_item": true,
            "access_rules": [
              "ir_small_keys:3, ir_big_key",
              "[advanced], boots"
            ],
            "hosted_item": "ir_chest_15"
          },
          {"name": "Pendant of Power", "hosted_item": "power", "access_rules": ["ir_small_keys:3, ir_big_key", "[advanced], boots"], "visibility_rules": ["label_power_ir"]},
          {"name": "Pendant of Wisdom", "hosted_item": "wisdom", "access_rules": ["ir_small_keys:3, ir_big_key", "[advanced], boots"], "visibility_rules": ["label_wisdom_ir"]},
          {"name": "Pendant of Courage", "hosted_item": "courage", "access_rules": ["ir_small_keys:3, ir_big_key", "[advanced], boots"], "visibility_rules": ["label_courage_ir"]},
          {"name": "Gulley", "hosted_item": "gulley", "access_rules": ["ir_small_keys:3, ir_big_key", "[advanced], boots"], "visibility_rules": ["label_gulley_ir"]},
          {"name": "Oren", "hosted_item": "oren", "access_rules": ["ir_small_keys:3, ir_big_key", "[advanced], boots"], "visibility_rules": ["label_oren_ir"]},
          {"name": "Seres", "hosted_item": "seres", "access_rules": ["ir_small_keys:3, ir_big_key", "[advanced], boots"], "visibility_rules": ["label_seres_ir"]},
          {"name": "Osfala", "hosted_item": "osfala", "access_rules": ["ir_small_keys:3, ir_big_key", "[advanced], boots"], "visibility_rules": ["label_osfala_ir"]},
          {"name": "Impa", "hosted_item": "impa", "access_rules": ["ir_small_keys:3, ir_big_key", "[advanced], boots"], "visibility_rules": ["label_impa_ir"]},
          {"name": "Irene", "hosted_item": "irene", "access_rules": ["ir_small_keys:3, ir_big_key", "[advanced], boots"], "visibility_rules": ["label_irene_ir"]},
          {"name": "Rosso", "hosted_item": "rosso", "access_rules": ["ir_small_keys:3, ir_big_key", "[advanced], boots"], "visibility_rules": ["label_rosso_ir"]}
        ]
      }
    ]
  }
]