[
  {
    "name": "Lorule Castle",
    "color": "#5e518d",
    "chest_unopened_img": "images/checks/chest_small_unopened.png",
    "chest_opened_img": "images/checks/chest_small_opened.png",
    "access_rules": [
      "$canEnterLC",
      "[advanced], $advanced_canEnterLC",
      "[hell], $hell_canEnterLC"
    ],
    "children": [
      {
        "name": "Lorule Castle",
        "map_locations": [
          {
            "map": "lorule1F",
            "x": 97,
            "y": 106
          }
        ],
        "sections": [
          {
            "name": "(1F) Center",
            "item_count": 1,
            "access_rules": [
              "{csmc}",
              "$lc2F"
            ]
          }
        ]
      },
      {
        "name": "Lorule Castle",
        "map_locations": [
          {
            "map": "lorule1F",
            "x": 115,
            "y": 106
          }
        ],
        "sections": [
          {
            "name": "(1F) Ledge",
            "item_count": 1,
            "access_rules": [
              "merge"
            ]
          }
        ]
      },

      {
        "name": "Lorule Castle",
        "map_locations": [
          {
            "map": "lorule2F",
            "x": 133,
            "y": 108
          }
        ],
        "sections": [
          {
            "name": "(2F) Near Torches",
            "item_count": 1,
            "access_rules": [
              "$lc2F"
            ]
          }
        ]
      },
      {
        "name": "Lorule Castle",
        "map_locations": [
          {
            "map": "lorule2F",
            "x": 133,
            "y": 140
          }
        ],
        "sections": [
          {
            "name": "(2F) Hidden Path",
            "access_rules": [
              "$lc2F, $canExtinguishTorches",
              "$lc2F, [hard]"
            ],
            "item_count": 1
          }
        ]
      },
      {
        "name": "Lorule Castle",
        "map_locations": [
          {
            "map": "lorule2F",
            "x": 78,
            "y": 114
          }
        ],
        "sections": [
          {
            "name": "(2F) Ledge",
            "item_count": 1,
            "access_rules": [
              "$lc2F, merge",
              "[glitched], $lc2F, boots",
              "[advanced], $lc2F"
            ]
          }
        ]
      },

      {
        "name": "Lorule Castle",
        "map_locations": [
          {
            "map": "lorule4F",
            "x": 97,
            "y": 105
          }
        ],
        "sections": [
          {
            "name": "(4F) Center",
            "item_count": 1,
            "access_rules": [
              "$lc2F"
            ]
          }
        ]
      },
      {
        "name": "Lorule Castle",
        "map_locations": [
          {
            "map": "lorule4F",
            "x": 97,
            "y": 125
          }
        ],
        "sections": [
          {
            "name": "(4F) Hidden Path",
            "access_rules": [
              "$lc2F, $canExtinguishTorches",
              "$lc2F, [hard]"
            ],
            "item_count": 1
          }
        ]
      },

      // Bomb Trial
      {
        "name": "Lorule Castle",
        "map_locations": [
          {
            "map": "lorule3F",
            "x": 68,
            "y": 64
          }
        ],
        "sections": [
          {
            "name": "(3F) Bomb Trial (1)",
            "access_rules": [
              "{csmc}",
              "bombs",
              "[glitched], irod"
            ],
            "item_count": 1
          }
        ]
      },
      {
        "name": "Lorule Castle",
        "map_locations": [
          {
            "map": "lorule3F",
            "x": 57,
            "y": 26
          }
        ],
        "sections": [
          {
            "name": "(3F) Bomb Trial (2)",
            "access_rules": [
              "{csmc}",
              "bombs, merge",
              "[hard], bombs, bow",
              "[], niceirod"
            ],
            "item_count": 1
          }
        ]
      },

      // Tile Trial
      {
        "name": "Lorule Castle",
        "map_locations": [
          {
            "map": "lorule3F",
            "x": 108,
            "y": 44
          }
        ],
        "sections": [
          {
            "name": "(3F) Tile Trial (1)",
            "item_count": 1,
            "access_rules": [
              "$lc2F"
            ]
          }
        ]
      },
      {
        "name": "Lorule Castle",
        "map_locations": [
          {
            "map": "lorule3F",
            "x": 139,
            "y": 36
          }
        ],
        "sections": [
          {
            "name": "(3F) Tile Trial (2)",
            "item_count": 1,
            "access_rules": [
              "$lc2F, merge"
            ]
          }
        ]
      },

      // Lamp Trial
      {
        "name": "Lorule Castle",
        "map_locations": [
          {
            "map": "lorule4F",
            "x": 65,
            "y": 35
          }
        ],
        "sections": [
          {
            "name": "(4F) Lamp Trial",
            "access_rules": [
              "$lc2F, $fire",
              "[hard], $lc2F"
            ],
            "item_count": 1
          }
        ]
      },
      // Hookshot Trial
      {
        "name": "Lorule Castle",
        "map_locations": [
          {
            "map": "lorule4F",
            "x": 140,
            "y": 47
          }
        ],
        "sections": [
          {
            "name": "(4F) Hookshot Trial (1)",
            "access_rules": [
              "$lc2F, hookshot"
            ],
            "item_count": 1
          }
        ]
      },
      {
        "name": "Lorule Castle",
        "map_locations": [
          {
            "map": "lorule4F",
            "x": 110,
            "y": 58
          }
        ],
        "sections": [
          {
            "name": "(4F) Hookshot Trial (2)",
            "access_rules": [
              "$lc2F, hookshot, merge",
              "$lc2F, hookshot, irod"
            ],
            "item_count": 1
          }
        ]
      },

      {
        "name": "Lorule Castle",
        "map_locations": [
          {
            "map": "throneRoom",
            "x": 89,
            "y": 79
          }
        ],
        "sections": [
          {
            "name": "Zelda",
            "chest_unopened_img": "images/checks/chest_small_unopened.png",
            "chest_opened_img": "images/checks/chest_small_opened.png",
            "access_rules": [
              "$zelda"
            ],
            "item_count": 1
          }
        ]
      },
      {
        "name": "Lorule Castle",
        "color": "#ffdf4f",
        "map_locations": [
          {
            "map": "throneRoom",
            "x": 89,
            "y": 29,
            "size": 24
          }
        ],
        "sections": [
          {
            "name": "Triforce",
            "access_rules": [
              "$zelda, merge, bow_of_light"
            ],
            "hosted_item": "triforce_full"
          }
        ]
      },
      {
        "name": "Lorule Castle",
        //        "color": "#ffdf4f",
        "map_locations": [
          {
            "map": "lorule",
            "x": 1024,
            "y": 934
          }
        ],
        "sections": [
          {
            "name": "Dungeon",
            "clear_as_group": false,
            "item_count": 8,
            "access_rules": [
              "[$attack], [hookshot], [bombs], [$fire], [merge]"
            ]
          }
        ]
      }
    ]
  },
  {
    "name": "Lorule Castle",
    "map_locations": [
      {
        "map": "lorule",
        "x": 1024,
        "y": 792,
        "size": 120,
        "badge_size": 40
      }
    ],
    "sections": [
      {
        "name": "Zelda",
        "item_count": 1,
        "chest_unopened_img": "images/checks/chest_small_unopened.png",
        "chest_opened_img": "images/checks/chest_small_opened.png",
        "access_rules": [
          "$zelda"
        ]
      },
      {
        "name": "Triforce",
        "access_rules": [
          "$zelda, merge, bow_of_light"
        ],
        "hosted_item": "triforce_full"
      }
    ]
  },
  {
    "name": "Lorule Castle",
    "map_locations": [
      {
        "map": "lorule",
        "x": 1024,
        "y": 792,
        "badge_size": 40
      }
    ],
    "sections": [
      {
        "name": "Lorule Castle Crack",
        "hosted_item": "crack_lc",
        "access_rules": [
          "crack_lc",
          "{$inspect_crack_lorule}",
          "merge, quake, $lc_trials"
        ],
        "visibility_rules": [
          "cracksanity"
        ]
      }
    ]
  }
]