[
  {
    "name": "Swamp Palace",
    "color": "#d25432",
    "chest_unopened_img": "images/checks/chest_small_unopened.png",
    "chest_opened_img": "images/checks/chest_small_opened.png",
    "access_rules": [
      "$access_central_lorule, flippers, hookshot",
      "[advanced], $advanced_access_central_lorule, flippers, hookshot",
      "[hell], $hell_access_central_lorule, flippers, hookshot"
    ],
    "children": [
      {
        "name": "Swamp Palace",
        "map_locations": [
          {
            "map": "swampB1",
            "x": 126,
            "y": 65
          }
        ],
        "sections": [
          {
            "name": "(B1) Waterfall Room",
            //"capture_item": true,
            "hosted_item": "sp_chest_01"
          }
        ]
      },
      {
        "name": "Swamp Palace",
        "map_locations": [
          {
            "map": "swampB1",
            "x": 53,
            "y": 65
          }
        ],
        "sections": [
          {
            "name": "(B1) Raft Room (Pillar)",
            //"capture_item": true,
            "hosted_item": "sp_chest_02"
          }
        ]
      },
      {
        "name": "Swamp Palace",
        "map_locations": [
          {
            "map": "swampB1",
            "x": 89,
            "y": 51
          }
        ],
        "sections": [
          {
            "name": "(B1) Center",
            "hosted_item": "sp_chest_03"
          }
        ]
      },
      {
        "name": "Swamp Palace",
        "map_locations": [
          {
            "map": "swampB1",
            "x": 58,
            "y": 81
          }
        ],
        "sections": [
          {
            "name": "(B1) Raft Room (Right)",
            "hosted_item": "sp_chest_04"
          }
        ]
      },
      {
        "name": "Swamp Palace",
        "map_locations": [
          {
            "map": "swampB1",
            "x": 32,
            "y": 80
          }
        ],
        "sections": [
          {
            "name": "(B1) Raft Room (Left)",
            "hosted_item": "sp_chest_05"
          }
        ]
      },
      {
        "name": "Swamp Palace",
        "map_locations": [
          {
            "map": "swampB1",
            "x": 36,
            "y": 110
          }
        ],
        "sections": [
          {
            "name": "(B1) Gyorm",
            "hosted_item": "sp_chest_06"
          }
        ]
      },
      {
        "name": "Swamp Palace",
        "map_locations": [
          {
            "map": "swampB1",
            "x": 89,
            "y": 69
          }
        ],
        "sections": [
          {
            "name": "(B1) Big Chest (Secret)",
            "chest_unopened_img": "images/chest_big_unopened.png",
            "chest_opened_img": "images/chest_big_opened.png",
            "access_rules": [
              "$sp_small_keys|2, merge, $progression_enemies_floor",
              "[hard], $sp_small_keys|2, bow, $progression_enemies_floor",
              "[glitched], $sp_small_keys|2, boots",
              "[advanced], $sp_small_keys|2, [not_nice_mode], irod",
              "[], $sp_small_keys|1, boots",
              "[], $sp_small_keys|1, [not_nice_mode], irod, $progression_enemies_floor",
            ],
            "capture_item": true,
            "hosted_item": "sp_chest_07"
          }
        ]
      },
      {
        "name": "Swamp Palace",
        "map_locations": [
          {
            "map": "swamp1F",
            "x": 89,
            "y": 105
          }
        ],
        "sections": [
          {
            "name": "(1F) Big Chest (Fire)",
            "chest_unopened_img": "images/chest_big_unopened.png",
            "chest_opened_img": "images/chest_big_opened.png",
            "access_rules": [
              "merge, $progression_enemies_floor, $sp_small_keys|4",
              "merge, $progression_enemies_floor, trod, $sp_small_keys|2",
              "merge, $progression_enemies_floor, irod, $sp_small_keys|2",
              "[hard], $progression_enemies_floor, merge, $sp_small_keys|2",
              "[glitched], boots",
              "[advanced], [not_nice_mode], irod"
            ],
            "hosted_item": "sp_chest_08"
          }
        ]
      },
      {
        "name": "Swamp Palace",
        "map_locations": [
          {
            "map": "swamp1F",
            "x": 41,
            "y": 86
          }
        ],
        "sections": [
          {
            "name": "(1F) West Room",
            "access_rules": [
              "merge, $progression_enemies_floor, $sp_small_keys|2",
              "[glitched], merge, boots, $sp_small_keys|2",
              "[], merge, boots, $sp_small_keys|1",
              "[advanced], [not_nice_mode], irod"
            ],
            "hosted_item": "sp_chest_09"
          }
        ]
      },
      {
        "name": "Swamp Palace",
        "map_locations": [
          {
            "map": "swamp1F",
            "x": 137,
            "y": 86
          }
        ],
        "sections": [
          {
            "name": "(1F) East Room",
            "access_rules": [
              "merge, $progression_enemies_floor, $sp_small_keys|2",
              "[glitched], merge, boots, $sp_small_keys|2",
              "[], merge, boots, $sp_small_keys|1",
              "[advanced], [not_nice_mode], irod"
            ],
            "hosted_item": "sp_chest_10"
          }
        ]
      },
      {
        "name": "Swamp Palace",
        "map_locations": [
          {
            "map": "swamp1F",
            "x": 54,
            "y": 144
          }
        ],
        "sections": [
          {
            "name": "(1F) Water Puzzle",
            "access_rules": [
              "merge, $progression_enemies_floor, $sp_small_keys|2",
              "[glitched], merge, boots, $sp_small_keys|2",
              "[], merge, boots, $sp_small_keys|1",
              "[advanced], [not_nice_mode], irod"
            ],
            "hosted_item": "sp_chest_11"
          }
        ]
      },
      {
        "name": "Swamp Palace Post Boss",
        "access_rules": [
          "merge, bombs, $sp_small_keys|4, $sp_big_key", "merge, hammer, $sp_small_keys|4, $sp_big_key", "merge, progression_enemies, $attack, $sp_small_keys|4, $sp_big_key", "[advanced], [not_nice_mode], irod, $sp_big_key", "[advanced], [not_nice_mode], irod, trod", "[], merge, boots, bombs, $sp_small_keys|2, $sp_big_key", "[], merge, boots, hammer, $sp_small_keys|2, $sp_big_key", "[], merge, boots, progression_enemies, $attack, $sp_small_keys|2, $sp_big_key", "[], merge, bombs, $sp_small_keys|3, $sp_big_key", "[], merge, hammer, $sp_small_keys|3, $sp_big_key", "[], merge, progression_enemies, $attack, $sp_small_keys|3, $sp_big_key"
        ],
        "children": [
          {
            "name": "Swamp Palace",
            "map_locations": [
              {
                "map": "swamp1F",
                "x": 89,
                "y": 67
              }
            ],
            "sections": [
              {
                "name": "Arrghus",
                //"capture_item": true,
                "hosted_item": "sp_chest_12"
              }
            ]
          },
          {
            "name": "Swamp Palace",
            "map_locations": [
              {
                "map": "swamp2F",
                "x": 89,
                "y": 71,
                "size": 20
              }
            ],
            "sections": [
              {"name": "Pendant of Power", "hosted_item": "power", "visibility_rules": ["label_power_sp"]},
              {"name": "Pendant of Wisdom", "hosted_item": "wisdom", "visibility_rules": ["label_wisdom_sp"]},
              {"name": "Pendant of Courage", "hosted_item": "courage", "visibility_rules": ["label_courage_sp"]},
              {"name": "Gulley", "hosted_item": "gulley", "visibility_rules": ["label_gulley_sp"]},
              {"name": "Oren", "hosted_item": "oren", "visibility_rules": ["label_oren_sp"]},
              {"name": "Seres", "hosted_item": "seres", "visibility_rules": ["label_seres_sp"]},
              {"name": "Osfala", "hosted_item": "osfala", "visibility_rules": ["label_osfala_sp"]},
              {"name": "Impa", "hosted_item": "impa", "visibility_rules": ["label_impa_sp"]},
              {"name": "Irene", "hosted_item": "irene", "visibility_rules": ["label_irene_sp"]},
              {"name": "Rosso", "hosted_item": "rosso", "visibility_rules": ["label_rosso_sp"]}
            ]
          }
        ]
      },
      {
        "name": "Swamp Palace",
        "map_locations": [
          {
            "map": "lorule",
            "x": 962,
            "y": 1808
          }
        ],
        "sections": [
          {
            "name": "(B1) Waterfall Room",
            //"capture_item": true,
            "hosted_item": "sp_chest_01"
          },
          {
            "name": "(B1) Center",
            "hosted_item": "sp_chest_03"
          },
          {
            "name": "(B1) Raft Room (Left)",
            "hosted_item": "sp_chest_05"
          },
          {
            "name": "(B1) Gyorm",
            "hosted_item": "sp_chest_06"
          },
          {
            "name": "(B1) Raft Room (Right)",
            "hosted_item": "sp_chest_04"
          },
          {
            "name": "(B1) Raft Room (Pillar)",
            //"capture_item": true,
            "hosted_item": "sp_chest_02"
          },
          {
            "name": "(B1) Big Chest (Secret)",
            "chest_unopened_img": "images/chest_big_unopened.png",
            "chest_opened_img": "images/chest_big_opened.png",
            "access_rules": [
              "$sp_small_keys|2, merge, $progression_enemies_floor",
              "[hard], $sp_small_keys|2, bow, $progression_enemies_floor",
              "[glitched], $sp_small_keys|2, boots",
              "[advanced], $sp_small_keys|2, [not_nice_mode], irod",
              "[], $sp_small_keys|1, boots",
              "[], $sp_small_keys|1, [not_nice_mode], irod, $progression_enemies_floor",
            ],
            "capture_item": true,
            "hosted_item": "sp_chest_07"
          },
          {
            "name": "(1F) Water Puzzle",
            "access_rules": [
              "merge, $progression_enemies_floor, $sp_small_keys|2",
              "[glitched], merge, boots, $sp_small_keys|2",
              "[], merge, boots, $sp_small_keys|1",
              "[advanced], [not_nice_mode], irod"
            ],
            "hosted_item": "sp_chest_11"
          },
          {
            "name": "(1F) West Room",
            "access_rules": [
              "merge, $progression_enemies_floor, $sp_small_keys|2",
              "[glitched], merge, boots, $sp_small_keys|2",
              "[], merge, boots, $sp_small_keys|1",
              "[advanced], [not_nice_mode], irod"
            ],
            "hosted_item": "sp_chest_09"
          },
          {
            "name": "(1F) East Room",
            "access_rules": [
              "merge, $progression_enemies_floor, $sp_small_keys|2",
              "[glitched], merge, boots, $sp_small_keys|2",
              "[], merge, boots, $sp_small_keys|1",
              "[advanced], [not_nice_mode], irod"
            ],
            "hosted_item": "sp_chest_10"
          },
          {
            "name": "(1F) Big Chest (Fire)",
            "chest_unopened_img": "images/chest_big_unopened.png",
            "chest_opened_img": "images/chest_big_opened.png",
            "access_rules": [
              "merge, $progression_enemies_floor, $sp_small_keys|4",
              "merge, $progression_enemies_floor, trod, $sp_small_keys|2",
              "merge, $progression_enemies_floor, irod, $sp_small_keys|2",
              "[hard], $progression_enemies_floor, merge, $sp_small_keys|2",
              "[glitched], boots",
              "[advanced], [not_nice_mode], irod"
            ],
            "hosted_item": "sp_chest_08"
          },
          {
            "name": "Arrghus",
            "access_rules": [
              "merge, bombs, $sp_small_keys|4, $sp_big_key", "merge, hammer, $sp_small_keys|4, $sp_big_key", "merge, progression_enemies, $attack, $sp_small_keys|4, $sp_big_key", "[advanced], [not_nice_mode], irod, $sp_big_key", "[advanced], [not_nice_mode], irod, trod", "[], merge, boots, bombs, $sp_small_keys|2, $sp_big_key", "[], merge, boots, hammer, $sp_small_keys|2, $sp_big_key", "[], merge, boots, progression_enemies, $attack, $sp_small_keys|2, $sp_big_key", "[], merge, bombs, $sp_small_keys|3, $sp_big_key", "[], merge, hammer, $sp_small_keys|3, $sp_big_key", "[], merge, progression_enemies, $attack, $sp_small_keys|3, $sp_big_key"
            ],
            //"capture_item": true,
            "hosted_item": "sp_chest_12"
          },
          {"name": "Pendant of Power", "hosted_item": "power", "access_rules": ["merge, bombs, $sp_small_keys|4, $sp_big_key", "merge, hammer, $sp_small_keys|4, $sp_big_key", "merge, progression_enemies, $attack, $sp_small_keys|4, $sp_big_key", "[advanced], [not_nice_mode], irod, $sp_big_key", "[advanced], [not_nice_mode], irod, trod", "[], merge, boots, bombs, $sp_small_keys|2, $sp_big_key", "[], merge, boots, hammer, $sp_small_keys|2, $sp_big_key", "[], merge, boots, progression_enemies, $attack, $sp_small_keys|2, $sp_big_key", "[], merge, bombs, $sp_small_keys|3, $sp_big_key", "[], merge, hammer, $sp_small_keys|3, $sp_big_key", "[], merge, progression_enemies, $attack, $sp_small_keys|3, $sp_big_key"], "visibility_rules": ["label_power_sp"]},
          {"name": "Pendant of Wisdom", "hosted_item": "wisdom", "access_rules": ["merge, bombs, $sp_small_keys|4, $sp_big_key", "merge, hammer, $sp_small_keys|4, $sp_big_key", "merge, progression_enemies, $attack, $sp_small_keys|4, $sp_big_key", "[advanced], [not_nice_mode], irod, $sp_big_key", "[advanced], [not_nice_mode], irod, trod", "[], merge, boots, bombs, $sp_small_keys|2, $sp_big_key", "[], merge, boots, hammer, $sp_small_keys|2, $sp_big_key", "[], merge, boots, progression_enemies, $attack, $sp_small_keys|2, $sp_big_key", "[], merge, bombs, $sp_small_keys|3, $sp_big_key", "[], merge, hammer, $sp_small_keys|3, $sp_big_key", "[], merge, progression_enemies, $attack, $sp_small_keys|3, $sp_big_key"], "visibility_rules": ["label_wisdom_sp"]},
          {"name": "Pendant of Courage", "hosted_item": "courage", "access_rules": ["merge, bombs, $sp_small_keys|4, $sp_big_key", "merge, hammer, $sp_small_keys|4, $sp_big_key", "merge, progression_enemies, $attack, $sp_small_keys|4, $sp_big_key", "[advanced], [not_nice_mode], irod, $sp_big_key", "[advanced], [not_nice_mode], irod, trod", "[], merge, boots, bombs, $sp_small_keys|2, $sp_big_key", "[], merge, boots, hammer, $sp_small_keys|2, $sp_big_key", "[], merge, boots, progression_enemies, $attack, $sp_small_keys|2, $sp_big_key", "[], merge, bombs, $sp_small_keys|3, $sp_big_key", "[], merge, hammer, $sp_small_keys|3, $sp_big_key", "[], merge, progression_enemies, $attack, $sp_small_keys|3, $sp_big_key"], "visibility_rules": ["label_courage_sp"]},
          {"name": "Gulley", "hosted_item": "gulley", "access_rules": ["merge, bombs, $sp_small_keys|4, $sp_big_key", "merge, hammer, $sp_small_keys|4, $sp_big_key", "merge, progression_enemies, $attack, $sp_small_keys|4, $sp_big_key", "[advanced], [not_nice_mode], irod, $sp_big_key", "[advanced], [not_nice_mode], irod, trod", "[], merge, boots, bombs, $sp_small_keys|2, $sp_big_key", "[], merge, boots, hammer, $sp_small_keys|2, $sp_big_key", "[], merge, boots, progression_enemies, $attack, $sp_small_keys|2, $sp_big_key", "[], merge, bombs, $sp_small_keys|3, $sp_big_key", "[], merge, hammer, $sp_small_keys|3, $sp_big_key", "[], merge, progression_enemies, $attack, $sp_small_keys|3, $sp_big_key"], "visibility_rules": ["label_gulley_sp"]},
          {"name": "Oren", "hosted_item": "oren", "access_rules": ["merge, bombs, $sp_small_keys|4, $sp_big_key", "merge, hammer, $sp_small_keys|4, $sp_big_key", "merge, progression_enemies, $attack, $sp_small_keys|4, $sp_big_key", "[advanced], [not_nice_mode], irod, $sp_big_key", "[advanced], [not_nice_mode], irod, trod", "[], merge, boots, bombs, $sp_small_keys|2, $sp_big_key", "[], merge, boots, hammer, $sp_small_keys|2, $sp_big_key", "[], merge, boots, progression_enemies, $attack, $sp_small_keys|2, $sp_big_key", "[], merge, bombs, $sp_small_keys|3, $sp_big_key", "[], merge, hammer, $sp_small_keys|3, $sp_big_key", "[], merge, progression_enemies, $attack, $sp_small_keys|3, $sp_big_key"], "visibility_rules": ["label_oren_sp"]},
          {"name": "Seres", "hosted_item": "seres", "access_rules": ["merge, bombs, $sp_small_keys|4, $sp_big_key", "merge, hammer, $sp_small_keys|4, $sp_big_key", "merge, progression_enemies, $attack, $sp_small_keys|4, $sp_big_key", "[advanced], [not_nice_mode], irod, $sp_big_key", "[advanced], [not_nice_mode], irod, trod", "[], merge, boots, bombs, $sp_small_keys|2, $sp_big_key", "[], merge, boots, hammer, $sp_small_keys|2, $sp_big_key", "[], merge, boots, progression_enemies, $attack, $sp_small_keys|2, $sp_big_key", "[], merge, bombs, $sp_small_keys|3, $sp_big_key", "[], merge, hammer, $sp_small_keys|3, $sp_big_key", "[], merge, progression_enemies, $attack, $sp_small_keys|3, $sp_big_key"], "visibility_rules": ["label_seres_sp"]},
          {"name": "Osfala", "hosted_item": "osfala", "access_rules": ["merge, bombs, $sp_small_keys|4, $sp_big_key", "merge, hammer, $sp_small_keys|4, $sp_big_key", "merge, progression_enemies, $attack, $sp_small_keys|4, $sp_big_key", "[advanced], [not_nice_mode], irod, $sp_big_key", "[advanced], [not_nice_mode], irod, trod", "[], merge, boots, bombs, $sp_small_keys|2, $sp_big_key", "[], merge, boots, hammer, $sp_small_keys|2, $sp_big_key", "[], merge, boots, progression_enemies, $attack, $sp_small_keys|2, $sp_big_key", "[], merge, bombs, $sp_small_keys|3, $sp_big_key", "[], merge, hammer, $sp_small_keys|3, $sp_big_key", "[], merge, progression_enemies, $attack, $sp_small_keys|3, $sp_big_key"], "visibility_rules": ["label_osfala_sp"]},
          {"name": "Impa", "hosted_item": "impa", "access_rules": ["merge, bombs, $sp_small_keys|4, $sp_big_key", "merge, hammer, $sp_small_keys|4, $sp_big_key", "merge, progression_enemies, $attack, $sp_small_keys|4, $sp_big_key", "[advanced], [not_nice_mode], irod, sp_big_key", "[advanced], [not_nice_mode], irod, trod", "[], merge, boots, bombs, $sp_small_keys|2, sp_big_key", "[], merge, boots, hammer, $sp_small_keys|2, sp_big_key", "[], merge, boots, progression_enemies, $attack, $sp_small_keys|2, sp_big_key", "[], merge, bombs, $sp_small_keys|3, sp_big_key", "[], merge, hammer, $sp_small_keys|3, sp_big_key", "[], merge, progression_enemies, $attack, $sp_small_keys|3, sp_big_key"], "visibility_rules": ["label_impa_sp"]},
          {"name": "Irene", "hosted_item": "irene", "access_rules": ["merge, bombs, $sp_small_keys|4, sp_big_key", "merge, hammer, $sp_small_keys|4, sp_big_key", "merge, progression_enemies, $attack, $sp_small_keys|4, sp_big_key", "[advanced], [not_nice_mode], irod, sp_big_key", "[advanced], [not_nice_mode], irod, trod", "[], merge, boots, bombs, $sp_small_keys|2, sp_big_key", "[], merge, boots, hammer, $sp_small_keys|2, sp_big_key", "[], merge, boots, progression_enemies, $attack, $sp_small_keys|2, sp_big_key", "[], merge, bombs, $sp_small_keys|3, sp_big_key", "[], merge, hammer, $sp_small_keys|3, sp_big_key", "[], merge, progression_enemies, $attack, $sp_small_keys|3, sp_big_key"], "visibility_rules": ["label_irene_sp"]},
          {"name": "Rosso", "hosted_item": "rosso", "access_rules": ["merge, bombs, $sp_small_keys|4, sp_big_key", "merge, hammer, $sp_small_keys|4, sp_big_key", "merge, progression_enemies, $attack, $sp_small_keys|4, sp_big_key", "[advanced], [not_nice_mode], irod, sp_big_key", "[advanced], [not_nice_mode], irod, trod", "[], merge, boots, bombs, $sp_small_keys|2, sp_big_key", "[], merge, boots, hammer, $sp_small_keys|2, sp_big_key", "[], merge, boots, progression_enemies, $attack, $sp_small_keys|2, sp_big_key", "[], merge, bombs, $sp_small_keys|3, sp_big_key", "[], merge, hammer, $sp_small_keys|3, sp_big_key", "[], merge, progression_enemies, $attack, $sp_small_keys|3, sp_big_key"], "visibility_rules": ["label_rosso_sp"]}
        ]
      }
    ]
  }
]