[
  {
    "name": "Thieves' Hideout",
    "color": "#dde44e",
    "chest_unopened_img": "images/checks/chest_small_unopened.png",
    "chest_opened_img": "images/checks/chest_small_opened.png",
    "access_rules": [
      "$access_central_lorule",
      "[advanced], $advanced_access_central_lorule",
      "[hell], $hell_access_central_lorule"
    ],
    "children": [
      {
        "name": "Thieves' Hideout",
        "map_locations": [
          {
            "map": "thievesB1",
            "x": 56,
            "y": 98
          }
        ],
        "sections": [
          {
            "name": "B1 Grate Chest",
            "item_count": 1
          }
        ]
      },
      {
        "name": "Thieves' Hideout",
        "map_locations": [
          {
            "map": "thievesB1",
            "x": 59,
            "y": 117
          }
        ],
        "sections": [
          {
            "name": "B1 Jail Cell",
            "access_rules": [
              "{csmc}",
              "merge",
              "[glitched], boots",
              "[hell], $hell_th_statue_clip, trod"
            ],
            "item_count": 1
          }
        ]
      },
      {
        "name": "Thieves' Hideout",
        "map_locations": [
          {
            "map": "thievesB2",
            "x": 51,
            "y": 53
          }
        ],
        "sections": [
          {
            "name": "B2 NW Room",
            "item_count": 1,
            "access_rules": [
              "$thB1DoorOpen",
              "[advanced], $adv_th_statue_clip",
              "[hell], $hell_th_statue_clip"
            ]
          }
        ]
      },
      {
        "name": "Thieves' Hideout",
        "map_locations": [
          {
            "map": "thievesB2",
            "x": 99,
            "y": 91
          }
        ],
        "sections": [
          {
            "name": "B2 Jail Cell",
            "access_rules": [
              "$thB1B2DoorsOpen, merge",
              "[advanced], $switch",
              "[hell], $hell_th_statue_clip, trod"
            ],
            "item_count": 1
          }
        ]
      },
      {
        "name": "Thieves' Hideout",
        "map_locations": [
          {
            "map": "thievesB2",
            "x": 80,
            "y": 32
          }
        ],
        "sections": [
          {
            "name": "B2 Eyegores",
            "access_rules": [
              "{csmc, $thB1B2DoorsOpen, merge, $shielded_switch, progression_enemies}",
              "{csmc, $thB1B2DoorsOpen, merge, $shielded_switch, bombs}",
              "{hard, csmc, $thB1B2DoorsOpen, merge, $shielded_switch, progression_enemies}",
              "$thB1B2DoorsOpen, merge, $shielded_switch, progression_enemies, fsword",
              "$thB1B2DoorsOpen, merge, $shielded_switch, progression_enemies, swordless, bow",
              "$thB1B2DoorsOpen, merge, $shielded_switch, bombs, fsword",
              "$thB1B2DoorsOpen, merge, $shielded_switch, bombs, swordless, bow",
              "[hard], $thB1B2DoorsOpen, merge, $shielded_switch, progression_enemies, $attack",
              "[hard], $thB1B2DoorsOpen, merge, $shielded_switch, bombs",
              "[advanced], $adv_th_statue_clip, boots",
              "[advanced], $adv_th_statue_clip, trod"
            ],
            "item_count": 1
          }
        ]
      },
      {
        "name": "Thieves' Hideout",
        "map_locations": [
          {
            "map": "thievesB2",
            "x": 122,
            "y": 117
          }
        ],
        "sections": [
          {
            "name": "B2 SE Room",
            "item_count": 1,
            "access_rules": [
              "$thB1B2DoorsOpen",
              "[advanced], $adv_th_statue_clip",
              "[hell], $hell_th_statue_clip"
            ]
          }
        ]
      },
      {
        "name": "Thieves' Hideout",
        "map_locations": [
          {
            "map": "thievesB3",
            "x": 132,
            "y": 79
          }
        ],
        "sections": [
          {
            "name": "B3 Underwater",
            "access_rules": [
              "{csmc, merge, $thB1B2DoorsOpen, $attack_normal}",
              "{hard, csmc, merge, $thB1B2DoorsOpen, $attack}",
              "{advanced, csmc, boomerang}",
              "{advanced, csmc, irod}",
              "{hell, csmc, bombs}",
              "$thEscapeEquipment, $attack_normal",
              "[hard], $thEscapeEquipment, $attack",
              "[advanced], $adv_th_statue_clip, trod",
              "[hell], $hell_th_statue_clip, trod"
            ],
            "item_count": 1
          }
        ]
      },
      {
        "name": "Thieves' Hideout",
        "map_locations": [
          {
            "map": "thievesB3",
            "x": 102,
            "y": 32
          }
        ],
        "sections": [
          {
            "name": "B3 Big Chest",
            "item_count": 1,
            "access_rules": [
              "$thEscapeEquipment, $attack_normal",
              "[hard], $thEscapeEquipment, $attack",
              "[advanced], $adv_th_statue_clip, trod",
              "[hell], $hell_th_statue_clip, trod"
            ]
          }
        ]
      },
      {
        "name": "Thieves' Hideout",
        "map_locations": [
          {
            "map": "thievesB1",
            "x": 56,
            "y": 79
          }
        ],
        "sections": [
          {
            "name": "B1 Behind Wall",
            "access_rules": [
              "{csmc}",
              "{hell, $hell_th_statue_clip, trod}",
              "$thEscapeEquipment, $attack_normal",
              "[hard], $thEscapeEquipment, $attack",
              "[advanced], $adv_th_statue_clip, trod",
              "[hell], $hell_th_statue_clip, trod"
            ],
            "item_count": 1
          }
        ]
      },
      {
        "name": "Thieves' Hideout",
        "map_locations": [
          {
            "map": "thievesB1",
            "x": 81,
            "y": 75
          }
        ],
        "sections": [
          {
            "name": "B1 Big Chest",
            "access_rules": [
              "{csmc}",
              "$thEscapeEquipment, $attack_normal",
              "[hard], $thEscapeEquipment, $attack",
              "[advanced], $adv_th_statue_clip, trod",
              "[hell], $hell_th_statue_clip, trod"
            ],
            "item_count": 1
          }
        ]
      },
      {
        "name": "Thieves' Hideout",
        "map_locations": [
          {
            "map": "thievesB1",
            "x": 150,
            "y": 167
          }
        ],
        "sections": [
          {
            "name": "Stalblind",
            "access_rules": [
              "$thEscapeEquipment, merge, $attack_normal",
              "[hard], $thEscapeEquipment, merge, $attack",
              "[advanced], $adv_th_statue_clip, trod, $attack",
              "[hell], $hell_th_statue_clip, trod, $attack"
            ],
            //"capture_item": true,
            "item_count": 1
          }
        ]
      },
      {
        "name": "Thieves' Hideout",
        "map_locations": [
          {
            "map": "thievesB1",
            "x": 136,
            "y": 167,
            "size": 20
          }
        ],
        "sections": [
          {"name": "Pendant of Power", "hosted_item": "power", "access_rules": ["$thEscapeEquipment, merge, $attack_normal", "[hard], $thEscapeEquipment, merge, $attack", "[advanced], $adv_th_statue_clip, trod, $attack", "[hell], $hell_th_statue_clip, trod, $attack"], "visibility_rules": ["label_power_tt"]},
          {"name": "Pendant of Wisdom", "hosted_item": "wisdom", "access_rules": ["$thEscapeEquipment, merge, $attack_normal", "[hard], $thEscapeEquipment, merge, $attack", "[advanced], $adv_th_statue_clip, trod, $attack", "[hell], $hell_th_statue_clip, trod, $attack"], "visibility_rules": ["label_wisdom_tt"]},
          {"name": "Pendant of Courage", "hosted_item": "courage", "access_rules": ["$thEscapeEquipment, merge, $attack_normal", "[hard], $thEscapeEquipment, merge, $attack", "[advanced], $adv_th_statue_clip, trod, $attack", "[hell], $hell_th_statue_clip, trod, $attack"], "visibility_rules": ["label_courage_tt"]},
          {"name": "Gulley", "hosted_item": "gulley", "access_rules": ["$thEscapeEquipment, merge, $attack_normal", "[hard], $thEscapeEquipment, merge, $attack", "[advanced], $adv_th_statue_clip, trod, $attack", "[hell], $hell_th_statue_clip, trod, $attack"], "visibility_rules": ["label_gulley_tt"]},
          {"name": "Oren", "hosted_item": "oren", "access_rules": ["$thEscapeEquipment, merge, $attack_normal", "[hard], $thEscapeEquipment, merge, $attack", "[advanced], $adv_th_statue_clip, trod, $attack", "[hell], $hell_th_statue_clip, trod, $attack"], "visibility_rules": ["label_oren_tt"]},
          {"name": "Seres", "hosted_item": "seres", "access_rules": ["$thEscapeEquipment, merge, $attack_normal", "[hard], $thEscapeEquipment, merge, $attack", "[advanced], $adv_th_statue_clip, trod, $attack", "[hell], $hell_th_statue_clip, trod, $attack"], "visibility_rules": ["label_seres_tt"]},
          {"name": "Osfala", "hosted_item": "osfala", "access_rules": ["$thEscapeEquipment, merge, $attack_normal", "[hard], $thEscapeEquipment, merge, $attack", "[advanced], $adv_th_statue_clip, trod, $attack", "[hell], $hell_th_statue_clip, trod, $attack"], "visibility_rules": ["label_osfala_tt"]},
          {"name": "Impa", "hosted_item": "impa", "access_rules": ["$thEscapeEquipment, merge, $attack_normal", "[hard], $thEscapeEquipment, merge, $attack", "[advanced], $adv_th_statue_clip, trod, $attack", "[hell], $hell_th_statue_clip, trod, $attack"], "visibility_rules": ["label_impa_tt"]},
          {"name": "Irene", "hosted_item": "irene", "access_rules": ["$thEscapeEquipment, merge, $attack_normal", "[hard], $thEscapeEquipment, merge, $attack", "[advanced], $adv_th_statue_clip, trod, $attack", "[hell], $hell_th_statue_clip, trod, $attack"], "visibility_rules": ["label_irene_tt"]},
          {"name": "Rosso", "hosted_item": "rosso", "access_rules": ["$thEscapeEquipment, merge, $attack_normal", "[hard], $thEscapeEquipment, merge, $attack", "[advanced], $adv_th_statue_clip, trod, $attack", "[hell], $hell_th_statue_clip, trod, $attack"], "visibility_rules": ["label_rosso_tt"]}
        ]
      },
      {
        "name": "Thieves' Hideout",
        "map_locations": [
          {
            "map": "lorule",
            "x": 324,
            "y": 962
          }
        ],
        "sections": [
          {
            "name": "Dungeon",
            "item_count": 8,
            "clear_as_group": false,
            "access_rules": [
              "[merge], [$switch], [flippers], [sword]",
              "[merge], [$switch], [flippers], [bow]",
              "advanced, [$switch], [trod], [flippers], [$attack]"
            ]
          },
          {"name": "Pendant of Power", "hosted_item": "power", "access_rules": ["$thEscapeEquipment, merge, $attack_normal", "[hard], $thEscapeEquipment, merge, $attack", "[advanced], $adv_th_statue_clip, trod, $attack", "[hell], $hell_th_statue_clip, trod, $attack"], "visibility_rules": ["label_power_tt"]},
          {"name": "Pendant of Wisdom", "hosted_item": "wisdom", "access_rules": ["$thEscapeEquipment, merge, $attack_normal", "[hard], $thEscapeEquipment, merge, $attack", "[advanced], $adv_th_statue_clip, trod, $attack", "[hell], $hell_th_statue_clip, trod, $attack"], "visibility_rules": ["label_wisdom_tt"]},
          {"name": "Pendant of Courage", "hosted_item": "courage", "access_rules": ["$thEscapeEquipment, merge, $attack_normal", "[hard], $thEscapeEquipment, merge, $attack", "[advanced], $adv_th_statue_clip, trod, $attack", "[hell], $hell_th_statue_clip, trod, $attack"], "visibility_rules": ["label_courage_tt"]},
          {"name": "Gulley", "hosted_item": "gulley", "access_rules": ["$thEscapeEquipment, merge, $attack_normal", "[hard], $thEscapeEquipment, merge, $attack", "[advanced], $adv_th_statue_clip, trod, $attack", "[hell], $hell_th_statue_clip, trod, $attack"], "visibility_rules": ["label_gulley_tt"]},
          {"name": "Oren", "hosted_item": "oren", "access_rules": ["$thEscapeEquipment, merge, $attack_normal", "[hard], $thEscapeEquipment, merge, $attack", "[advanced], $adv_th_statue_clip, trod, $attack", "[hell], $hell_th_statue_clip, trod, $attack"], "visibility_rules": ["label_oren_tt"]},
          {"name": "Seres", "hosted_item": "seres", "access_rules": ["$thEscapeEquipment, merge, $attack_normal", "[hard], $thEscapeEquipment, merge, $attack", "[advanced], $adv_th_statue_clip, trod, $attack", "[hell], $hell_th_statue_clip, trod, $attack"], "visibility_rules": ["label_seres_tt"]},
          {"name": "Osfala", "hosted_item": "osfala", "access_rules": ["$thEscapeEquipment, merge, $attack_normal", "[hard], $thEscapeEquipment, merge, $attack", "[advanced], $adv_th_statue_clip, trod, $attack", "[hell], $hell_th_statue_clip, trod, $attack"], "visibility_rules": ["label_osfala_tt"]},
          {"name": "Impa", "hosted_item": "impa", "access_rules": ["$thEscapeEquipment, merge, $attack_normal", "[hard], $thEscapeEquipment, merge, $attack", "[advanced], $adv_th_statue_clip, trod, $attack", "[hell], $hell_th_statue_clip, trod, $attack"], "visibility_rules": ["label_impa_tt"]},
          {"name": "Irene", "hosted_item": "irene", "access_rules": ["$thEscapeEquipment, merge, $attack_normal", "[hard], $thEscapeEquipment, merge, $attack", "[advanced], $adv_th_statue_clip, trod, $attack", "[hell], $hell_th_statue_clip, trod, $attack"], "visibility_rules": ["label_irene_tt"]},
          {"name": "Rosso", "hosted_item": "rosso", "access_rules": ["$thEscapeEquipment, merge, $attack_normal", "[hard], $thEscapeEquipment, merge, $attack", "[advanced], $adv_th_statue_clip, trod, $attack", "[hell], $hell_th_statue_clip, trod, $attack"], "visibility_rules": ["label_rosso_tt"]}
        ]
      }
    ]
  }
]