[
  {
    "name": "Turtle Rock",
    "color": "#a332ce",
    "chest_unopened_img": "images/checks/chest_small_unopened.png",
    "chest_opened_img": "images/checks/chest_small_opened.png",
    "children": [
      {
        "name": "Turtle Rock",
        "map_locations": [
          {
            "map": "turtle1F",
            "x": 89,
            "y": 95
          }
        ],
        "sections": [
          {
            "name": "(1F) Center",
            "item_count": 1,
            "access_rules": [
              "$enterTR",
              "[advanced], $advanced_enterTR",
              "[hell], $hell_enterTR"
            ]
          }
        ]
      },
      {
        "name": "Turtle Rock",
        "map_locations": [
          {
            "map": "turtle1F",
            "x": 67,
            "y": 85
          }
        ],
        "sections": [
          {
            "name": "(1F) Defeat Flamolas",
            "item_count": 1,
            "access_rules": [
              "$enterTR",
              "[advanced], $advanced_enterTR",
              "[hell], $hell_enterTR"
            ]
          }
        ]
      },
      {
        "name": "Turtle Rock",
        "map_locations": [
          {
            "map": "turtle1F",
            "x": 109,
            "y": 74
          }
        ],
        "sections": [
          {
            "name": "(1F) Northeast Ledge",
            //"capture_item": true,
            "item_count": 1,
            "access_rules": [
              "$enterTR",
              "[advanced], $advanced_enterTR",
              "[hell], $hell_enterTR"
            ]
          }
        ]
      },
      {
        "name": "Turtle Rock",
        "map_locations": [
          {
            "map": "turtle1F",
            "x": 89,
            "y": 58
          }
        ],
        "sections": [
          {
            "name": "(1F) Grate Chest",
            "item_count": 1,
            "access_rules": [
              "$enterTR",
              "[advanced], $advanced_enterTR",
              "[hell], $hell_enterTR"
            ]
          }
        ]
      },
      {
        "name": "Turtle Rock",
        "map_locations": [
          {
            "map": "turtle1F",
            "x": 120,
            "y": 133
          }
        ],
        "sections": [
          {
            "name": "(1F) Southeast Chest",
            "item_count": 1,
            "access_rules": [
              "$enterTR",
              "[advanced], $advanced_enterTR",
              "[hell], $hell_enterTR"
            ]
          }
        ]
      },
      {
        "name": "Turtle Rock",
        "map_locations": [
          {
            "map": "turtle1F",
            "x": 52,
            "y": 54
          }
        ],
        "sections": [
          {
            "name": "(1F) Northwest Room",
            //"capture_item": true,
            "item_count": 1,
            "access_rules": [
              "$enterTR",
              "[advanced], $advanced_enterTR",
              "[hell], $hell_enterTR"
            ]
          }
        ]
      },
      {
        "name": "Turtle Rock",
        "map_locations": [
          {
            "map": "turtle1F",
            "x": 16,
            "y": 46
          },
          {
            "map": "lorule",
            "x": 1508,
            "y": 1639
          }
        ],
        "sections": [
          {
            "name": "Left Balcony",
            "access_rules": [
              //"{merge, quake}",
              "$enterTR",
              "[advanced], $advanced_enterTR",
              "[hell], $hell_enterTR"
            ],
            //"capture_item": true,
            "item_count": 1
          }
        ]
      },
      {
        "name": "Turtle Rock",
        "map_locations": [
          {
            "map": "turtleB1",
            "x": 89,
            "y": 47
          }
        ],
        "sections": [
          {
            "name": "(B1) Grate Chest (Small)",
            "item_count": 1,
            "access_rules": [
              "$enterTR",
              "[advanced], $advanced_enterTR",
              "[hell], $hell_enterTR"
            ]
          }
        ]
      },
      {
        "name": "Turtle Rock",
        "map_locations": [
          {
            "map": "turtleB1",
            "x": 89,
            "y": 58
          }
        ],
        "sections": [
          {
            "name": "(B1) Big Chest (Top)",
            "item_count": 1,
            "access_rules": [
              "$enterTR, $shielded_switch",
              "[hard], $enterTR",
              "[advanced], $advanced_enterTR",
              "[hell], $hell_enterTR"
            ]
          }
        ]
      },
      {
        "name": "Turtle Rock",
        "map_locations": [
          {
            "map": "turtleB1",
            "x": 89,
            "y": 85
          }
        ],
        "sections": [
          {
            "name": "(B1) Big Chest (Center)",
            "item_count": 1,
            "access_rules": [
              "$enterTR, $shielded_switch",
              "[hard], $enterTR",
              "[advanced], $advanced_enterTR",
              "[hell], $hell_enterTR"
            ]
          }
        ]
      },
      {
        "name": "Turtle Rock",
        "map_locations": [
          {
            "map": "turtleB1",
            "x": 136,
            "y": 49
          }
        ],
        "sections": [
          {
            "name": "(B1) Northeast Room",
            //"capture_item": true,
            "item_count": 1,
            "access_rules": [
              "$enterTR",
              "[advanced], $advanced_enterTR",
              "[hell], $hell_enterTR"
            ]
          }
        ]
      },
      {
        "name": "Turtle Rock",
        "map_locations": [
          {
            "map": "turtleB1",
            "x": 109,
            "y": 85
          }
        ],
        "sections": [
          {
            "name": "(B1) Platform",
            "item_count": 1,
            "access_rules": [
              "$enterTR",
              "[advanced], $advanced_enterTR",
              "[hell], $hell_enterTR"
            ]
          }
        ]
      },
      {
        "name": "Turtle Rock",
        "map_locations": [
          {
            "map": "turtleB2",
            "x": 78,
            "y": 92
          }
        ],
        "sections": [
          {
            "name": "Grinexx",
            //"capture_item": true,
            "item_count": 1,
            "access_rules": [
              "$enterTR",
              "[advanced], $advanced_enterTR",
              "[hell], $hell_enterTR"
            ]
          }
        ]
      },
      {
        "name": "Turtle Rock",
        "map_locations": [
          {
            "map": "turtleB2",
            "x": 89,
            "y": 75,
            "size": 20
          }
        ],
        "sections": [
          {"name": "Pendant of Power", "hosted_item": "power", "access_rules": ["$enterTR"], "visibility_rules": ["label_power_tr"]},
          {"name": "Pendant of Wisdom", "hosted_item": "wisdom", "access_rules": ["$enterTR"], "visibility_rules": ["label_wisdom_tr"]},
          {"name": "Pendant of Courage", "hosted_item": "courage", "access_rules": ["$enterTR"], "visibility_rules": ["label_courage_tr"]},
          {"name": "Gulley", "hosted_item": "gulley", "access_rules": ["$enterTR"], "visibility_rules": ["label_gulley_tr"]},
          {"name": "Oren", "hosted_item": "oren", "access_rules": ["$enterTR"], "visibility_rules": ["label_oren_tr"]},
          {"name": "Seres", "hosted_item": "seres", "access_rules": ["$enterTR"], "visibility_rules": ["label_seres_tr"]},
          {"name": "Osfala", "hosted_item": "osfala", "access_rules": ["$enterTR"], "visibility_rules": ["label_osfala_tr"]},
          {"name": "Impa", "hosted_item": "impa", "access_rules": ["$enterTR"], "visibility_rules": ["label_impa_tr"]},
          {"name": "Irene", "hosted_item": "irene", "access_rules": ["$enterTR"], "visibility_rules": ["label_irene_tr"]},
          {"name": "Rosso", "hosted_item": "rosso", "access_rules": ["$enterTR"], "visibility_rules": ["label_rosso_tr"]}
        ]
      },
      {
        "name": "Turtle Rock",
        "map_locations": [
          {
            "map": "lorule",
            "x": 1572,
            "y": 1710
          }
        ],
        "sections": [
          {
            "name": "Dungeon",
            "item_count": 8,
            "clear_as_group": false,
            "access_rules": [
              "$enterTR, [$shielded_switch]",
              "advanced, [$advanced_enterTR], [$shielded_switch]",
              "hell, [$hell_enterTR], [$shielded_switch]"
            ]
          },
          {"name": "Pendant of Power", "hosted_item": "power", "access_rules": ["$enterTR", "[advanced], $advanced_enterTR", "[hell], $hell_enterTR"], "visibility_rules": ["label_power_tr"]},
          {"name": "Pendant of Wisdom", "hosted_item": "wisdom", "access_rules": ["$enterTR", "[advanced], $advanced_enterTR", "[hell], $hell_enterTR"], "visibility_rules": ["label_wisdom_tr"]},
          {"name": "Pendant of Courage", "hosted_item": "courage", "access_rules": ["$enterTR", "[advanced], $advanced_enterTR", "[hell], $hell_enterTR"], "visibility_rules": ["label_courage_tr"]},
          {"name": "Gulley", "hosted_item": "gulley", "access_rules": ["$enterTR", "[advanced], $advanced_enterTR", "[hell], $hell_enterTR"], "visibility_rules": ["label_gulley_tr"]},
          {"name": "Oren", "hosted_item": "oren", "access_rules": ["$enterTR", "[advanced], $advanced_enterTR", "[hell], $hell_enterTR"], "visibility_rules": ["label_oren_tr"]},
          {"name": "Seres", "hosted_item": "seres", "access_rules": ["$enterTR", "[advanced], $advanced_enterTR", "[hell], $hell_enterTR"], "visibility_rules": ["label_seres_tr"]},
          {"name": "Osfala", "hosted_item": "osfala", "access_rules": ["$enterTR", "[advanced], $advanced_enterTR", "[hell], $hell_enterTR"], "visibility_rules": ["label_osfala_tr"]},
          {"name": "Impa", "hosted_item": "impa", "access_rules": ["$enterTR", "[advanced], $advanced_enterTR", "[hell], $hell_enterTR"], "visibility_rules": ["label_impa_tr"]},
          {"name": "Irene", "hosted_item": "irene", "access_rules": ["$enterTR", "[advanced], $advanced_enterTR", "[hell], $hell_enterTR"], "visibility_rules": ["label_irene_tr"]},
          {"name": "Rosso", "hosted_item": "rosso", "access_rules": ["$enterTR", "[advanced], $advanced_enterTR", "[hell], $hell_enterTR"], "visibility_rules": ["label_rosso_tr"]}
        ]
      }
    ]
  }
]