[
  {
    "name": "Bee Badge",
    "type": "toggle",
    "img": "images/bee_badge.png",
    "codes": "beebadge"
  },
  {
    "name": "Bell",
    "type": "toggle",
    "img": "images/bell.png",
    "codes": "bell"
  },
  {
    "name": "Big Key",
    "type": "toggle",
    "img": "images/key_big.png",
    "codes": "bigkey"
  },
  {
    "name": "Blue Rupee",
    "type": "toggle",
    "img": "images/rupee_blue.png",
    "codes": "rupee_blue"
  },
  {
    "name": "Bombs",
    "type": "progressive",
    "stages": [
      {
        "name": "Bombs",
        "img": "images/bombs.png",
        "codes": "bombs"
      },
      {
        "name": "Nice Bombs",
        "img": "images/bombs_nice.png",
        "codes": "nicebombs"
      }
    ]
  },
  {
    "name": "Boomerang",
    "type": "progressive",
    "stages": [
      {
        "name": "Boomerang",
        "img": "images/boomerang.png",
        "codes": "boomerang"
      },
      {
        "name": "Nice Boomerang",
        "img": "images/boomerang_nice.png",
        "codes": "niceboomerang"
      }
    ]
  },
  {
    "name": "Bottles",
    "type": "consumable",
    "img": "images/bottle.png",
    "codes": "bottle",
    "max_quantity": 5
  },
  {
    "name": "Bow",
    "type": "progressive",
    "stages": [
      {
        "name": "Bow",
        "img": "images/bow.png",
        "codes": "bow"
      },
      {
        "name": "Nice Bow",
        "img": "images/bow_nice.png",
        "codes": "nicebow"
      }
    ]
  },
  {
    "name": "Bow of Light",
    "type": "toggle",
    "img": "images/bow_light.png",
    "codes": "bowlight, bowoflight"
  },
  {
    "name": "Bug Net",
    "type": "progressive",
    "stages": [
      {
        "name": "Bug Net",
        "img": "images/net.png",
        "codes": "net, bugnet"
      },
      {
        "name": "Super Net",
        "img": "images/net_super.png",
        "codes": "supernet, superbugnet"
      }
    ]
  },
  {
    "name": "Compass",
    "type": "toggle",
    "img": "images/compass.png",
    "codes": "compass"
  },
  {
    "name": "Sage Gulley",
    "type": "toggle",
    "img": "images/dark.png",
    "codes": "dark, gulley"
  },
  {
    "name": "Sage Irene",
    "type": "toggle",
    "img": "images/desert.png",
    "codes": "desert, irene"
  },
  {
    "name": "Pendant of Courage",
    "type": "toggle",
    "img": "images/eastern.png",
    "codes": "eastern"
  },
  {
    "name": "Fire Rod",
    "type": "progressive",
    "stages": [
      {
        "name": "Fire Rod",
        "img": "images/frod.png",
        "codes": "frod, firerod"
      },
      {
        "name": "Nice Fire Rod",
        "img": "images/frod_nice.png",
        "codes": "nicefrod, nicefirerod"
      }
    ]
  },
  {
    "name": "Foul Fruit",
    "type": "toggle",
    "img": "images/foul_fruit.png",
    "codes": "foul, foulfruit"
  },
  {
    "name": "Gold Rupee",
    "type": "toggle",
    "img": "images/rupee_gold.png",
    "codes": "rupee_gold"
  },
  {
    "name": "Golden Bee",
    "type": "toggle",
    "img": "images/bottle_goldenbee.png",
    "codes": "goldenbee, goldbee"
  },
  {
    "name": "Green Rupee",
    "type": "toggle",
    "img": "images/rupee_green.png",
    "codes": "rupee_green"
  },
  {
    "name": "Tunic/Mail",
    "type": "progressive",
    "allow_disabled": false,
    "stages": [
      {
        "name": "Green Tunic",
        "img": "images/green_tunic.png",
        "codes": "greentunic"
      },
      {
        "name": "Blue Mail",
        "img": "images/blue_mail.png",
        "codes": "bluemail"
      },
      {
        "name": "Red Mail",
        "img": "images/red_mail.png",
        "codes": "redmail"
      }
    ]
  },
  {
    "name": "Great Spin",
    "type": "toggle",
    "mask_input": true,
    "img": "images/great_spin.png",
    "codes": "greatspin"
  },
  {
    "name": "Hammer",
    "type": "progressive",
    "stages": [
      {
        "name": "Hammer",
        "img": "images/hammer.png",
        "codes": "hammer"
      },
      {
        "name": "Nice Hammer",
        "img": "images/hammer_nice.png",
        "codes": "nicehammer"
      }
    ]
  },
  {
    "name": "Heart",
    "type": "toggle",
    "img": "images/heart.png",
    "codes": "heart"
  },
  {
    "name": "Heart Container",
    "type": "toggle",
    "img": "images/heart_container.png",
    "codes": "hc"
  },
  {
    "name": "Heart Piece",
    "type": "toggle",
    "img": "images/heart_piece.png",
    "codes": "hp"
  },
  {
    "name": "Hint Glasses",
    "type": "toggle",
    "img": "images/hint_glasses.png",
    "codes": "hintglasses, glasses"
  },
  {
    "name": "Hookshot",
    "type": "progressive",
    "stages": [
      {
        "name": "Hookshot",
        "img": "images/hookshot.png",
        "codes": "hookshot"
      },
      {
        "name": "Nice Hookshot",
        "img": "images/hookshot_nice.png",
        "codes": "nicehookshot"
      }
    ]
  },
  {
    "name": "Pendant of Wisdom",
    "type": "toggle",
    "img": "images/gales.png",
    "codes": "gales"
  },
  {
    "name": "Ice Rod",
    "type": "progressive",
    "stages": [
      {
        "name": "Ice Rod",
        "img": "images/irod.png",
        "codes": "irod, icerod"
      },
      {
        "name": "Nice Ice Rod",
        "img": "images/irod_nice.png",
        "codes": "niceirod, niceicerod"
      }
    ]
  },
  {
    "name": "Irene Trigger",
    "type": "toggle",
    "img": "images/irene.png",
    "codes": "ireneTrigger"
  },
  {
    "name": "Sage Rosso",
    "type": "toggle",
    "img": "images/ice.png",
    "codes": "ice, rosso"
  },
  {
    "name": "Lamp",
    "type": "progressive",
    "stages": [
      {
        "name": "Lamp",
        "img": "images/lamp.png",
        "codes": "lamp"
      },
      {
        "name": "Super Lamp",
        "img": "images/lamp_super.png",
        "codes": "superlamp"
      }
    ]
  },
  {
    "name": "Letter in a Bottle",
    "type": "toggle",
    "img": "images/bottle_letter.png",
    "codes": "letter"
  },
  {
    "name": "Maiamai",
    "type": "consumable",
    "img": "images/maiamai.png",
    "codes": "maiamai",
    "max_quantity": 100
  },
  {
    "name": "Maiamai Map",
    "type": "progressive",
    "loop": true,
    "stages": [
      {
        "img": "images/maiamai_map.png",
        "codes": "maiamai_map"
      }
    ]
  },
  {
    "name": "Master Ore",
    "type": "consumable",
    "img": "images/master_ore.png",
    "max_quantity": 4,
    "codes": "masterore, ore"
  },
  {
    "name": "Monster Guts",
    "type": "toggle",
    "img": "images/monster_guts.png",
    "codes": "guts"
  },
  {
    "name": "Monster Horn",
    "type": "toggle",
    "img": "images/monster_horn.png",
    "codes": "horn"
  },
  {
    "name": "Monster Tail",
    "type": "toggle",
    "img": "images/monster_tail.png",
    "codes": "tail"
  },
  {
    "name": "Pegasus Boots",
    "type": "toggle",
    "img": "images/pegasus_boots.png",
    "codes": "boots, pegasusboots"
  },
  {
    "name": "Pouch",
    "type": "toggle",
    "img": "images/pouch.png",
    "codes": "pouch"
  },
  {
    "name": "Power Glove",
    "type": "progressive",
    "stages": [
      {
        "name": "Power Glove",
        "img": "images/power_glove.png",
        "codes": "powerglove, glove"
      },
      {
        "name": "Titan's Mitt",
        "img": "images/titans_mitt.png",
        "codes": "titansmitt"
      }
    ]
  },
  {
    "name": "Premium Milk",
    "type": "toggle",
    "img": "images/bottle_milk.png",
    "codes": "milk, premiummilk"
  },
  {
    "name": "Purple Rupee",
    "type": "toggle",
    "img": "images/rupee_purple.png",
    "codes": "rupee_purple"
  },
  {
    "name": "Ravio's Bracelet",
    "type": "progressive",
    "allow_disabled": false,
    "stages": [
      {
        "img": "images/bracelet.png",
        "codes": "bracelet"
      },
      {
        "img": "images/merge.png",
        "codes": "merge"
      }
    ]
  },
  {
    "name": "Red Rupee",
    "type": "toggle",
    "img": "images/rupee_red.png",
    "codes": "rupee_red"
  },
  {
    "name": "Sand Rod",
    "type": "progressive",
    "stages": [
      {
        "name": "Sand Rod",
        "img": "images/srod.png",
        "codes": "srod, sandrod"
      },
      {
        "name": "Nice Sand Rod",
        "img": "images/srod_nice.png",
        "codes": "nicesrod, nicesandrod"
      }
    ]
  },
  {
    "name": "Scoot Fruit",
    "type": "toggle",
    "img": "images/scoot_fruit.png",
    "codes": "scoot, scootfruit"
  },
  {
    "name": "Shield",
    "type": "progressive",
    "stages": [
      {
        "name": "Shield",
        "img": "images/shield.png",
        "codes": "shield"
      },
      {
        "name": "Hylian Shield",
        "img": "images/shield_hylian.png",
        "codes": "hylianshield"
      }
    ]
  },
  {
    "name": "Silver Rupee",
    "type": "toggle",
    "img": "images/rupee_silver.png",
    "codes": "rupee_silver"
  },
  {
    "name": "Small Key",
    "type": "toggle",
    "img": "images/key_small.png",
    "codes": "key"
  },
  {
    "name": "Smooth Gem",
    "type": "toggle",
    "img": "images/smooth_gem.png",
    "codes": "smoothgem"
  },
  {
    "name": "Stamina Scroll",
    "type": "toggle",
    "img": "images/stamina_scroll.png",
    "codes": "scroll, staminascroll"
  },
  {
    "name": "Sage Seres",
    "type": "toggle",
    "img": "images/skull.png",
    "codes": "skull, seres"
  },
  {
    "name": "Sage Oren",
    "type": "toggle",
    "img": "images/swamp.png",
    "codes": "swamp, oren, worstsage"
  },
  {
    "name": "Sword",
    "type": "progressive",
    "mask_input": true,
    "stages": [
      {
        "name": "Forgotten Sword",
        "img": "images/fsword.png",
        "codes": "fsword, forgottensword, sword"
      },
      {
        "name": "Master Sword",
        "img": "images/msword.png",
        "codes": "msword, mastersword"
      },
      {
        "name": "Master Sword Lv2",
        "img": "images/msword2.png",
        "codes": "msword2, mastersword2, tempered, temperedsword"
      },
      {
        "name": "Master Sword Lv3",
        "img": "images/msword3.png",
        "codes": "msword3, mastersword3, butter, buttersword"
      }
    ]
  },
  {
    "name": "Sage Osfala",
    "type": "toggle",
    "img": "images/thieves.png",
    "codes": "thieves, osfala"
  },
  {
    "name": "Tornado Rod",
    "type": "progressive",
    "stages": [
      {
        "img": "images/trod.png",
        "codes": "trod, tornadorod"
      },
      {
        "name": "Nice Tornado Rod",
        "img": "images/trod_nice.png",
        "codes": "nicetrod, nicetornadorod"
      }
    ]
  },
  {
    "name": "Pendant of Power",
    "type": "toggle",
    "img": "images/hera.png",
    "codes": "hera"
  },
  {
    "name": "Triforce",
    "type": "toggle",
    "img": "images/triforce.png",
    "codes": "triforce"
  },
  {
    "name": "Sage Impa",
    "type": "toggle",
    "img": "images/turtle.png",
    "codes": "turtle, impa"
  },
  {
    "name": "Zelda",
    "type": "toggle",
    "img": "images/zelda.png",
    "codes": "zelda"
  },
  {
    "name": "Zora's Flippers",
    "type": "toggle",
    "img": "images/flippers.png",
    "codes": "flippers"
  }
]