[
  {
    "name": "Logic Mode",
    "type": "progressive",
    "allow_disabled": false,
    "stages": [
      {
        "img": "images/settings/Logic_Mode.png",
        "img_mods": "overlay|images/settings/Normal.png",
        "codes": "logic",
        "inherit_codes": false
      },
      {
        "img": "images/settings/Logic_Mode.png",
        "img_mods": "overlay|images/settings/Hard.png",
        "codes": "hard",
        "inherit_codes": true
      },
      {
        "img": "images/settings/Logic_Mode.png",
        "img_mods": "overlay|images/settings/Glitched.png",
        "codes": "glitched",
        "inherit_codes": true
      },
      {
        "img": "images/settings/Logic_Mode.png",
        "img_mods": "overlay|images/settings/Adv_Glitched.png",
        "codes": "advanced",
        "inherit_codes": true
      },
      {
        "img": "images/settings/Logic_Mode.png",
        "img_mods": "overlay|images/settings/Hell.png",
        "codes": "hell",
        "inherit_codes": true
      }
      //      {
      //        "img": "images/settings/Logic_Mode.png",
      //        "img_mods": "overlay|images/settings/No_Logic.png",
      //        "codes": "no_logic",
      //        "inherit_codes": true
      //      }
    ]
  },
  {
    "name": "Lorule Castle Portrait Requirement",
    "type": "progressive",
    "loop": true,
    "allow_disabled": false,
    "stages": [
      {
        "img": "images/settings/Lorule_Castle.png",
        "img_mods": "overlay|images/settings/7.png",
        "codes": "lc_requirement_7"
      },
      {
        "img": "images/settings/Lorule_Castle.png",
        "img_mods": "overlay|images/settings/6.png",
        "codes": "lc_requirement_6",
        "inherit_codes": false
      },
      {
        "img": "images/settings/Lorule_Castle.png",
        "img_mods": "overlay|images/settings/5.png",
        "codes": "lc_requirement_5",
        "inherit_codes": false
      },
      {
        "img": "images/settings/Lorule_Castle.png",
        "img_mods": "overlay|images/settings/4.png",
        "codes": "lc_requirement_4",
        "inherit_codes": false
      },
      {
        "img": "images/settings/Lorule_Castle.png",
        "img_mods": "overlay|images/settings/3.png",
        "codes": "lc_requirement_3",
        "inherit_codes": false
      },
      {
        "img": "images/settings/Lorule_Castle.png",
        "img_mods": "overlay|images/settings/2.png",
        "codes": "lc_requirement_2",
        "inherit_codes": false
      },
      {
        "img": "images/settings/Lorule_Castle.png",
        "img_mods": "overlay|images/settings/1.png",
        "codes": "lc_requirement_1",
        "inherit_codes": false
      },
      {
        "img": "images/settings/Lorule_Castle.png",
        "img_mods": "overlay|images/settings/0.png,@disabled",
        "codes": "lc_requirement",
        "inherit_codes": false
      }
    ]
  },
  {
    "name": "Yuga Ganon Portrait Requirement",
    "type": "progressive",
    "loop": true,
    "allow_disabled": false,
    "stages": [
      {
        "img": "images/settings/Yuga_Ganon.png",
        "img_mods": "overlay|images/settings/7.png",
        "codes": "yg_requirement_7"
      },
      {
        "img": "images/settings/Yuga_Ganon.png",
        "img_mods": "overlay|images/settings/6.png",
        "codes": "yg_requirement_6",
        "inherit_codes": false
      },
      {
        "img": "images/settings/Yuga_Ganon.png",
        "img_mods": "overlay|images/settings/5.png",
        "codes": "yg_requirement_5",
        "inherit_codes": false
      },
      {
        "img": "images/settings/Yuga_Ganon.png",
        "img_mods": "overlay|images/settings/4.png",
        "codes": "yg_requirement_4",
        "inherit_codes": false
      },
      {
        "img": "images/settings/Yuga_Ganon.png",
        "img_mods": "overlay|images/settings/3.png",
        "codes": "yg_requirement_3",
        "inherit_codes": false
      },
      {
        "img": "images/settings/Yuga_Ganon.png",
        "img_mods": "overlay|images/settings/2.png",
        "codes": "yg_requirement_2",
        "inherit_codes": false
      },
      {
        "img": "images/settings/Yuga_Ganon.png",
        "img_mods": "overlay|images/settings/1.png",
        "codes": "yg_requirement_1",
        "inherit_codes": false
      },
      {
        "img": "images/settings/Yuga_Ganon.png",
        "img_mods": "overlay|images/settings/0.png,@disabled",
        "codes": "yg_requirement",
        "inherit_codes": false
      }
    ]
  },
  {
    "name": "Master Sword Pedestal Requirement",
    "type": "progressive",
    "loop": true,
    "allow_disabled": false,
    "stages": [
      {
        "img": "images/settings/Pedestal.png",
        "img_mods": "overlay|images/settings/Pendants4.png",
        "codes": "ped_requirement_4",
        "inherit_codes": false
      },
      {
        "img": "images/settings/Pedestal.png",
        "img_mods": "overlay|images/settings/Pendants3.png",
        "codes": "ped_requirement_3",
        "inherit_codes": false
      },
      {
        "img": "images/settings/Pedestal.png",
        "img_mods": "overlay|images/settings/Pendants2.png",
        "codes": "ped_requirement_2",
        "inherit_codes": false
      }
    ]
  },
  {
    "name": "Reverse Sage Events",
    "type": "progressive",
    "loop": true,
    "allow_disabled": false,
    "stages": [
      {
        "img": "images/settings/Reverse_Sage_Events.png",
        "img_mods": "overlay|images/settings/OFF.png,@disabled",
        "codes": "ssl_off",
        "inherit_codes": false
      },
      {
        "img": "images/settings/Reverse_Sage_Events.png",
        "img_mods": "overlay|images/settings/ON.png",
        "codes": "ssl",
        "inherit_codes": false
      }
    ]
  },
  {
    "name": "Nice Mode",
    "type": "progressive",
    "loop": true,
    "allow_disabled": false,
    "stages": [
      {
        "img": "images/settings/Nice_Mode.png",
        "img_mods": "overlay|images/settings/OFF.png,@disabled",
        "codes": "not_nice_mode",
        "inherit_codes": false
      },
      {
        "img": "images/settings/Nice_Mode.png",
        "img_mods": "overlay|images/settings/ON.png",
        "codes": "nice_mode",
        "inherit_codes": false
      }
    ]
  },
  {
    "name": "Progression Granting Enemies",
    "type": "progressive",
    "loop": true,
    "allow_disabled": false,
    "stages": [
      {
        "img": "images/settings/PGE.png",
        "img_mods": "@disabled,overlay|images/settings/PGE_Vanilla.png",
        "codes": "progression_enemies",
        "inherit_codes": false
      },
      {
        "img": "images/settings/PGE.png",
        "img_mods": "overlay|images/settings/PGE_Removed.png",
        "codes": "no_progression_enemies",
        "inherit_codes": false
      }
    ]
  },
  //  {
  //    "name": "Backdoor Lorule Castle",
  //    "type": "progressive",
  //    "loop": true,
  //    "allow_disabled": false,
  //    "stages": [
  //      {
  //        "img": "images/settings/template.png",
  //        //"img_mods": "overlay|images/labels/Normal.png",
  //        "codes": "backdoor_closed",
  //        "inherit_codes": false
  //      },
  //      {
  //        "img": "images/settings/template.png",
  //        //"img_mods": "overlay|images/labels/Skipped.png",
  //        "codes": "backdoor_open",
  //        "inherit_codes": false
  //      }
  //    ]
  //  },
  {
    "name": "Lorule Castle Trials",
    "type": "progressive",
    "loop": true,
    "allow_disabled": false,
    "stages": [
      {
        "img": "images/settings/Trials.png",
        "img_mods": "overlay|images/settings/Vanilla.png,@disabled",
        "codes": "trials_normal",
        "inherit_codes": false
      },
      {
        "img": "images/settings/Trials.png",
        "img_mods": "overlay|images/settings/Skipped.png",
        "codes": "trials_skipped",
        "inherit_codes": false
      }
    ]
  },
  {
    "name": "Dark Rooms Lamp Requirement",
    "type": "progressive",
    "loop": true,
    "allow_disabled": false,
    "stages": [
      {
        "img": "images/settings/Dark_Rooms.png",
        "img_mods": "overlay|images/settings/Need_Lamp.png,@disabled",
        "codes": "lampful",
        "inherit_codes": false
      },
      {
        "img": "images/settings/Dark_Rooms.png",
        "img_mods": "overlay|images/settings/Lampless.png",
        "codes": "lampless",
        "inherit_codes": false
      }
    ]
  },
  {
    "name": "Weather Vanes",
    "type": "progressive",
    "loop": true,
    "allow_disabled": false,
    "stages": [
      {
        "img": "images/settings/Weather_Vanes.png",
        "img_mods": "overlay|images/settings/OFF.png,@disabled",
        "codes": "weather_vanes",
        "inherit_codes": false
      },
      {
        "img": "images/settings/Weather_Vanes.png",
        "img_mods": "overlay|images/settings/Hyrule.png",
        "codes": "wv_hyrule, wv_kakariko, wv_eastern, wv_gales, wv_hera, wv_witch, wv_death_hyrule, wv_desert, wv_sanctuary",
        "inherit_codes": false
      },
      {
        "img": "images/settings/Weather_Vanes.png",
        "img_mods": "overlay|images/settings/Lorule.png",
        "codes": "wv_lorule, wv_skull, wv_treacherous_tower, wv_ice, wv_lorule_castle, wv_graveyard, wv_thieves, wv_dark, wv_blacksmith, wv_vacant_house, wv_mire, wv_swamp, wv_turtle, wv_death_lorule",
        "inherit_codes": false
      },
      {
        "img": "images/settings/Weather_Vanes.png",
        "img_mods": "overlay|images/settings/ALL.png",
        "codes": "wv_all, wv_kakariko, wv_eastern, wv_gales, wv_hera, wv_witch, wv_death_hyrule, wv_desert, wv_sanctuary, wv_skull, wv_treacherous_tower, wv_ice, wv_lorule_castle, wv_graveyard, wv_thieves, wv_dark, wv_blacksmith, wv_vacant_house, wv_mire, wv_swamp, wv_turtle, wv_death_lorule",
        "inherit_codes": false
      }
    ]
  }
]