[
  {
    "name": "Logic Mode",
    "type": "progressive",
    "allow_disabled": false,
    "stages": [
      {
        "img": "images/logic_normal.png",
        "codes": "logic",
        "inherit_codes": false
      },
      {
        "img": "images/logic_hard.png",
        "codes": "hard",
        "inherit_codes": true
      },
      {
        "img": "images/logic_basic.png",
        "codes": "basic",
        "inherit_codes": true
      },
      {
        "img": "images/logic_advanced.png",
        "codes": "advanced",
        "inherit_codes": true
      },
      {
        "img": "images/logic_hell.png",
        "codes": "hell",
        "inherit_codes": true
      }
    ]
  },
  {
    "name": "Minigames",
    "type": "progressive",
    "loop": true,
    "allow_disabled": false,
    "stages": [
      {
        "img": "images/minigames_enabled.png",
        "codes": "minigames_enabled",
        "inherit_codes": false
      },
      {
        "img": "images/minigames_disabled.png",
        "codes": "minigames_disabled",
        "inherit_codes": false
      }
    ]
  },
  {
    "name": "Lorule Castle Trials",
    "type": "progressive",
    "loop": true,
    "allow_disabled": false,
    "stages": [
      {
        "img": "images/trials_normal.png",
        "codes": "trials_normal",
        "inherit_codes": false
      },
      {
        "img": "images/trials_skipped.png",
        "codes": "trials_skipped",
        "inherit_codes": false
      }
    ]
  },
  {
    "name": "Require Lamp",
    "type": "progressive",
    "loop": true,
    "allow_disabled": false,
    "stages": [
      {
        "img": "images/lamp_required.png",
        "codes": "lampful",
        "inherit_codes": false
      },
      {
        "img": "images/lamp_not_required.png",
        "codes": "lampless",
        "inherit_codes": false
      }
    ]
  },
  {
    "name": "Maiamai Map",
    "type": "progressive",
    "loop": true,
    "allow_disabled": false,
    "stages": [
      {
        "img": "images/maiamai_map_hide.png",
        "inherit_codes": false
      },
      {
        "img": "images/maiamai_map_show.png",
        "codes": "maiamai_map",
        "inherit_codes": false
      }
    ]
  }

  // Old Options below:
  //  {
  //    "name": "Bee Boost",
  //    "type": "progressive",
  //    "loop": true,
  //    "allow_disabled": false,
  //    "stages": [
  //      {
  //        "img": "images/no.png",
  //        "codes": "beeBoost_false",
  //        "inherit_codes": false
  //      },
  //      {
  //        "img": "images/yes.png",
  //        "codes": "beeBoost",
  //        "inherit_codes": false
  //      }
  //    ]
  //  },
  //  {
  //    "name": "Bomb Boost to Ledges",
  //    "type": "progressive",
  //    "loop": true,
  //    "allow_disabled": false,
  //    "stages": [
  //      {
  //        "img": "images/no.png",
  //        "codes": "bombBoost_false",
  //        "inherit_codes": false
  //      },
  //      {
  //        "img": "images/yes.png",
  //        "codes": "bombBoost",
  //        "inherit_codes": false
  //      }
  //    ]
  //  },
  //  {
  //    "name": "Shield Rod Clipping",
  //    "type": "progressive",
  //    "loop": true,
  //    "stages": [
  //      {
  //        "img": "images/no.png",
  //        "codes": "shieldRodClip_false",
  //        "inherit_codes": false
  //      },
  //      {
  //        "img": "images/yes.png",
  //        "codes": "shieldRodClip",
  //        "inherit_codes": false
  //      }
  //    ],
  //    "allow_disabled": false
  //  },
  //  {
  //    "name": "Zaganaga with Bow",
  //    "type": "progressive",
  //    "loop": true,
  //    "stages": [
  //      {
  //        "img": "images/no.png",
  //        "codes": "zagaBow_false",
  //        "inherit_codes": false
  //      },
  //      {
  //        "img": "images/yes.png",
  //        "codes": "zagaBow",
  //        "inherit_codes": false
  //      }
  //    ],
  //    "allow_disabled": false
  //  },
  //  {
  //    "name": "Zaganaga with Sword Beams",
  //    "type": "progressive",
  //    "loop": true,
  //    "stages": [
  //      {
  //        "img": "images/no.png",
  //        "codes": "zagaSwordBeams_false",
  //        "inherit_codes": false
  //      },
  //      {
  //        "img": "images/yes.png",
  //        "codes": "zagaSwordBeams",
  //        "inherit_codes": false
  //      }
  //    ],
  //    "allow_disabled": false
  //  },
  //  {
  //    "name": "Portal Clipping",
  //    "type": "progressive",
  //    "loop": true,
  //    "stages": [
  //      {
  //        "img": "images/no.png",
  //        "codes": "portalClipping_false",
  //        "inherit_codes": false
  //      },
  //      {
  //        "img": "images/yes.png",
  //        "codes": "portalClipping",
  //        "inherit_codes": false
  //      }
  //    ],
  //    "allow_disabled": false
  //  },
  //  {
  //    "name": "Vulture Boosting",
  //    "type": "progressive",
  //    "loop": true,
  //    "stages": [
  //      {
  //        "img": "images/no.png",
  //        "codes": "vulture_false",
  //        "inherit_codes": false
  //      },
  //      {
  //        "img": "images/yes.png",
  //        "codes": "vulture",
  //        "inherit_codes": false
  //      }
  //    ],
  //    "allow_disabled": false
  //  },
  //  {
  //    "name": "Crow Escape",
  //    "type": "progressive",
  //    "loop": true,
  //    "stages": [
  //      {
  //        "img": "images/no.png",
  //        "codes": "crowEscape_false",
  //        "inherit_codes": false
  //      },
  //      {
  //        "img": "images/yes.png",
  //        "codes": "crowEscape",
  //        "inherit_codes": false
  //      }
  //    ],
  //    "allow_disabled": false
  //  }
]