[
  {
    "name": "Y Button Enabled",
    "type": "progressive",
    "loop": true,
    "allow_disabled": false,
    "stages": [
      {
        "img": "images/yes.png",
        "codes": "ybutton",
        "inherit_codes": false
      },
      {
        "img": "images/no.png",
        "codes": "ybutton_false",
        "inherit_codes": false
      }
    ]
  },
  {
    "name": "Lampless",
    "type": "progressive",
    "loop": true,
    "allow_disabled": false,
    "stages": [
      {
        "img": "images/no.png",
        "codes": "lampful",
        "inherit_codes": false
      },
      {
        "img": "images/yes.png",
        "codes": "lampless",
        "inherit_codes": false
      }
    ]
  },
  {
    "name": "Lamp as a Weapon",
    "type": "progressive",
    "loop": true,
    "allow_disabled": false,
    "stages": [
      {
        "img": "images/no.png",
        "codes": "lampAsWeapon_false",
        "inherit_codes": false
      },
      {
        "img": "images/yes.png",
        "codes": "lampAsWeapon",
        "inherit_codes": false
      }
    ]
  },
  {
    "name": "Net as a Weapon",
    "type": "progressive",
    "loop": true,
    "allow_disabled": false,
    "stages": [
      {
        "img": "images/no.png",
        "codes": "netAsWeapon_false",
        "inherit_codes": false
      },
      {
        "img": "images/yes.png",
        "codes": "netAsWeapon",
        "inherit_codes": false
      }
    ]
  },
  {
    "name": "Boots as a Weapon",
    "type": "progressive",
    "loop": true,
    "allow_disabled": false,
    "stages": [
      {
        "img": "images/no.png",
        "codes": "bootsAsWeapon_false",
        "inherit_codes": false
      },
      {
        "img": "images/yes.png",
        "codes": "bootsAsWeapon",
        "inherit_codes": false
      }
    ]
  },
  {
    "name": "Bee Boost",
    "type": "progressive",
    "loop": true,
    "allow_disabled": false,
    "stages": [
      {
        "img": "images/no.png",
        "codes": "beeBoost_false",
        "inherit_codes": false
      },
      {
        "img": "images/yes.png",
        "codes": "beeBoost",
        "inherit_codes": false
      }
    ]
  },
  {
    "name": "Bomb Boost to Ledges",
    "type": "progressive",
    "loop": true,
    "allow_disabled": false,
    "stages": [
      {
        "img": "images/no.png",
        "codes": "bombBoost_false",
        "inherit_codes": false
      },
      {
        "img": "images/yes.png",
        "codes": "bombBoost",
        "inherit_codes": false
      }
    ]
  },
  {
    "name": "Lamp Shuffle",
    "type": "progressive",
    "loop": true,
    "stages": [
      {
        "img": "images/yes.png",
        "codes": "lampShuffle",
        "inherit_codes": false
      },
      {
        "img": "images/no.png",
        "codes": "lampVanilla",
        "inherit_codes": false
      }
    ],
    "allow_disabled": false
  },
  {
    "name": "Sword Shuffle",
    "type": "progressive",
    "loop": true,
    "stages": [
      {
        "img": "images/yes.png",
        "codes": "swordShuffle",
        "inherit_codes": false
      },
      {
        "img": "images/no.png",
        "codes": "swordVanilla",
        "inherit_codes": false
      }
    ],
    "allow_disabled": false
  },
  {
    "name": "Skip Delivery",
    "type": "progressive",
    "loop": true,
    "stages": [
      {
        "img": "images/yes.png",
        "codes": "skipDelivery",
        "inherit_codes": false
      },
      {
        "img": "images/no.png",
        "codes": "delivery",
        "inherit_codes": false
      }
    ],
    "allow_disabled": false
  },
  {
    "name": "Open",
    "type": "progressive",
    "loop": true,
    "stages": [
      {
        "img": "images/yes.png",
        "codes": "open",
        "inherit_codes": false
      },
      {
        "img": "images/no.png",
        "codes": "standard",
        "inherit_codes": false
      }
    ],
    "allow_disabled": false
  },
  {
    "name": "Barrier Requires Eastern Palace",
    "type": "progressive",
    "loop": true,
    "stages": [
      {
        "img": "images/yes.png",
        "codes": "barrierSkipEP",
        "inherit_codes": false
      },
      {
        "img": "images/no.png",
        "codes": "barrierRequireEP",
        "inherit_codes": false
      }
    ],
    "allow_disabled": false
  },
  {
    "name": "Shield Rod Clipping",
    "type": "progressive",
    "loop": true,
    "stages": [
      {
        "img": "images/no.png",
        "codes": "shieldRodClip_false",
        "inherit_codes": false
      },
      {
        "img": "images/yes.png",
        "codes": "shieldRodClip",
        "inherit_codes": false
      }
    ],
    "allow_disabled": false
  },
  {
    "name": "Zaganaga with Bow",
    "type": "progressive",
    "loop": true,
    "stages": [
      {
        "img": "images/no.png",
        "codes": "zagaBow_false",
        "inherit_codes": false
      },
      {
        "img": "images/yes.png",
        "codes": "zagaBow",
        "inherit_codes": false
      }
    ],
    "allow_disabled": false
  },
  {
    "name": "Zaganaga with Sword Beams",
    "type": "progressive",
    "loop": true,
    "stages": [
      {
        "img": "images/no.png",
        "codes": "zagaSwordBeams_false",
        "inherit_codes": false
      },
      {
        "img": "images/yes.png",
        "codes": "zagaSwordBeams",
        "inherit_codes": false
      }
    ],
    "allow_disabled": false
  },
  {
    "name": "Portal Clipping",
    "type": "progressive",
    "loop": true,
    "stages": [
      {
        "img": "images/no.png",
        "codes": "portalClipping_false",
        "inherit_codes": false
      },
      {
        "img": "images/yes.png",
        "codes": "portalClipping",
        "inherit_codes": false
      }
    ],
    "allow_disabled": false
  },
  {
    "name": "Vulture Boosting",
    "type": "progressive",
    "loop": true,
    "stages": [
      {
        "img": "images/no.png",
        "codes": "vulture_false",
        "inherit_codes": false
      },
      {
        "img": "images/yes.png",
        "codes": "vulture",
        "inherit_codes": false
      }
    ],
    "allow_disabled": false
  }
]