{
  "hyrule_castle": {
    "type": "viewbox",
    "content": [
      {
        "type": "array",
        "orientation": "horizontal",
        "h_alignment": "center",
        "v_alignment": "center",
        "max_width": 1500,
        "style": "wrap",
        "content": [
          {
            "type": "container",
            "content": [
              {
                "type": "map",
                "width": 250,
                "scale": 1.5,
                "margin": "-25,0,-25,-50",
                "maps": [
                  "hyrule8F"
                ]
              },
              {
                "type": "canvas",
                "dropshadow": true,
                "content": [
                  {
                    "type": "image",
                    "image": "images/floors/8F_Boss.png",
                    "width": 50,
                    "canvas_top": 30,
                    "canvas_left": 235
                  }
                ]
              }
            ]
          },
          {
            "type": "container",
            "content": [
              {
                "type": "map",
                "width": 250,
                "scale": 1.5,
                "margin": "-25,0,-25,-50",
                "maps": [
                  "hyrule7F"
                ]
              },
              {
                "type": "canvas",
                "dropshadow": true,
                "content": [
                  {
                    "type": "image",
                    "image": "images/floors/7F.png",
                    "width": 50,
                    "canvas_top": 30,
                    "canvas_left": 235
                  }
                ]
              }
            ]
          },
          {
            "type": "container",
            "content": [
              {
                "type": "map",
                "width": 250,
                "scale": 1.5,
                "margin": "-25,0,-25,-50",
                "maps": [
                  "hyrule6F"
                ]
              },
              {
                "type": "canvas",
                "dropshadow": true,
                "content": [
                  {
                    "type": "image",
                    "image": "images/floors/6F.png",
                    "width": 50,
                    "canvas_top": 30,
                    "canvas_left": 235
                  }
                ]
              }
            ]
          },
          {
            "type": "container",
            "content": [
              {
                "type": "map",
                "width": 250,
                "scale": 1.5,
                "margin": "-25,0,-25,-50",
                "maps": [
                  "hyrule5F"
                ]
              },
              {
                "type": "canvas",
                "dropshadow": true,
                "content": [
                  {
                    "type": "image",
                    "image": "images/floors/5F.png",
                    "width": 50,
                    "canvas_top": 30,
                    "canvas_left": 235
                  }
                ]
              }
            ]
          },
          {
            "type": "container",
            "content": [
              {
                "type": "map",
                "width": 250,
                "scale": 1.5,
                "margin": "-25,0,-25,-50",
                "maps": [
                  "hyrule4F"
                ]
              },
              {
                "type": "canvas",
                "dropshadow": true,
                "content": [
                  {
                    "type": "image",
                    "image": "images/floors/4F.png",
                    "width": 50,
                    "canvas_top": 30,
                    "canvas_left": 235
                  }
                ]
              }
            ]
          },
          {
            "type": "container",
            "content": [
              {
                "type": "map",
                "width": 250,
                "scale": 1.5,
                "margin": "-25,0,-25,-50",
                "maps": [
                  "hyrule3F"
                ]
              },
              {
                "type": "canvas",
                "dropshadow": true,
                "content": [
                  {
                    "type": "image",
                    "image": "images/floors/3F.png",
                    "width": 50,
                    "canvas_top": 30,
                    "canvas_left": 235
                  }
                ]
              }
            ]
          },
          {
            "type": "container",
            "content": [
              {
                "type": "map",
                "width": 250,
                "scale": 1.5,
                "margin": "-25,0,-25,-50",
                "maps": [
                  "hyrule2F"
                ]
              },
              {
                "type": "canvas",
                "dropshadow": true,
                "content": [
                  {
                    "type": "image",
                    "image": "images/floors/2F.png",
                    "width": 50,
                    "canvas_top": 30,
                    "canvas_left": 235
                  }
                ]
              }
            ]
          }
        ]
      }
    ]
  }
}