{
  "thieves": {
    "type": "viewbox",
    "margin": "0,0,0,97",
    "horizontal_scrollbar_visibility": "disabled",
    "content": [
      {
        "type": "array",
        "orientation": "horizontal",
        "h_alignment": "center",
        "v_alignment": "center",
        "max_width": 750,
        "style": "wrap",
        "content": [
          {
            "type": "container",
            "content": [
              {
                "type": "map",
                "width": 250,
                "scale": 1.5,
                "margin": "-25,0,-25,-50",
                "maps": [
                  "thievesB1"
                ]
              },
              {
                "type": "canvas",
                "dropshadow": true,
                "content": [
                  {
                    "type": "image",
                    "image": "images/floors/B1_Boss.png",
                    "width": 50,
                    "canvas_top": 30,
                    "canvas_left": 235
                  }
                ]
              }
            ]
          },
          {
            "type": "container",
            "content": [
              {
                "type": "map",
                "width": 250,
                "scale": 1.5,
                "margin": "-25,0,-25,-50",
                "maps": [
                  "thievesB2"
                ]
              },
              {
                "type": "canvas",
                "dropshadow": true,
                "content": [
                  {
                    "type": "image",
                    "image": "images/floors/B2.png",
                    "width": 50,
                    "canvas_top": 30,
                    "canvas_left": 235
                  }
                ]
              }
            ]
          },
          {
            "type": "container",
            "content": [
              {
                "type": "map",
                "width": 250,
                "scale": 1.5,
                "margin": "-25,0,-25,-25",
                "maps": [
                  "thievesB3"
                ]
              },
              {
                "type": "canvas",
                "dropshadow": true,
                "content": [
                  {
                    "type": "image",
                    "image": "images/floors/B3.png",
                    "width": 50,
                    "canvas_top": 30,
                    "canvas_left": 235
                  }
                ]
              }
            ]
          }
        ]
      }
    ]
  }
}