[
  {
    "name": "Desert Palace",
    "color": "#2d3bb7",
    "chest_unopened_img": "images/checks/chest_small_unopened.png",
    "chest_opened_img": "images/checks/chest_small_opened.png",
    "access_rules": [
      "$access_desert_palace, merge",
      "[glitched], $glitched_access_desert_palace, merge"
    ],
    "children": [
      {
        "name": "Desert Palace",
        "map_locations": [
          {
            "map": "desert1F",
            "x": 91,
            "y": 98
          }
        ],
        "sections": [
          {
            "name": "1F Entrance",
            "item_count": 1,
            "access_rules": [
              "srod"
            ]
          }
        ]
      },
      {
        "name": "Desert Palace",
        "map_locations": [
          {
            "map": "desert1F",
            "x": 46,
            "y": 54
          }
        ],
        "sections": [
          {
            "name": "1F Sand Island",
            "item_count": 1,
            "access_rules": [
              "srod, $switch, $attack",
              "[advanced], $reverseDP"
            ]
          }
        ]
      },
      {
        "name": "Desert Palace",
        "map_locations": [
          {
            "map": "desert1F",
            "x": 41,
            "y": 82
          }
        ],
        "sections": [
          {
            "name": "1F West Middle",
            "item_count": 1,
            "access_rules": [
              "srod, $switch, $attack",
              "[advanced], $reverseDP"
            ]
          }
        ]
      },
      {
        "name": "Desert Palace",
        "map_locations": [
          {
            "map": "desert1F",
            "x": 54,
            "y": 26
          }
        ],
        "sections": [
          {
            "name": "1F Sand Controls",
            "item_count": 1,
            "access_rules": [
              "srod, $switch, $attack",
              "[advanced], $reverseDP"
            ]
          }
        ]
      },
      {
        "name": "Desert Palace",
        "map_locations": [
          {
            "map": "desert1F",
            "x": 54,
            "y": 136
          }
        ],
        "sections": [
          {
            "name": "1F Miniboss Room",
            "item_count": 1,
            "access_rules": [
              "{csmc, srod, $switch}",
              "{csmc, advanced, $reverseDP}",
              "srod, $switch, $attack, titansmitt",
              "[advanced], $reverseDP, titansmitt"
            ]
          }
        ]
      },
      {
        "name": "Desert Palace",
        "map_locations": [
          {
            "map": "desert1F",
            "x": 110,
            "y": 27
          }
        ],
        "sections": [
          {
            "name": "1F Big Chest",
            "item_count": 1,
            "access_rules": [
              "{csmc, srod}",
              "srod, $switch, $attack",
              "[advanced], $reverseDP"
            ]
          }
        ]
      },
      {
        "name": "Desert Palace",
        "map_locations": [
          {
            "map": "desert2F",
            "x": 98,
            "y": 61
          }
        ],
        "sections": [
          {
            "name": "2F Center Room",
            "item_count": 1,
            "access_rules": [
              "$dp2F",
              "[advanced], $reverseDP"
            ]
          }
        ]
      },
      {
        "name": "Desert Palace",
        "map_locations": [
          {
            "map": "desert2F",
            "x": 68,
            "y": 54
          }
        ],
        "sections": [
          {
            "name": "2F W Big Rock",
            "item_count": 1,
            "access_rules": [
              "$dp2F",
              "[advanced], $reverseDP, titansmitt"
            ]
          }
        ]
      },
      {
        "name": "Desert Palace",
        "map_locations": [
          {
            "map": "desert2F",
            "x": 113,
            "y": 54
          }
        ],
        "sections": [
          {
            "name": "2F E Big Rock",
            "item_count": 1,
            "access_rules": [
              "$dp2F",
              "[advanced], $reverseDP, titansmitt"
            ]
          }
        ]
      },
      {
        "name": "Desert Palace",
        "map_locations": [
          {
            "map": "desert2F",
            "x": 148,
            "y": 76
          }
        ],
        "sections": [
          {
            "name": "2F Big Chest",
            "item_count": 1,
            "access_rules": [
              "$dp2F",
              "[advanced], $reverseDP"
            ]
          }
        ]
      },
      {
        "name": "Desert Palace",
        "map_locations": [
          {
            "map": "desert2F",
            "x": 148,
            "y": 88
          }
        ],
        "sections": [
          {
            "name": "2F Below Big Chest",
            "item_count": 1,
            "access_rules": [
              "$dp2F",
              "[advanced], $reverseDP"
            ]
          }
        ]
      },
      {
        "name": "Desert Palace",
        "map_locations": [
          {
            "map": "desert2F",
            "x": 148,
            "y": 33
          }
        ],
        "sections": [
          {
            "name": "2F NE Big Rock",
            "item_count": 1,
            "access_rules": [
              "$dp2F",
              "[advanced], $reverseDP, titansmitt"
            ]
          }
        ]
      },
      {
        "name": "Desert Palace",
        "map_locations": [
          {
            "map": "desert2F",
            "x": 45,
            "y": 89
          }
        ],
        "sections": [
          {
            "name": "2F Leever Room",
            "item_count": 1,
            "access_rules": [
              "$dp2F",
              "[advanced], $reverseDP, $attack"
            ]
          }
        ]
      },
      {
        "name": "Desert Palace",
        "map_locations": [
          {
            "map": "desert3F",
            "x": 33,
            "y": 24
          }
        ],
        "sections": [
          {
            "name": "3F Behind Sand",
            "item_count": 1,
            "access_rules": [
              "$dp2F",
              "[advanced], $reverseDP"
            ]
          }
        ]
      },
      {
        "name": "Desert Palace",
        "map_locations": [
          {
            "map": "desert3F",
            "x": 100,
            "y": 88
          }
        ],
        "sections": [
          {
            "name": "3F Gimos Chest",
            "item_count": 1,
            "access_rules": [
              "$dp2F",
              "[advanced], $reverseDP"
            ]
          }
        ]
      },
      {
        "name": "Desert Palace",
        "map_locations": [
          {
            "map": "hyrule",
            "x": 185,
            "y": 1605
          }
        ],
        "sections": [
          {
            "name": "Dungeon",
            "item_count": 8,
            "clear_as_group": false,
            "access_rules": [
              "$access_desert_palace, [srod], [merge], [titansmitt], [$switch], [$attack]",
              "[glitched], $glitched_access_desert_palace, [srod], [merge], [titansmitt], [$switch], [$attack]"
            ]
          }
        ]
      }
    ]
  },
  {
    "name": "Misery Mire",
    "color": "#2d3bb7",
    "chest_unopened_img": "images/checks/chest_small_unopened.png",
    "chest_opened_img": "images/checks/chest_small_opened.png",
    "access_rules": [
      "merge"
    ],
    "children": [
      {
        "name": "Misery Mire",
        "map_locations": [
          {
            "map": "desert3F",
            "x": 120,
            "y": 127
          }
        ],
        "sections": [
          {
            "name": "Zaganaga",
            //"capture_item": true,
            "item_count": 1,
            "access_rules": [
              "msword, portal_shuffle, portal_zaganaga, srod",
              "msword, $dp2F, progression_enemies",
              "msword, $dp2F, bombs",
              "[hard], portal_shuffle, portal_zaganaga, srod, $attack",
              "[hard], $dp2F, progression_enemies",
              "[hard], $dp2F, bombs",
              "[advanced], $advanced_misery_mire_oob, boots",
              "[advanced], $advanced_misery_mire_oob, srod, $attack",
              "[hell], $hell_misery_mire_oob, boots",
              "[hell], $hell_misery_mire_oob, srod, $attack",
              "[hell], $hell_misery_mire_oob, bow",
              "[hell], $hell_misery_mire_oob, msword"
            ]
          }
        ]
      },
      {
        "name": "Misery Mire",
        "map_locations": [
          {
            "map": "desert3F",
            "x": 134,
            "y": 127,
            "size": 20
          }
        ],
        "sections": [
          {"name": "Pendant of Power", "hosted_item": "power", "access_rules": ["$dp2F, progression_enemies", "$dp2F, bombs", "[advanced], $advanced_misery_mire_oob, boots", "[advanced], $advanced_misery_mire_oob, srod, $attack", "[hell], $hell_misery_mire_oob, bow", "[hell], $hell_misery_mire_oob, msword"], "visibility_rules": ["label_power_dp"]},
          {"name": "Pendant of Wisdom", "hosted_item": "wisdom", "access_rules": ["$dp2F, progression_enemies", "$dp2F, bombs", "[advanced], $advanced_misery_mire_oob, boots", "[advanced], $advanced_misery_mire_oob, srod, $attack", "[hell], $hell_misery_mire_oob, bow", "[hell], $hell_misery_mire_oob, msword"], "visibility_rules": ["label_wisdom_dp"]},
          {"name": "Pendant of Courage", "hosted_item": "courage", "access_rules": ["$dp2F, progression_enemies", "$dp2F, bombs", "[advanced], $advanced_misery_mire_oob, boots", "[advanced], $advanced_misery_mire_oob, srod, $attack", "[hell], $hell_misery_mire_oob, bow", "[hell], $hell_misery_mire_oob, msword"], "visibility_rules": ["label_courage_dp"]},
          {"name": "Gulley", "hosted_item": "gulley", "access_rules": ["$dp2F, progression_enemies", "$dp2F, bombs", "[advanced], $advanced_misery_mire_oob, boots", "[advanced], $advanced_misery_mire_oob, srod, $attack", "[hell], $hell_misery_mire_oob, bow", "[hell], $hell_misery_mire_oob, msword"], "visibility_rules": ["label_gulley_dp"]},
          {"name": "Oren", "hosted_item": "oren", "access_rules": ["$dp2F, progression_enemies", "$dp2F, bombs", "[advanced], $advanced_misery_mire_oob, boots", "[advanced], $advanced_misery_mire_oob, srod, $attack", "[hell], $hell_misery_mire_oob, bow", "[hell], $hell_misery_mire_oob, msword"], "visibility_rules": ["label_oren_dp"]},
          {"name": "Seres", "hosted_item": "seres", "access_rules": ["$dp2F, progression_enemies", "$dp2F, bombs", "[advanced], $advanced_misery_mire_oob, boots", "[advanced], $advanced_misery_mire_oob, srod, $attack", "[hell], $hell_misery_mire_oob, bow", "[hell], $hell_misery_mire_oob, msword"], "visibility_rules": ["label_seres_dp"]},
          {"name": "Osfala", "hosted_item": "osfala", "access_rules": ["$dp2F, progression_enemies", "$dp2F, bombs", "[advanced], $advanced_misery_mire_oob, boots", "[advanced], $advanced_misery_mire_oob, srod, $attack", "[hell], $hell_misery_mire_oob, bow", "[hell], $hell_misery_mire_oob, msword"], "visibility_rules": ["label_osfala_dp"]},
          {"name": "Impa", "hosted_item": "impa", "access_rules": ["$dp2F, progression_enemies", "$dp2F, bombs", "[advanced], $advanced_misery_mire_oob, boots", "[advanced], $advanced_misery_mire_oob, srod, $attack", "[hell], $hell_misery_mire_oob, bow", "[hell], $hell_misery_mire_oob, msword"], "visibility_rules": ["label_impa_dp"]},
          {"name": "Irene", "hosted_item": "irene", "access_rules": ["$dp2F, progression_enemies", "$dp2F, bombs", "[advanced], $advanced_misery_mire_oob, boots", "[advanced], $advanced_misery_mire_oob, srod, $attack", "[hell], $hell_misery_mire_oob, bow", "[hell], $hell_misery_mire_oob, msword"], "visibility_rules": ["label_irene_dp"]},
          {"name": "Rosso", "hosted_item": "rosso", "access_rules": ["$dp2F, progression_enemies", "$dp2F, bombs", "[advanced], $advanced_misery_mire_oob, boots", "[advanced], $advanced_misery_mire_oob, srod, $attack", "[hell], $hell_misery_mire_oob, bow", "[hell], $hell_misery_mire_oob, msword"], "visibility_rules": ["label_rosso_dp"]}
        ]
      },
      {
        "name": "Misery Mire",
        "map_locations": [
          {
            "map": "lorule",
            "x": 192,
            "y": 1602
          }
        ],
        "sections": [
          {
            "name": "Zaganaga",
            "item_count": 1,
            "access_rules": [
              "msword, portal_shuffle, portal_zaganaga, srod",
              "msword, $dp2F, progression_enemies",
              "msword, $dp2F, bombs",
              "[hard], portal_shuffle, portal_zaganaga, srod, $attack",
              "[hard], $dp2F, progression_enemies",
              "[hard], $dp2F, bombs",
              "[advanced], $advanced_misery_mire_oob, boots",
              "[advanced], $advanced_misery_mire_oob, srod, $attack",
              "[hell], $hell_misery_mire_oob, boots",
              "[hell], $hell_misery_mire_oob, srod, $attack",
              "[hell], $hell_misery_mire_oob, bow",
              "[hell], $hell_misery_mire_oob, msword"
            ]
          },
          {"name": "Pendant of Power", "hosted_item": "power", "access_rules": ["$dp2F, progression_enemies", "$dp2F, bombs", "[advanced], $advanced_misery_mire_oob, boots", "[advanced], $advanced_misery_mire_oob, srod, $attack", "[hell], $hell_misery_mire_oob, bow", "[hell], $hell_misery_mire_oob, msword"], "visibility_rules": ["label_power_dp"]},
          {"name": "Pendant of Wisdom", "hosted_item": "wisdom", "access_rules": ["$dp2F, progression_enemies", "$dp2F, bombs", "[advanced], $advanced_misery_mire_oob, boots", "[advanced], $advanced_misery_mire_oob, srod, $attack", "[hell], $hell_misery_mire_oob, bow", "[hell], $hell_misery_mire_oob, msword"], "visibility_rules": ["label_wisdom_dp"]},
          {"name": "Pendant of Courage", "hosted_item": "courage", "access_rules": ["$dp2F, progression_enemies", "$dp2F, bombs", "[advanced], $advanced_misery_mire_oob, boots", "[advanced], $advanced_misery_mire_oob, srod, $attack", "[hell], $hell_misery_mire_oob, bow", "[hell], $hell_misery_mire_oob, msword"], "visibility_rules": ["label_courage_dp"]},
          {"name": "Gulley", "hosted_item": "gulley", "access_rules": ["$dp2F, progression_enemies", "$dp2F, bombs", "[advanced], $advanced_misery_mire_oob, boots", "[advanced], $advanced_misery_mire_oob, srod, $attack", "[hell], $hell_misery_mire_oob, bow", "[hell], $hell_misery_mire_oob, msword"], "visibility_rules": ["label_gulley_dp"]},
          {"name": "Oren", "hosted_item": "oren", "access_rules": ["$dp2F, progression_enemies", "$dp2F, bombs", "[advanced], $advanced_misery_mire_oob, boots", "[advanced], $advanced_misery_mire_oob, srod, $attack", "[hell], $hell_misery_mire_oob, bow", "[hell], $hell_misery_mire_oob, msword"], "visibility_rules": ["label_oren_dp"]},
          {"name": "Seres", "hosted_item": "seres", "access_rules": ["$dp2F, progression_enemies", "$dp2F, bombs", "[advanced], $advanced_misery_mire_oob, boots", "[advanced], $advanced_misery_mire_oob, srod, $attack", "[hell], $hell_misery_mire_oob, bow", "[hell], $hell_misery_mire_oob, msword"], "visibility_rules": ["label_seres_dp"]},
          {"name": "Osfala", "hosted_item": "osfala", "access_rules": ["$dp2F, progression_enemies", "$dp2F, bombs", "[advanced], $advanced_misery_mire_oob, boots", "[advanced], $advanced_misery_mire_oob, srod, $attack", "[hell], $hell_misery_mire_oob, bow", "[hell], $hell_misery_mire_oob, msword"], "visibility_rules": ["label_osfala_dp"]},
          {"name": "Impa", "hosted_item": "impa", "access_rules": ["$dp2F, progression_enemies", "$dp2F, bombs", "[advanced], $advanced_misery_mire_oob, boots", "[advanced], $advanced_misery_mire_oob, srod, $attack", "[hell], $hell_misery_mire_oob, bow", "[hell], $hell_misery_mire_oob, msword"], "visibility_rules": ["label_impa_dp"]},
          {"name": "Irene", "hosted_item": "irene", "access_rules": ["$dp2F, progression_enemies", "$dp2F, bombs", "[advanced], $advanced_misery_mire_oob, boots", "[advanced], $advanced_misery_mire_oob, srod, $attack", "[hell], $hell_misery_mire_oob, bow", "[hell], $hell_misery_mire_oob, msword"], "visibility_rules": ["label_irene_dp"]},
          {"name": "Rosso", "hosted_item": "rosso", "access_rules": ["$dp2F, progression_enemies", "$dp2F, bombs", "[advanced], $advanced_misery_mire_oob, boots", "[advanced], $advanced_misery_mire_oob, srod, $attack", "[hell], $hell_misery_mire_oob, bow", "[hell], $hell_misery_mire_oob, msword"], "visibility_rules": ["label_rosso_dp"]}
        ]
      }
    ]
  }
]