[
  {
    "name": "House of Gales",
    "color": "#0000FF",
    "chest_unopened_img": "images/checks/chest_small_unopened.png",
    "chest_opened_img": "images/checks/chest_small_opened.png",
    "access_rules": [
      "trod, flippers",
      "trod, wv_gales, bell",
      "[advanced], trod, irod, hookshot",
      "[advanced], trod, $fakeFlippers",
      "[hell], trod, boots, bombs",
      "[hell], trod, boots, $beeBoost"
    ],
    "children": [
      {
        "name": "House of Gales",
        "map_locations": [
          {
            "map": "hog1F",
            "x": 142,
            "y": 98
          }
        ],
        "sections": [
          {
            "name": "1F Bubble Room",
            "item_count": 1,
            "access_rules": [
              "merge, $fire_enemy"
            ]
          }
        ]
      },
      {
        "name": "House of Gales",
        "map_locations": [
          {
            "map": "hog1F",
            "x": 151,
            "y": 30
          }
        ],
        "sections": [
          {
            "name": "1F NE Room",
            "item_count": 1,
            "access_rules": [
              "merge",
              "[hard]"
            ]
          }
        ]
      },
      {
        "name": "House of Gales",
        "map_locations": [
          {
            "map": "hog1F",
            "x": 92,
            "y": 34
          }
        ],
        "sections": [
          {
            "name": "1F Torch Chest",
            "item_count": 1,
            "access_rules": [
              "$fire"
            ]
          }
        ]
      },
      {
        "name": "House of Gales",
        "map_locations": [
          {
            "map": "hog1F",
            "x": 46,
            "y": 84
          }
        ],
        "sections": [
          {
            "name": "1F Block Room",
            "item_count": 1,
            "access_rules": [
              "merge",
              "[hard]"
            ]
          }
        ]
      },
      {
        "name": "House of Gales",
        "map_locations": [
          {
            "map": "hog1F",
            "x": 21,
            "y": 116
          }
        ],
        "sections": [
          {
            "name": "1F Block Room (SW)",
            "item_count": 1,
            "access_rules": [
              "{csmc}",
              "merge"
            ]
          }
        ]
      },
      {
        "name": "House of Gales",
        "map_locations": [
          {
            "map": "hog2F",
            "x": 109,
            "y": 107
          }
        ],
        "sections": [
          {
            "name": "2F Narrow Ledge",
            //"capture_item": true,
            "access_rules": [
              //"{$hog2F}",
              "$hog2F, merge",
              "$hog2F, boomerang",
              "$hog2F, hookshot",
              "[hard], $hog2F"
            ],
            "item_count": 1
          }
        ]
      },
      {
        "name": "House of Gales",
        "map_locations": [
          {
            "map": "hog2F",
            "x": 31,
            "y": 139
          }
        ],
        "sections": [
          {
            "name": "2F Fire Ring",
            "access_rules": [
              "$hog2F, merge"
            ],
            //"capture_item": true,
            "item_count": 1
          }
        ]
      },
      {
        "name": "House of Gales",
        "map_locations": [
          {
            "map": "hog2F",
            "x": 119,
            "y": 135
          }
        ],
        "sections": [
          {
            "name": "2F Big Chest",
            "item_count": 1,
            "access_rules": [
              "$hog2F"
            ]
          }
        ]
      },
      {
        "name": "House of Gales",
        "map_locations": [
          {
            "map": "hog3F",
            "x": 57,
            "y": 123
          }
        ],
        "sections": [
          {
            "name": "3F Bubble Room",
            "item_count": 1,
            "access_rules": [
              "{csmc, $hog3F}",
              "$hog3F, $fire"
            ]
          }
        ]
      },
      {
        "name": "House of Gales",
        "map_locations": [
          {
            "map": "hog3F",
            "x": 134,
            "y": 84
          }
        ],
        "sections": [
          {
            "name": "3F Wind Chest",
            "item_count": 1,
            "access_rules": [
              "{csmc, glitched, $hog2F}",
              "$hog3F"
            ]
          }
        ]
      },
      {
        "name": "House of Gales",
        "map_locations": [
          {
            "map": "hog3F",
            "x": 92,
            "y": 42
          }
        ],
        "sections": [
          {
            "name": "Margomill",
            //"capture_item": true,
            "item_count": 1,
            "access_rules": [
              "$hog3F, $margomill"
            ]
          }
        ]
      },
      {
        "name": "House of Gales",
        "map_locations": [
          {
            "map": "hog3F",
            "x": 92,
            "y": 28,
            "size": 20
          }
        ],
        "sections": [
          {"name": "Pendant of Power", "hosted_item": "power", "access_rules": ["$hog3F, $margomill"], "visibility_rules": ["label_power_hg"]},
          {"name": "Pendant of Wisdom", "hosted_item": "wisdom", "access_rules": ["$hog3F, $margomill"], "visibility_rules": ["label_wisdom_hg"]},
          {"name": "Pendant of Courage", "hosted_item": "courage", "access_rules": ["$hog3F, $margomill"], "visibility_rules": ["label_courage_hg"]},
          {"name": "Gulley", "hosted_item": "gulley", "access_rules": ["$hog3F, $margomill"], "visibility_rules": ["label_gulley_hg"]},
          {"name": "Oren", "hosted_item": "oren", "access_rules": ["$hog3F, $margomill"], "visibility_rules": ["label_oren_hg"]},
          {"name": "Seres", "hosted_item": "seres", "access_rules": ["$hog3F, $margomill"], "visibility_rules": ["label_seres_hg"]},
          {"name": "Osfala", "hosted_item": "osfala", "access_rules": ["$hog3F, $margomill"], "visibility_rules": ["label_osfala_hg"]},
          {"name": "Impa", "hosted_item": "impa", "access_rules": ["$hog3F, $margomill"], "visibility_rules": ["label_impa_hg"]},
          {"name": "Irene", "hosted_item": "irene", "access_rules": ["$hog3F, $margomill"], "visibility_rules": ["label_irene_hg"]},
          {"name": "Rosso", "hosted_item": "rosso", "access_rules": ["$hog3F, $margomill"], "visibility_rules": ["label_rosso_hg"]}
        ]
      },
      {
        "name": "House of Gales",
        "map_locations": [
          {
            "map": "hyrule",
            "x": 1620,
            "y": 1709
          }
        ],
        "sections": [
          {
            "name": "Dungeon",
            "item_count": 5,
            "clear_as_group": false,
            "access_rules": [
              "[trod], [$fire], [merge], [$attack]"
            ]
          },
          {"name": "Pendant of Power", "hosted_item": "power", "access_rules": ["$hog3F, $margomill"], "visibility_rules": ["label_power_hg"]},
          {"name": "Pendant of Wisdom", "hosted_item": "wisdom", "access_rules": ["$hog3F, $margomill"], "visibility_rules": ["label_wisdom_hg"]},
          {"name": "Pendant of Courage", "hosted_item": "courage", "access_rules": ["$hog3F, $margomill"], "visibility_rules": ["label_courage_hg"]},
          {"name": "Gulley", "hosted_item": "gulley", "access_rules": ["$hog3F, $margomill"], "visibility_rules": ["label_gulley_hg"]},
          {"name": "Oren", "hosted_item": "oren", "access_rules": ["$hog3F, $margomill"], "visibility_rules": ["label_oren_hg"]},
          {"name": "Seres", "hosted_item": "seres", "access_rules": ["$hog3F, $margomill"], "visibility_rules": ["label_seres_hg"]},
          {"name": "Osfala", "hosted_item": "osfala", "access_rules": ["$hog3F, $margomill"], "visibility_rules": ["label_osfala_hg"]},
          {"name": "Impa", "hosted_item": "impa", "access_rules": ["$hog3F, $margomill"], "visibility_rules": ["label_impa_hg"]},
          {"name": "Irene", "hosted_item": "irene", "access_rules": ["$hog3F, $margomill"], "visibility_rules": ["label_irene_hg"]},
          {"name": "Rosso", "hosted_item": "rosso", "access_rules": ["$hog3F, $margomill"], "visibility_rules": ["label_rosso_hg"]}
        ]
      }
    ]
  }
]