[
  {
    "name": "Dark Palace",
    "color": "#41c341",
    "access_rules": [
      "merge, bombs, $lampless",
      "[], merge, frod, niceirod",
      "[], merge, frod, greatspin, msword"
    ],
    "children": [
      {
        "name": "Dark Palace",
        "map_locations": [
          {
            "map": "dark1F",
            "x": 106,
            "y": 103
          }
        ],
        "sections": [
          {
            "name": "1F Right Pit",
            "hosted_item": "pod_chest_01",
            "access_rules": [
              "bombs"
            ]
          }
        ]
      },
      {
        "name": "Dark Palace",
        "map_locations": [
          {
            "map": "dark1F",
            "x": 71,
            "y": 103
          }
        ],
        "sections": [
          {
            "name": "1F Left Pit",
            //"capture_item": true,
            "hosted_item": "pod_chest_02"
          }
        ]
      },
      {
        "name": "Dark Palace",
        "map_locations": [
          {
            "map": "dark1F",
            "x": 36,
            "y": 59
          }
        ],
        "sections": [
          {
            "name": "1F Switches Chest",
            "hosted_item": "pod_chest_03"
          }
        ]
      },
      {
        "name": "Dark Palace",
        "map_locations": [
          {
            "map": "dark1F",
            "x": 141,
            "y": 91
          }
        ],
        "sections": [
          {
            "name": "1F Hidden Upper",
            "access_rules": [
              "bombs"
            ],
            "hosted_item": "pod_chest_04"
          }
        ]
      },
      {
        "name": "Dark Palace",
        "map_locations": [
          {
            "map": "dark1F",
            "x": 124,
            "y": 82
          }
        ],
        "sections": [
          {
            "name": "1F Hidden Lower",
            "hosted_item": "pod_chest_05"
          }
        ]
      },
      {
        "name": "Dark Palace",
        "map_locations": [
          {
            "map": "dark1F",
            "x": 109,
            "y": 47
          }
        ],
        "sections": [
          {
            "name": "1F Fall Chest",
            "access_rules": [
              "bombs",
              "hammer"
            ],
            "hosted_item": "pod_chest_06"
          }
        ]
      },
      {
        "name": "Dark Palace",
        "map_locations": [
          {
            "map": "dark2F",
            "x": 88,
            "y": 65
          }
        ],
        "sections": [
          {
            "name": "2F Big Chest",
            "chest_unopened_img": "images/chest_big_unopened.png",
            "chest_opened_img": "images/chest_big_opened.png",
            "access_rules": [
              "bombs"
            ],
            "hosted_item": "pod_chest_07"
          }
        ]
      },
      {
        "name": "Dark Palace",
        "map_locations": [
          {
            "map": "dark2F",
            "x": 119,
            "y": 98
          }
        ],
        "sections": [
          {
            "name": "2F East Chest",
            "access_rules": [
              "merge"
            ],
            "hosted_item": "pod_chest_08"
          }
        ]
      },
      {
        "name": "Dark Palace",
        "map_locations": [
          {
            "map": "darkB1",
            "x": 98,
            "y": 44
          }
        ],
        "sections": [
          {
            "name": "B1 Center Fall",
            //"capture_item": true,
            "access_rules": [
              //"{}",
              "bombs",
              "hammer"
            ],
            "hosted_item": "pod_chest_09"
          }
        ]
      },
      {
        "name": "Dark Palace",
        "map_locations": [
          {
            "map": "darkB1",
            "x": 149,
            "y": 70
          }
        ],
        "sections": [
          {
            "name": "B1 East Fall",
            "access_rules": [
              "bombs",
              "hammer"
            ],
            "hosted_item": "pod_chest_10"
          }
        ]
      },
      {
        "name": "Dark Palace",
        "map_locations": [
          {
            "map": "darkB1",
            "x": 149,
            "y": 31
          }
        ],
        "sections": [
          {
            "name": "B1 North East",
            //"capture_item": true,
            "hosted_item": "pod_chest_11"
          }
        ]
      },
      {
        "name": "Dark Palace",
        "map_locations": [
          {
            "map": "darkB1",
            "x": 32,
            "y": 71
          }
        ],
        "sections": [
          {
            "name": "B1 Maze Room",
            "access_rules": [
              "merge"
            ],
            "hosted_item": "pod_chest_12"
          }
        ]
      },
      {
        "name": "Dark Palace",
        "map_locations": [
          {
            "map": "darkB1",
            "x": 44,
            "y": 89
          }
        ],
        "sections": [
          {
            "name": "B1 Big Chest",
            "chest_unopened_img": "images/chest_big_unopened.png",
            "chest_opened_img": "images/chest_big_opened.png",
            "access_rules": [
              "bombs"
            ],
            "hosted_item": "pod_chest_13"
          }
        ]
      },
      {
        "name": "Dark Palace",
        "map_locations": [
          {
            "map": "darkB1",
            "x": 88,
            "y": 70
          }
        ],
        "sections": [
          {
            "name": "B1 Gemesaur King",
            "access_rules": [
              "bombs, $fire"
            ],
            //"capture_item": true,
            "hosted_item": "pod_chest_14"
          }
        ]
      },
      {
        "name": "Dark Palace",
        "map_locations": [
          {
            "map": "darkB1",
            "x": 88,
            "y": 58,
            "size": 15
          }
        ],
        "sections": [
          {
            "name": "Prize",
            "access_rules": [
              "bombs, $fire"
            ],
            "hosted_item": "dark"
          }
        ]
      },
      {
        "name": "Dark Palace",
        "map_locations": [
          {
            "map": "lorule",
            "x": 1921,
            "y": 852,
            "size": 70
          }
        ],
        "sections": [
          {
            "name": "1F Right Pit",
            "hosted_item": "pod_chest_01",
            "access_rules": [
              "bombs"
            ]
          },
          {
            "name": "1F Left Pit",
            //"capture_item": true,
            "hosted_item": "pod_chest_02"
          },
          {
            "name": "1F Switches Chest",
            "hosted_item": "pod_chest_03"
          },
          {
            "name": "1F Hidden Upper",
            "hosted_item": "pod_chest_04",
            "access_rules": [
              "bombs"
            ]
          },
          {
            "name": "1F Hidden Lower",
            "hosted_item": "pod_chest_05"
          },
          {
            "name": "B1 East Fall",
            "hosted_item": "pod_chest_10",
            "access_rules": [
              "bombs",
              "hammer"
            ]
          },
          {
            "name": "B1 North East",
            //"capture_item": true,
            "hosted_item": "pod_chest_11"
          },
          {
            "name": "2F Big Chest",
            "hosted_item": "pod_chest_07",
            "access_rules": [
              "bombs"
            ]
          },
          {
            "name": "2F East Chest",
            "hosted_item": "pod_chest_08",
            "access_rules": [
              "merge"
            ]
          },
          {
            "name": "1F Fall Chest",
            "hosted_item": "pod_chest_06",
            "access_rules": [
              "bombs",
              "hammer"
            ]
          },
          {
            "name": "B1 Center Fall",
            //"capture_item": true,
            "hosted_item": "pod_chest_09",
            "access_rules": [
              //"{}",
              "bombs",
              "hammer"
            ]
          },
          {
            "name": "B1 Maze Room",
            "hosted_item": "pod_chest_12",
            "access_rules": [
              "merge"
            ]
          },
          {
            "name": "B1 Big Chest",
            "hosted_item": "pod_chest_13",
            "access_rules": [
              "bombs"
            ]
          },
          {
            "name": "B1 Gemesaur King",
            //"capture_item": true,
            "hosted_item": "pod_chest_14",
            "access_rules": [
              "bombs, $fire"
            ]
          },
          {
            "name": "Prize",
            "access_rules": [
              "bombs, $fire"
            ],
            "hosted_item": "dark"
          }
        ]
      }
    ]
  }
]