[
  {
    "name": "Desert Palace",
    "color": "#2d3bb7",
    "access_rules": [
      "merge"
    ],
    "children": [
      {
        "name": "Desert Palace",
        "map_locations": [
          {
            "map": "desert1F",
            "x": 91,
            "y": 98
          }
        ],
        "sections": [
          {
            "name": "1F Entrance",
            "capture_item": true,
            "hosted_item": "dp_chest_01",
            "access_rules": [
              "srod"
            ]
          }
        ]
      },
      {
        "name": "Desert Palace",
        "map_locations": [
          {
            "map": "desert1F",
            "x": 46,
            "y": 54
          }
        ],
        "sections": [
          {
            "name": "1F Sand Island",
            "capture_item": true,
            "hosted_item": "dp_chest_02",
            "access_rules": [
              "srod, $switch, $attack",
              "$reverseDP"
            ]
          }
        ]
      },
      {
        "name": "Desert Palace",
        "map_locations": [
          {
            "map": "desert1F",
            "x": 41,
            "y": 82
          }
        ],
        "sections": [
          {
            "name": "1F West Middle",
            "capture_item": true,
            "hosted_item": "dp_chest_03",
            "access_rules": [
              "srod, $switch, $attack",
              "$reverseDP"
            ]
          }
        ]
      },
      {
        "name": "Desert Palace",
        "map_locations": [
          {
            "map": "desert1F",
            "x": 54,
            "y": 26
          }
        ],
        "sections": [
          {
            "name": "1F Sand Controls",
            "capture_item": true,
            "hosted_item": "dp_chest_04",
            "access_rules": [
              "srod, $switch, $attack",
              "$reverseDP"
            ]
          }
        ]
      },
      {
        "name": "Desert Palace",
        "map_locations": [
          {
            "map": "desert1F",
            "x": 54,
            "y": 136
          }
        ],
        "sections": [
          {
            "name": "1F Miniboss Room",
            "capture_item": true,
            "hosted_item": "dp_chest_05",
            "access_rules": [
              "srod, $switch, $attack, titansmitt",
              "$reverseDP, titansmitt"
            ]
          }
        ]
      },
      {
        "name": "Desert Palace",
        "map_locations": [
          {
            "map": "desert1F",
            "x": 110,
            "y": 27
          }
        ],
        "sections": [
          {
            "name": "1F Big Chest",
            "capture_item": true,
            "hosted_item": "dp_chest_06",
            "access_rules": [
              "srod, $switch, $attack",
              "$reverseDP"
            ]
          }
        ]
      },
      {
        "name": "Desert Palace",
        "map_locations": [
          {
            "map": "desert2F",
            "x": 98,
            "y": 61
          }
        ],
        "sections": [
          {
            "name": "2F Center Room",
            "capture_item": true,
            "hosted_item": "dp_chest_07",
            "access_rules": [
              "$dp2F",
              "$reverseDP"
            ]
          }
        ]
      },
      {
        "name": "Desert Palace",
        "map_locations": [
          {
            "map": "desert2F",
            "x": 68,
            "y": 54
          }
        ],
        "sections": [
          {
            "name": "2F W Big Rock",
            "capture_item": true,
            "hosted_item": "dp_chest_08",
            "access_rules": [
              "$dp2F",
              "$reverseDP, titansmitt"
            ]
          }
        ]
      },
      {
        "name": "Desert Palace",
        "map_locations": [
          {
            "map": "desert2F",
            "x": 113,
            "y": 54
          }
        ],
        "sections": [
          {
            "name": "2F E Big Rock",
            "capture_item": true,
            "hosted_item": "dp_chest_09",
            "access_rules": [
              "$dp2F",
              "$reverseDP, titansmitt"
            ]
          }
        ]
      },
      {
        "name": "Desert Palace",
        "map_locations": [
          {
            "map": "desert2F",
            "x": 148,
            "y": 76
          }
        ],
        "sections": [
          {
            "name": "2F Big Chest",
            "capture_item": true,
            "hosted_item": "dp_chest_10",
            "access_rules": [
              "$dp2F",
              "$reverseDP"
            ]
          }
        ]
      },
      {
        "name": "Desert Palace",
        "map_locations": [
          {
            "map": "desert2F",
            "x": 148,
            "y": 88
          }
        ],
        "sections": [
          {
            "name": "2F Below Big Chest",
            "capture_item": true,
            "hosted_item": "dp_chest_11",
            "access_rules": [
              "$dp2F",
              "$reverseDP"
            ]
          }
        ]
      },
      {
        "name": "Desert Palace",
        "map_locations": [
          {
            "map": "desert2F",
            "x": 148,
            "y": 33
          }
        ],
        "sections": [
          {
            "name": "2F NE Big Rock",
            "capture_item": true,
            "hosted_item": "dp_chest_12",
            "access_rules": [
              "$dp2F",
              "$reverseDP, titansmitt"
            ]
          }
        ]
      },
      {
        "name": "Desert Palace",
        "map_locations": [
          {
            "map": "desert2F",
            "x": 45,
            "y": 89
          }
        ],
        "sections": [
          {
            "name": "2F Leever Room",
            "capture_item": true,
            "hosted_item": "dp_chest_13",
            "access_rules": [
              "$dp2F",
              "$reverseDP, $attack"
            ]
          }
        ]
      },
      {
        "name": "Desert Palace",
        "map_locations": [
          {
            "map": "desert3F",
            "x": 33,
            "y": 24
          }
        ],
        "sections": [
          {
            "name": "3F Behind Sand",
            "capture_item": true,
            "hosted_item": "dp_chest_14",
            "access_rules": [
              "$dp2F",
              "$reverseDP"
            ]
          }
        ]
      },
      {
        "name": "Desert Palace",
        "map_locations": [
          {
            "map": "desert3F",
            "x": 100,
            "y": 88
          }
        ],
        "sections": [
          {
            "name": "3F Gimos Chest",
            "capture_item": true,
            "hosted_item": "dp_chest_15",
            "access_rules": [
              "$dp2F",
              "$reverseDP"
            ]
          }
        ]
      },
      {
        "name": "Desert Palace",
        "map_locations": [
          {
            "map": "lorule",
            "x": 140,
            //165
            "y": 1602
          },
          {
            "map": "desert3F",
            "x": 121,
            // 126
            "y": 127
          }
        ],
        "sections": [
          {
            "name": "Zaganaga",
            "capture_item": true,
            "hosted_item": "dp_chest_16",
            "access_rules": [
              "$dp2F",
              "$miseryMireOoB, boots",
              "$miseryMireOoB, srod, $attack",
              "[hell], $miseryMireOoB, bow",
              "[hell], $miseryMireOoB, msword"
            ]
          }
        ]
      },
      {
        "name": "Desert Palace",
        "map_locations": [
          {
            "map": "desert3F",
            "x": 134,
            "y": 127,
            "size": 15
          }
        ],
        "sections": [
          {
            "name": "Prize",
            "hosted_item": "desert",
            "access_rules": [
              "$dp2F",
              "$miseryMireOoB, boots",
              "$miseryMireOoB, srod, $attack",
              "[hell], $miseryMireOoB, bow",
              "[hell], $miseryMireOoB, msword"
            ]
          }
        ]
      },
      {
        "name": "Desert Palace",
        "map_locations": [
          {
            "map": "hyrule",
            "x": 185,
            "y": 1605,
            "size": 70
          },
          {
            "map": "lorule",
            "x": 192,
            "y": 1602,
            "size": 70
          }
        ],
        "sections": [
          {
            "name": "1F Entrance",
            "capture_item": true,
            "hosted_item": "dp_chest_01",
            "access_rules": [
              "srod"
            ]
          },
          {
            "name": "1F West Middle",
            "capture_item": true,
            "hosted_item": "dp_chest_03",
            "access_rules": [
              "srod, $switch, $attack",
              "$reverseDP"
            ]
          },
          {
            "name": "1F Sand Controls",
            "capture_item": true,
            "hosted_item": "dp_chest_04",
            "access_rules": [
              "srod, $switch, $attack",
              "$reverseDP"
            ]
          },
          {
            "name": "1F Sand Island",
            "capture_item": true,
            "hosted_item": "dp_chest_02",
            "access_rules": [
              "srod, $switch, $attack",
              "$reverseDP"
            ]
          },
          {
            "name": "1F Big Chest",
            "capture_item": true,
            "hosted_item": "dp_chest_06",
            "access_rules": [
              "srod, $switch, $attack",
              "$reverseDP"
            ]
          },
          {
            "name": "1F Miniboss Room",
            "capture_item": true,
            "hosted_item": "dp_chest_05",
            "access_rules": [
              "srod, $switch, $attack, titansmitt",
              "$reverseDP, titansmitt"
            ]
          },
          {
            "name": "2F W Big Rock",
            "capture_item": true,
            "hosted_item": "dp_chest_08",
            "access_rules": [
              "$dp2F",
              "$reverseDP, titansmitt"
            ]
          },
          {
            "name": "2F Center Room",
            "capture_item": true,
            "hosted_item": "dp_chest_07",
            "access_rules": [
              "$dp2F",
              "$reverseDP"
            ]
          },
          {
            "name": "2F Below Big Chest",
            "capture_item": true,
            "hosted_item": "dp_chest_11",
            "access_rules": [
              "$dp2F",
              "$reverseDP"
            ]
          },
          {
            "name": "2F NE Big Rock",
            "capture_item": true,
            "hosted_item": "dp_chest_12",
            "access_rules": [
              "$dp2F",
              "$reverseDP, titansmitt"
            ]
          },
          {
            "name": "2F E Big Rock",
            "capture_item": true,
            "hosted_item": "dp_chest_09",
            "access_rules": [
              "$dp2F",
              "$reverseDP, titansmitt"
            ]
          },
          {
            "name": "2F Big Chest",
            "capture_item": true,
            "hosted_item": "dp_chest_10",
            "access_rules": [
              "$dp2F",
              "$reverseDP"
            ]
          },
          {
            "name": "2F Leever Room",
            "capture_item": true,
            "hosted_item": "dp_chest_13",
            "access_rules": [
              "$dp2F",
              "$reverseDP, $attack"
            ]
          },
          {
            "name": "3F Behind Sand",
            "capture_item": true,
            "hosted_item": "dp_chest_14",
            "access_rules": [
              "$dp2F",
              "$reverseDP"
            ]
          },
          {
            "name": "3F Gimos Chest",
            "capture_item": true,
            "hosted_item": "dp_chest_15",
            "access_rules": [
              "$dp2F",
              "$reverseDP"
            ]
          },
          {
            "name": "Zaganaga",
            "capture_item": true,
            "hosted_item": "dp_chest_16",
            "access_rules": [
              "$dp2F",
              "$miseryMireOoB, boots",
              "$miseryMireOoB, srod, $attack",
              "[hell], $miseryMireOoB, bow",
              "[hell], $miseryMireOoB, msword"
            ]
          },
          {
            "name": "Prize",
            "hosted_item": "desert",
            "access_rules": [
              "$dp2F",
              "$miseryMireOoB, boots",
              "$miseryMireOoB, srod, $attack",
              "[hell], $miseryMireOoB, bow",
              "[hell], $miseryMireOoB, msword"
            ]
          }
        ]
      }
    ]
  }
]