[
  {
    "name": "Desert Palace",
    "color": "#384ce2",
    "access_rules": [
      "lorule, merge, $yButton, srod"
    ],
    "children": [
      {
        "name": "Desert Palace",
        "map_locations": [
          {
            "map": "desert1F",
            "x": 91,
            "y": 98
          }
        ],
        "sections": [
          {
            "name": "1F Entrance Chest",
            "capture_item": true,
            "item_count": 1
          }
        ]
      },
      {
        "name": "1F Post-Miniboss Chests",
        "access_rules": [
          "[$switch], $attack",
          // Reverse Desert Palace
          "$miseryMireOoB"
        ],
        "children": [
          {
            "name": "Desert Palace",
            "map_locations": [
              {
                "map": "desert1F",
                "x": 46,
                "y": 54
              }
            ],
            "sections": [
              {
                "name": "1F West Upper Chest",
                "capture_item": true,
                "item_count": 1
              }
            ]
          },
          {
            "name": "Desert Palace",
            "map_locations": [
              {
                "map": "desert1F",
                "x": 41,
                "y": 82
              }
            ],
            "sections": [
              {
                "name": "1F West Lower Chest",
                "capture_item": true,
                "item_count": 1
              }
            ]
          },
          {
            "name": "Desert Palace",
            "map_locations": [
              {
                "map": "desert1F",
                "x": 54,
                "y": 26
              }
            ],
            "sections": [
              {
                "name": "1F Sand Control Room Chest",
                "capture_item": true,
                "item_count": 1
              }
            ]
          },
          {
            "name": "Desert Palace",
            "map_locations": [
              {
                "map": "desert1F",
                "x": 54,
                "y": 136
              }
            ],
            "sections": [
              {
                "name": "1F Miniboss Room Chest",
                "capture_item": true,
                "access_rules": [
                  "titansmitt"
                ],
                "item_count": 1
              }
            ]
          },
          {
            "name": "Desert Palace",
            "map_locations": [
              {
                "map": "desert1F",
                "x": 110,
                "y": 27
              }
            ],
            "sections": [
              {
                "name": "1F Titan's Mitt Chest",
                "chest_unopened_img": "images/chest_big_unopened.png",
                "chest_opened_img": "images/chest_big_opened.png",
                "capture_item": true,
                "item_count": 1
              }
            ]
          },
          {
            "name": "Desert Palace Upper Floors",
            "access_rules": [
              "titansmitt",
              // Reverse Desert Palace
              "$miseryMireOoB"
            ],
            "children": [
              {
                "name": "Desert Palace",
                "map_locations": [
                  {
                    "map": "desert2F",
                    "x": 98,
                    "y": 61
                  }
                ],
                "sections": [
                  {
                    "name": "2F Center Room Chest",
                    "capture_item": true,
                    "item_count": 1
                  }
                ]
              },
              {
                "name": "Desert Palace",
                "map_locations": [
                  {
                    "map": "desert2F",
                    "x": 68,
                    "y": 54
                  }
                ],
                "sections": [
                  {
                    "name": "2F Left Hallway Big Rock",
                    "access_rules": [
                      "titansmitt"
                    ],
                    "capture_item": true,
                    "item_count": 1
                  }
                ]
              },
              {
                "name": "Desert Palace",
                "map_locations": [
                  {
                    "map": "desert2F",
                    "x": 113,
                    "y": 54
                  }
                ],
                "sections": [
                  {
                    "name": "2F Right Hallway Big Rock",
                    "access_rules": [
                      "titansmitt"
                    ],
                    "capture_item": true,
                    "item_count": 1
                  }
                ]
              },
              {
                "name": "Desert Palace",
                "map_locations": [
                  {
                    "map": "desert2F",
                    "x": 148,
                    "y": 76
                  }
                ],
                "sections": [
                  {
                    "name": "2F Big Key Chest",
                    "chest_unopened_img": "images/chest_big_unopened.png",
                    "chest_opened_img": "images/chest_big_opened.png",
                    "capture_item": true,
                    "item_count": 1
                  }
                ]
              },
              {
                "name": "Desert Palace",
                "map_locations": [
                  {
                    "map": "desert2F",
                    "x": 148,
                    "y": 88
                  }
                ],
                "sections": [
                  {
                    "name": "2F Next to Big Key Chest",
                    "capture_item": true,
                    "item_count": 1
                  }
                ]
              },
              {
                "name": "Desert Palace",
                "map_locations": [
                  {
                    "map": "desert2F",
                    "x": 148,
                    "y": 33
                  }
                ],
                "sections": [
                  {
                    "name": "2F NE Big Rock",
                    "access_rules": [
                      "titansmitt"
                    ],
                    "capture_item": true,
                    "item_count": 1
                  }
                ]
              },
              {
                "name": "Desert Palace",
                "map_locations": [
                  {
                    "map": "desert2F",
                    "x": 45,
                    "y": 89
                  }
                ],
                "sections": [
                  {
                    "name": "2F West Fight Room Chest",
                    "access_rules": [
                      "$attack"
                    ],
                    "capture_item": true,
                    "item_count": 1
                  }
                ]
              },
              {
                "name": "Desert Palace",
                "map_locations": [
                  {
                    "map": "desert3F",
                    "x": 33,
                    "y": 24
                  }
                ],
                "sections": [
                  {
                    "name": "3F Behind the Falling Sand",
                    "capture_item": true,
                    "item_count": 1
                  }
                ]
              },
              {
                "name": "Desert Palace",
                "map_locations": [
                  {
                    "map": "desert3F",
                    "x": 100,
                    "y": 88
                  }
                ],
                "sections": [
                  {
                    "name": "3F Gimos Chest",
                    "capture_item": true,
                    "item_count": 1
                  }
                ]
              }
            ]
          }
        ]
      }
    ]
  },
  {
    "name": "Zaganaga's Arena",
    "color": "#2d3bb7",
    "access_rules": [
      "lorule, merge, $yButton, srod, titansmitt, $attack",
      // Desert Palace Skip. IRod + TRod make it faster, but aren't actually needed for the boost method
      "$miseryMireOoB, boots",
      // Skip Dungeon, but fight Zaganaga. Titan's Mitt not needed with the skip
      "$miseryMireOoB, srod, $attack",
      // Low% shitty fight
      "$miseryMireOoB, bow, zagaBow",
      "$miseryMireOoB, msword, zagaSwordBeams"
    ],
    "children": [
      {
        "name": "Desert Palace",
        "map_locations": [
          {
            "map": "hyrule",
            "x": 185,
            "y": 1543
          },
          {
            "map": "lorule",
            "x": 192,
            "y": 1602
          },
          {
            "map": "desert3F",
            "x": 134,
            "y": 127
          }
        ],
        "sections": [
          {
            "name": "Sage Irene",
            "hosted_item": "desert"
          },
          {
            "name": "Heart Container",
            "capture_item": true,
            "item_count": 1
          }
        ]
      }
    ]
  }
]