[
  {
    "name": "Eastern Palace",
    "color": "#00FF00",
    "access_rules": [
      "merge",
      "bow",
      "hookshot",
      "boomerang",
      "bombs",
      "[hard], glove, msword",
      "[hard], irod, msword",
      "[hard], bell, wv_eastern, msword",
      "[], niceirod"
    ],
    "children": [
      {
        "name": "Eastern Palace",
        "map_locations": [
          {
            "map": "ep1F",
            "x": 119,
            "y": 125
          }
        ],
        "sections": [
          {
            "name": "1F Merge Chest",
            "hosted_item": "ep_chest_01",
            "access_rules": [
              "merge"
            ]
          }
        ]
      },
      {
        "name": "Eastern Palace",
        "map_locations": [
          {
            "map": "ep1F",
            "x": 73,
            "y": 102
          }
        ],
        "sections": [
          {
            "name": "1F Left Door Chest",
            "hosted_item": "ep_chest_02",
            "access_rules": [
              "bow",
              "hookshot",
              "boomerang",
              "bombs",
              // pots,
              "[hard]",
              "[], niceirod"
            ]
          }
        ]
      },
      {
        "name": "Eastern Palace",
        "map_locations": [
          {
            "map": "ep1F",
            "x": 44,
            "y": 46
          }
        ],
        "sections": [
          {
            "name": "1F Popo Room",
            "hosted_item": "ep_chest_03",
            "access_rules": [
              "$attack"
            ]
          }
        ]
      },
      {
        "name": "Eastern Palace",
        "map_locations": [
          {
            "map": "ep1F",
            "x": 44,
            "y": 77
          }
        ],
        "sections": [
          {
            "name": "1F Secret Room",
            "hosted_item": "ep_chest_04",
            "access_rules": [
              "$attack"
            ]
          }
        ]
      },
      {
        "name": "Eastern Palace",
        "map_locations": [
          {
            "map": "ep1F",
            "x": 141,
            "y": 42
          }
        ],
        "sections": [
          {
            "name": "1F Switch Room",
            "hosted_item": "ep_chest_05",
            "access_rules": [
              "bow",
              "boomerang",
              "hookshot",
              "bombs",
              "[hard], irod",
              "[hard], msword"
            ]
          }
        ]
      },
      {
        "name": "Eastern Palace",
        "map_locations": [
          {
            "map": "ep2F",
            "x": 48,
            "y": 69
          }
        ],
        "sections": [
          {
            "name": "2F Ball Room",
            "hosted_item": "ep_chest_06",
            "access_rules": [
              "$attack"
            ]
          }
        ]
      },
      {
        "name": "Eastern Palace",
        "map_locations": [
          {
            "map": "ep2F",
            "x": 130,
            "y": 41
          }
        ],
        "sections": [
          {
            "name": "2F Kill Popos",
            "hosted_item": "ep_chest_07",
            "access_rules": [
              "$attack"
            ]
          }
        ]
      },
      {
        "name": "Eastern Palace",
        "map_locations": [
          {
            "map": "ep2F",
            "x": 165,
            "y": 110
          }
        ],
        "sections": [
          {
            "name": "2F Switches Room",
            "hosted_item": "ep_chest_08",
            "access_rules": [
              "bow",
              "bombs",
              "irod",
              "$attack, boomerang",
              "$attack, hookshot",
              // You can use 4 of the 6 pots
              "[hard], $attack"
            ]
          }
        ]
      },
      {
        "name": "Eastern Palace",
        "map_locations": [
          {
            "map": "ep2F",
            "x": 40,
            "y": 100
          }
        ],
        "sections": [
          {
            "name": "2F Big Chest",
            "hosted_item": "ep_chest_09",
            "access_rules": [
              "$attack"
            ]
          }
        ]
      },
      {
        "name": "Eastern Palace",
        "map_locations": [
          {
            "map": "ep3F",
            "x": 80,
            "y": 77
          }
        ],
        "sections": [
          {
            "name": "3F Yuga",
            "hosted_item": "ep_chest_10",
            "access_rules": [
              "$yuga1"
            ]
          }
        ]
      },
      {
        "name": "Eastern Palace",
        "map_locations": [
          {
            "map": "ep3F",
            "x": 88,
            "y": 69
          }
        ],
        "sections": [
          {
            "name": "3F Heart Container",
            //"capture_item": true,
            "hosted_item": "ep_chest_11",
            "access_rules": [
              "$yuga1"
            ]
          }
        ]
      },
      {
        "name": "Eastern Palace",
        "map_locations": [
          {
            "map": "ep3F",
            "x": 132,
            "y": 77
          }
        ],
        "sections": [
          {
            "name": "3F Escape Chest",
            "hosted_item": "ep_chest_12",
            "access_rules": [
              "$yuga1, merge"
            ]
          }
        ]
      },
      {
        "name": "Eastern Palace",
        "map_locations": [
          {
            "map": "ep1F",
            "x": 50,
            "y": 100
          }
        ],
        "sections": [
          {
            "name": "1F Escape Chest",
            "hosted_item": "ep_chest_13",
            "access_rules": [
              "$yuga1, merge"
            ]
          }
        ]
      },
      {
        "name": "Eastern Palace",
        "sections": [
          {
            "name": "Prize",
            "access_rules": [
              "$yuga1"
            ],
            "hosted_item": "eastern"
          }
        ],
        "map_locations": [
          {
            "map": "ep1F",
            "x": 89,
            "y": 162,
            "size": 15
          }
        ]
      },
      {
        "name": "Eastern Palace",
        "sections": [
          {
            "name": "1F Merge Chest",
            "hosted_item": "ep_chest_01",
            "access_rules": [
              "merge"
            ]
          },
          {
            "name": "1F Left Door Chest",
            "hosted_item": "ep_chest_02",
            "access_rules": [
              "bow",
              "hookshot",
              "boomerang",
              "bombs",
              // pots,
              "[hard]",
              "[], niceirod"
            ]
          },
          {
            "name": "1F Popo Room",
            "hosted_item": "ep_chest_03",
            "access_rules": [
              "$attack"
            ]
          },
          {
            "name": "1F Secret Room",
            "hosted_item": "ep_chest_04",
            "access_rules": [
              "$attack"
            ]
          },
          {
            "name": "1F Switch Room",
            "hosted_item": "ep_chest_05",
            "access_rules": [
              "bow",
              "boomerang",
              "hookshot",
              "bombs",
              "[hard], irod",
              "[hard], msword"
            ]
          },
          {
            "name": "2F Ball Room",
            "hosted_item": "ep_chest_06",
            "access_rules": [
              "$attack"
            ]
          },
          {
            "name": "2F Kill Popos",
            "hosted_item": "ep_chest_07",
            "access_rules": [
              "$attack"
            ]
          },
          {
            "name": "2F Switches Room",
            "hosted_item": "ep_chest_08",
            "access_rules": [
              "bow",
              "bombs",
              "irod",
              "$attack, boomerang",
              "$attack, hookshot",
              // You can use 4 of the 6 pots
              "[hard], $attack"
            ]
          },
          {
            "name": "2F Big Chest",
            "hosted_item": "ep_chest_09",
            "access_rules": [
              "$attack"
            ]
          },
          {
            "name": "3F Yuga",
            "hosted_item": "ep_chest_10",
            "access_rules": [
              "$yuga1"
            ]
          },
          {
            "name": "3F Heart Container",
            //"capture_item": true,
            "hosted_item": "ep_chest_11",
            "access_rules": [
              "$yuga1"
            ]
          },
          {
            "name": "3F Escape Chest",
            "hosted_item": "ep_chest_12",
            "access_rules": [
              "$yuga1, merge"
            ]
          },
          {
            "name": "1F Escape Chest",
            "hosted_item": "ep_chest_13",
            "access_rules": [
              "$yuga1, merge"
            ]
          },
          {
            "name": "Prize",
            "hosted_item": "eastern",
            "access_rules": [
              "$yuga1"
            ]
          }
        ],
        "map_locations": [
          {
            "map": "hyrule",
            "x": 1921,
            "y": 820,
            "size": 70
          }
        ]
      }
    ]
  }
]