[
  {
    "name": "House of Gales",
    "color": "#0000FF",
    "chest_unopened_img": "images/checks/chest_small_unopened.png",
    "chest_opened_img": "images/checks/chest_small_opened.png",
    "access_rules": [
      "trod, flippers",
      "trod, wv_gales, bell",
      "[advanced], trod, irod, hookshot",
      "[advanced], trod, $fakeFlippers",
      "[hell], trod, boots, bombs",
      "[hell], trod, boots, $beeBoost"
    ],
    "children": [
      {
        "name": "House of Gales",
        "map_locations": [
          {
            "map": "hog1F",
            "x": 142,
            "y": 98
          }
        ],
        "sections": [
          {
            "name": "1F Bubble Room",
            "hosted_item": "hog_chest_01",
            "access_rules": [
              "merge, $fire_enemy"
            ]
          }
        ]
      },
      {
        "name": "House of Gales",
        "map_locations": [
          {
            "map": "hog1F",
            "x": 151,
            "y": 30
          }
        ],
        "sections": [
          {
            "name": "1F NE Room",
            "hosted_item": "hog_chest_02",
            "access_rules": [
              "merge",
              "[hard]"
            ]
          }
        ]
      },
      {
        "name": "House of Gales",
        "map_locations": [
          {
            "map": "hog1F",
            "x": 92,
            "y": 34
          }
        ],
        "sections": [
          {
            "name": "1F Torch Chest",
            "hosted_item": "hog_chest_03",
            "access_rules": [
              "$fire"
            ]
          }
        ]
      },
      {
        "name": "House of Gales",
        "map_locations": [
          {
            "map": "hog1F",
            "x": 46,
            "y": 84
          }
        ],
        "sections": [
          {
            "name": "1F Block Room",
            "hosted_item": "hog_chest_04",
            "access_rules": [
              "merge",
              "[hard]"
            ]
          }
        ]
      },
      {
        "name": "House of Gales",
        "map_locations": [
          {
            "map": "hog1F",
            "x": 21,
            "y": 116
          }
        ],
        "sections": [
          {
            "name": "1F Block Room (SW)",
            "hosted_item": "hog_chest_05",
            "access_rules": [
              "{csmc}",
              "merge"
            ]
          }
        ]
      },
      {
        "name": "House of Gales",
        "map_locations": [
          {
            "map": "hog2F",
            "x": 109,
            "y": 107
          }
        ],
        "sections": [
          {
            "name": "2F Narrow Ledge",
            //"capture_item": true,
            "access_rules": [
              //"{$hog2F}",
              "$hog2F, merge",
              "$hog2F, boomerang",
              "$hog2F, hookshot",
              "[hard], $hog2F"
            ],
            "hosted_item": "hog_chest_06"
          }
        ]
      },
      {
        "name": "House of Gales",
        "map_locations": [
          {
            "map": "hog2F",
            "x": 31,
            "y": 139
          }
        ],
        "sections": [
          {
            "name": "2F Fire Ring",
            "access_rules": [
              "$hog2F, merge"
            ],
            //"capture_item": true,
            "hosted_item": "hog_chest_07"
          }
        ]
      },
      {
        "name": "House of Gales",
        "map_locations": [
          {
            "map": "hog2F",
            "x": 119,
            "y": 135
          }
        ],
        "sections": [
          {
            "name": "2F Big Chest",
            "hosted_item": "hog_chest_08",
            "access_rules": [
              "$hog2F"
            ]
          }
        ]
      },
      {
        "name": "House of Gales",
        "map_locations": [
          {
            "map": "hog3F",
            "x": 57,
            "y": 123
          }
        ],
        "sections": [
          {
            "name": "3F Bubble Room",
            "hosted_item": "hog_chest_09",
            "access_rules": [
              "{csmc, $hog3F}",
              "$hog3F, $fire"
            ]
          }
        ]
      },
      {
        "name": "House of Gales",
        "map_locations": [
          {
            "map": "hog3F",
            "x": 134,
            "y": 84
          }
        ],
        "sections": [
          {
            "name": "3F Wind Chest",
            "hosted_item": "hog_chest_10",
            "access_rules": [
              "{csmc, glitched, $hog2F}",
              "$hog3F"
            ]
          }
        ]
      },
      {
        "name": "House of Gales",
        "map_locations": [
          {
            "map": "hog3F",
            "x": 92,
            "y": 42
          }
        ],
        "sections": [
          {
            "name": "Margomill",
            //"capture_item": true,
            "hosted_item": "hog_chest_11",
            "access_rules": [
              "$hog3F, $margomill"
            ]
          }
        ]
      },
      {
        "name": "House of Gales",
        "map_locations": [
          {
            "map": "hog3F",
            "x": 92,
            "y": 30,
            "size": 15
          }
        ],
        "sections": [
          {
            "name": "Prize",
            "hosted_item": "gales",
            "access_rules": [
              "$hog3F, $margomill"
            ]
          }
        ]
      },
      {
        "name": "House of Gales",
        "map_locations": [
          {
            "map": "hyrule",
            "x": 1620,
            "y": 1709,
            "size": 80
          }
        ],
        "sections": [
          {
            "name": "1F Bubble Room",
            "hosted_item": "hog_chest_01",
            "access_rules": [
              "merge, $fire_enemy"
            ]
          },
          {
            "name": "1F Torch Chest",
            "hosted_item": "hog_chest_03",
            "access_rules": [
              "$fire"
            ]
          },
          {
            "name": "1F NE Room",
            "hosted_item": "hog_chest_02",
            "access_rules": [
              "merge",
              "[hard]"
            ]
          },
          {
            "name": "1F Block Room",
            "hosted_item": "hog_chest_04",
            "access_rules": [
              "merge",
              "[hard]"
            ]
          },
          {
            "name": "1F Block Room (SW)",
            "hosted_item": "hog_chest_05",
            "access_rules": [
              "{csmc}",
              "merge"
            ]
          },
          {
            "name": "2F Narrow Ledge",
            //"capture_item": true,
            "hosted_item": "hog_chest_06",
            "access_rules": [
              //"{$hog2F}",
              "$hog2F, merge",
              "$hog2F, boomerang",
              "$hog2F, hookshot",
              "[hard], $hog2F"
            ]
          },
          {
            "name": "2F Big Chest",
            "hosted_item": "hog_chest_08",
            "access_rules": [
              "$hog2F"
            ]
          },
          {
            "name": "2F Fire Ring",
            //"capture_item": true,
            "hosted_item": "hog_chest_07",
            "access_rules": [
              "$hog2F, merge"
            ]
          },
          {
            "name": "3F Bubble Room",
            "hosted_item": "hog_chest_09",
            "access_rules": [
              "{csmc, $hog3F}",
              "$hog3F, $fire"
            ]
          },
          {
            "name": "3F Wind Chest",
            "hosted_item": "hog_chest_10",
            "access_rules": [
              "{csmc, glitched, $hog2F}",
              "$hog3F"
            ]
          },
          {
            "name": "Margomill",
            //"capture_item": true,
            "hosted_item": "hog_chest_11",
            "access_rules": [
              "$hog3F, $margomill"
            ]
          },
          {
            "name": "Prize",
            "hosted_item": "gales",
            "access_rules": [
              "$hog3F, $margomill"
            ]
          }
        ]
      }
    ]
  }
]