[
  {
    "name": "Tower of Hera",
    "color": "#FF0000",
    "chest_unopened_img": "images/checks/chest_small_unopened.png",
    "chest_opened_img": "images/checks/chest_small_opened.png",
    "access_rules": [
      "hammer, powerglove, merge",
      "[basic], hammer, merge",
      "[advanced], hammer, bottle",
      "[advanced], hammer, bluemail"
      //      "[hell], hammer"
    ],
    "children": [
      {
        "name": "Tower of Hera",
        "map_locations": [
          {
            "map": "hera1F",
            "x": 82,
            "y": 27
          }
        ],
        "sections": [
          {
            "name": "1F Window Chest",
            "hosted_item": "toh_chest_01",
            "access_rules": [
              "merge",
              "[advanced], fsword, bombs, trod"
            ]
          }
        ]
      },
      {
        "name": "Tower of Hera",
        "map_locations": [
          {
            "map": "hera1F",
            "x": 93,
            "y": 78
          }
        ],
        "sections": [
          {
            "name": "1F Center Chest",
            "hosted_item": "toh_chest_02",
            "access_rules": [
              "merge",
              "[advanced], fsword, bombs"
            ]
          }
        ]
      },
      {
        "name": "Tower of Hera",
        "map_locations": [
          {
            "map": "hera3F",
            "x": 93,
            "y": 83
          }
        ],
        "sections": [
          {
            "name": "3F Center",
            //"capture_item": true,
            "hosted_item": "toh_chest_03",
            "access_rules": [
              "merge",
              "[advanced], fsword, bombs"
            ]
          }
        ]
      },
      {
        "name": "Tower of Hera",
        "map_locations": [
          {
            "map": "hera5F",
            "x": 127,
            "y": 96
          }
        ],
        "sections": [
          {
            "name": "5F Red/Blue Chest",
            "hosted_item": "toh_chest_04",
            "access_rules": [
              "merge",
              "[advanced], fsword, bombs, trod"
            ]
          }
        ]
      },
      {
        "name": "Tower of Hera",
        "map_locations": [
          {
            "map": "hera6F",
            "x": 66,
            "y": 58
          }
        ],
        "sections": [
          {
            "name": "6F Left Tiles",
            //"capture_item": true,
            "hosted_item": "toh_chest_06",
            "access_rules": [
              "merge",
              "[advanced], fsword, bombs, trod"
            ]
          }
        ]
      },
      {
        "name": "Tower of Hera",
        "map_locations": [
          {
            "map": "hera6F",
            "x": 116,
            "y": 58
          }
        ],
        "sections": [
          {
            "name": "6F Right Tiles",
            "hosted_item": "toh_chest_05",
            "access_rules": [
              "merge",
              "[advanced], fsword, bombs, trod"
            ]
          }
        ]
      },
      {
        "name": "Tower of Hera",
        "map_locations": [
          {
            "map": "hera7F",
            "x": 121,
            "y": 135
          }
        ],
        "sections": [
          {
            "name": "7F Ledge Chest",
            "hosted_item": "toh_chest_07",
            "access_rules": [
              "merge",
              "[advanced], fsword, bombs, trod"
            ]
          }
        ]
      },
      {
        "name": "Tower of Hera",
        "map_locations": [
          {
            "map": "hera8F",
            "x": 74,
            "y": 65
          }
        ],
        "sections": [
          {
            "name": "8F Fairy Room",
            "hosted_item": "toh_chest_08",
            "access_rules": [
              "merge",
              "[advanced], fsword, bombs, trod"
            ]
          }
        ]
      },
      {
        "name": "Tower of Hera",
        "map_locations": [
          {
            "map": "hera11F",
            "x": 126,
            "y": 76
          }
        ],
        "sections": [
          {
            "name": "11F Big Chest",
            "chest_unopened_img": "images/chest_big_unopened.png",
            "chest_opened_img": "images/chest_big_opened.png",
            "hosted_item": "toh_chest_09",
            "access_rules": [
              "merge",
              "[advanced], fsword, bombs, trod"
            ]
          }
        ]
      },
      {
        "name": "Tower of Hera",
        "map_locations": [
          {
            "map": "hera13F",
            "x": 93,
            "y": 85
          }
        ],
        "sections": [
          {
            "name": "13F Moldorm",
            //"capture_item": true,
            "hosted_item": "toh_chest_10",
            "access_rules": [
              "merge",
              "[advanced], fsword, bombs, trod"
            ]
          }
        ]
      },
      {
        "name": "Tower of Hera",
        "access_rules": [
          "merge",
          "[advanced], fsword, bombs, trod"
        ],
        "map_locations": [
          {
            "map": "hera13F",
            "x": 93,
            "y": 58,
            "size": 15
          }
        ],
        "sections": [
          {
            "name": "Prize",
            "hosted_item": "hera"
          }
        ]
      },
      {
        "name": "Tower of Hera",
        "map_locations": [
          {
            "map": "hyrule",
            "x": 1211,
            "y": 39,
            "size": 70
          }
        ],
        "sections": [
          {
            "name": "1F Window Chest",
            "hosted_item": "toh_chest_01",
            "access_rules": [
              "merge",
              "[advanced], fsword, bombs, trod"
            ]
          },
          {
            "name": "1F Center Chest",
            "hosted_item": "toh_chest_02",
            "access_rules": [
              "merge",
              "[advanced], fsword, bombs"
            ]
          },
          {
            "name": "3F Center",
            //"capture_item": true,
            "hosted_item": "toh_chest_03",
            "access_rules": [
              "merge",
              "[advanced], fsword, bombs"
            ]
          },
          {
            "name": "5F Red/Blue Chest",
            "hosted_item": "toh_chest_04",
            "access_rules": [
              "merge",
              "[advanced], fsword, bombs, trod"
            ]
          },
          {
            "name": "6F Right Tiles",
            "hosted_item": "toh_chest_05",
            "access_rules": [
              "merge",
              "[advanced], fsword, bombs, trod"
            ]
          },
          {
            "name": "6F Left Tiles",
            //"capture_item": true,
            "hosted_item": "toh_chest_06",
            "access_rules": [
              "merge",
              "[advanced], fsword, bombs, trod"
            ]
          },
          {
            "name": "7F Ledge Chest",
            "hosted_item": "toh_chest_07",
            "access_rules": [
              "merge",
              "[advanced], fsword, bombs, trod"
            ]
          },
          {
            "name": "8F Fairy Room",
            "hosted_item": "toh_chest_08",
            "access_rules": [
              "merge",
              "[advanced], fsword, bombs, trod"
            ]
          },
          {
            "name": "11F Big Chest",
            "hosted_item": "toh_chest_09",
            "access_rules": [
              "merge",
              "[advanced], fsword, bombs, trod"
            ]
          },
          {
            "name": "13F Moldorm",
            //"capture_item": true,
            "hosted_item": "toh_chest_10",
            "access_rules": [
              "merge",
              "[advanced], fsword, bombs, trod"
            ]
          },
          {
            "name": "Prize",
            "hosted_item": "hera",
            "access_rules": [
              "merge",
              "[advanced], fsword, bombs, trod"
            ]
          }
        ]
      }
    ]
  }
]