[
  {
    "name": "Tower of Hera",
    "color": "#FF0000",
    "access_rules": [
      "hammer, powerglove, merge",
      "hammer, [powerglove], [merge]"
    ],
    "children": [
      {
        "name": "Tower of Hera",
        "access_rules": [
          "merge"
        ],
        "map_locations": [
          {
            "map": "hera1F",
            "x": 82,
            "y": 27
          }
        ],
        "sections": [
          {
            "name": "1F Window Chest",
            "capture_item": true,
            "item_count": 1
          }
        ]
      },
      {
        "name": "Tower of Hera",
        "access_rules": [
          "merge",
          "[merge], fsword, bombs"
        ],
        "map_locations": [
          {
            "map": "hera1F",
            "x": 93,
            "y": 78
          }
        ],
        "sections": [
          {
            "name": "1F Center Chest",
            "capture_item": true,
            "item_count": 1
          }
        ]
      },
      {
        "name": "Tower of Hera",
        "access_rules": [
          "merge",
          "[merge], fsword, bombs"
        ],
        "map_locations": [
          {
            "map": "hera3F",
            "x": 93,
            "y": 83
          }
        ],
        "sections": [
          {
            "name": "3F Key",
            "capture_item": true,
            "item_count": 1
          }
        ]
      },
      {
        "name": "Tower of Hera",
        "access_rules": [
          "merge",
          "[merge], fsword, bombs, trod"
        ],
        "map_locations": [
          {
            "map": "hera5F",
            "x": 127,
            "y": 96
          }
        ],
        "sections": [
          {
            "name": "5F Red/Blue Chest",
            "capture_item": true,
            "item_count": 1
          }
        ]
      },
      {
        "name": "Tower of Hera",
        "access_rules": [
          "merge",
          "[merge], fsword, bombs, trod"
        ],
        "map_locations": [
          {
            "map": "hera6F",
            "x": 66,
            "y": 58
          }
        ],
        "sections": [
          {
            "name": "6F Left Tile Key",
            "capture_item": true,
            "item_count": 1
          }
        ]
      },
      {
        "name": "Tower of Hera",
        "access_rules": [
          "merge",
          "[merge], fsword, bombs, trod"
        ],
        "map_locations": [
          {
            "map": "hera6F",
            "x": 116,
            "y": 58
          }
        ],
        "sections": [
          {
            "name": "6F Right Tile Chest",
            "capture_item": true,
            "item_count": 1
          }
        ]
      },
      {
        "name": "Tower of Hera",
        "access_rules": [
          "merge",
          "[merge], fsword, bombs, trod"
        ],
        "map_locations": [
          {
            "map": "hera7F",
            "x": 121,
            "y": 135
          }
        ],
        "sections": [
          {
            "name": "7F Ledge Chest",
            "capture_item": true,
            "item_count": 1
          }
        ]
      },
      {
        "name": "Tower of Hera",
        "access_rules": [
          "merge",
          "[merge], fsword, bombs, trod"
        ],
        "map_locations": [
          {
            "map": "hera8F",
            "x": 74,
            "y": 65
          }
        ],
        "sections": [
          {
            "name": "8F Fairy Room Chest",
            "capture_item": true,
            "item_count": 1
          }
        ]
      },
      {
        "name": "Tower of Hera",
        "access_rules": [
          "merge",
          "[merge], fsword, bombs, trod"
        ],
        "map_locations": [
          {
            "map": "hera11F",
            "x": 126,
            "y": 76
          }
        ],
        "sections": [
          {
            "name": "Big Key Chest",
            "chest_unopened_img": "images/chest_big_unopened.png",
            "chest_opened_img": "images/chest_big_opened.png",
            "capture_item": true,
            "item_count": 1
          }
        ]
      },
      {
        "name": "Tower of Hera",
        "access_rules": [
          "merge",
          "[merge], fsword, bombs, trod"
        ],
        "map_locations": [
          {
            "map": "hera13F",
            "x": 93,
            "y": 85
          }
        ],
        "sections": [
          {
            "name": "Heart Container",
            "capture_item": true,
            "item_count": 1
          }
        ]
      },
      {
        "name": "Tower of Hera",
        "access_rules": [
          "{bombs, fsword}",
          "merge",
          "[merge], fsword, bombs, trod"
        ],
        "map_locations": [
          {
            "map": "hyrule",
            "x": 1211,
            "y": 39,
            "size": 60
          },
          {
            "map": "hera13F",
            "x": 93,
            "y": 58,
            "size": 15
          }
        ],
        "sections": [
          {
            "name": "Pendant of Power",
            "hosted_item": "hera"
          }
        ]
      }
    ]
  }
]