[
  {
    "name": "Hyrule Castle",
    "chest_unopened_img": "images/checks/chest_small_unopened.png",
    "chest_opened_img": "images/checks/chest_small_opened.png",
    "children": [
      {
        "name": "Hyrule Castle",
        "map_locations": [
          {
            "map": "hyrule",
            "x": 928,
            "y": 926
          }
        ],
        "sections": [
          {
            "name": "Left Room Chest",
            "item_count": 1,
            "access_rules": [
              "$hc_barrier",
              "[$lc_requirement], $canEnterLC, $lc2F, merge, yuga"
            ]
          }
        ]
      },
      {
        "name": "Hyrule Castle",
        "map_locations": [
          {
            "map": "hyrule",
            "x": 1070,
            "y": 1048
          }
        ],
        "sections": [
          {
            "name": "Roof Chest",
            "item_count": 1,
            "access_rules": [
              "{csmc}",
              "$hc_barrier",
              "[$lc_requirement], $canEnterLC, $lc2F, merge, yuga"
            ]
          }
        ]
      },
      {
        "name": "Hyrule Castle",
        "map_locations": [
          {
            "map": "hyrule",
            "x": 1024,
            "y": 934,
            "size": 70
          }
        ],
        "sections": [
          {
            "name": "Zelda's Throne",
            "hosted_item": "hyrule_castle",
            "access_rules": [
              "$hc_barrier",
              "[$lc_requirement], $canEnterLC, $lc2F, merge, yuga"
            ]
          }
        ]
      },
      {
        "name": "Inside Hyrule Castle",
        "access_rules": [
          "$hc_barrier, courage:2, merge, $yuga2",
          "[$lc_requirement], $canEnterLC, $lc2F, merge, $yuga2"
        ],
        "map_locations": [
          {
            "map": "hyrule",
            "x": 1024,
            "y": 792,
            "size": 70
          },
          {
            "map": "hyrule8F",
            "x": 83,
            "y": 59,
            "size": 15
          }
        ],
        "sections": [
          {
            "name": "Yuga",
            "hosted_item": "yuga"
          }
        ]
      }
    ]
  }
]