[
  {
    "name": "Hyrule Castle",
    "children": [
      {
        "name": "Hyrule Castle",
        "map_locations": [
          {
            "map": "hyrule",
            "x": 928,
            "y": 926
          }
        ],
        "sections": [
          {
            "name": "Left Room Chest",
            "item_count": 1,
            "access_rules": [
              "$hc_barrier",
              "[$has_all_sages], $canEnterLC, $lc2F, merge, yuga"
            ]
          }
        ]
      },
      {
        "name": "Hyrule Castle",
        "map_locations": [
          {
            "map": "hyrule",
            "x": 1070,
            "y": 1048
          }
        ],
        "sections": [
          {
            "name": "Roof Chest",
            "item_count": 1,
            "access_rules": [
              "$hc_barrier",
              "[$has_all_sages], $canEnterLC, $lc2F, merge, yuga"
            ]
          }
        ]
      },
      {
        "name": "Inside Hyrule Castle",
        "access_rules": [
          "$hc_barrier, courage, merge, $yuga2",
          "[$has_all_sages], $canEnterLC, $lc2F, merge, $yuga2"
        ],
        "map_locations": [
          {
            "map": "hyrule",
            "x": 1023,
            "y": 870,
            "size": 70
          },
          {
            "map": "hyrule8F",
            "x": 83,
            "y": 59,
            "size": 15
          }
        ],
        "sections": [
          {
            "name": "Yuga",
            "hosted_item": "yuga"
          }
        ]
      }
    ]
  }
]