[
  {
    "name": "Hyrule Castle",
    "access_rules": [
      "msword",
      // Barrier Skip, only works before getting all sages
      "[], merge, boots, trod, bombs, $does_not_have_all_sages, boomerang",
      "[], merge, boots, trod, bombs, $does_not_have_all_sages, hookshot"
    ],
    "children": [
      {
        "name": "Hyrule Castle",
        "map_locations": [
          {
            "map": "hyrule",
            "x": 928,
            "y": 926
          }
        ],
        "sections": [
          {
            "name": "Left Room Chest",
            "item_count": 1
          }
        ]
      },
      {
        "name": "Hyrule Castle",
        "map_locations": [
          {
            "map": "hyrule",
            "x": 1070,
            "y": 1048
          }
        ],
        "sections": [
          {
            "name": "Right Wall Chest",
            "item_count": 1
          }
        ]
      },
      {
        "name": "Inside Hyrule Castle",
        "access_rules": [
          "merge",
          "bow",
          "irod",
          "[hard], nicebombs",
          "[], nicetrod"
        ],
        "map_locations": [
          {
            "map": "hyrule",
            "x": 1023,
            "y": 870,
            "size": 60
          },
          {
            "map": "hyrule8F",
            "x": 83,
            "y": 59,
            "size": 15
          }
        ],
        "sections": [
          {
            "name": "Yuga",
            "hosted_item": "yuga"
          }
        ]
      }
    ]
  }
]