[
  {
    "name": "Inside Hyrule Castle",
    "access_rules": [
      "msword"
    ],
    "children": [
      {
        "name": "Hyrule Castle",
        "map_locations": [
          {
            "map": "hyrule",
            "x": 928,
            "y": 926
          }
        ],
        "sections": [
          {
            "name": "Left Room Chest",
            "item_count": 1
          }
        ]
      },
      {
        "name": "Hyrule Castle",
        "map_locations": [
          {
            "map": "hyrule",
            "x": 1070,
            "y": 1048
          }
        ],
        "sections": [
          {
            "name": "Right Wall Chest",
            "item_count": 1
          }
        ]
      }
    ]
  }
]