[
  {
    "name": "Ice Ruins",
    "color": "#ef3435",
    "chest_unopened_img": "images/checks/chest_small_unopened.png",
    "chest_opened_img": "images/checks/chest_small_opened.png",
    "access_rules": [
      "powerglove, merge, frod, hookshot",
      "[glitched], merge, frod, hookshot"
    ],
    "children": [
      {
        "name": "Ice Ruins",
        "map_locations": [
          {
            "map": "ice1F",
            "x": 90,
            "y": 133
          }
        ],
        "sections": [
          {
            "name": "1F Hidden",
            "hosted_item": "ir_chest_01"
          }
        ]
      },
      {
        "name": "Ice Ruins",
        "map_locations": [
          {
            "map": "iceB1",
            "x": 137,
            "y": 75
          }
        ],
        "sections": [
          {
            "name": "B1 Torches",
            //"capture_item": true,
            "hosted_item": "ir_chest_02"
          }
        ]
      },
      {
        "name": "Ice Ruins",
        "map_locations": [
          {
            "map": "iceB1",
            "x": 137,
            "y": 116
          }
        ],
        "sections": [
          {
            "name": "B1 East Chest",
            "hosted_item": "ir_chest_03"
          }
        ]
      },
      {
        "name": "Ice Ruins",
        "map_locations": [
          {
            "map": "iceB1",
            "x": 99,
            "y": 108
          }
        ],
        "sections": [
          {
            "name": "B1 Center Chest",
            "hosted_item": "ir_chest_04"
          }
        ]
      },
      {
        "name": "Ice Ruins",
        "map_locations": [
          {
            "map": "iceB2",
            "x": 80,
            "y": 134
          }
        ],
        "sections": [
          {
            "name": "B2 Icicle",
            //"capture_item": true,
            "hosted_item": "ir_chest_05"
          }
        ]
      },
      {
        "name": "Ice Ruins",
        "map_locations": [
          {
            "map": "iceB2",
            "x": 90,
            "y": 54
          }
        ],
        "sections": [
          {
            "name": "B2 Long Merge",
            "hosted_item": "ir_chest_06",
            "access_rules": [
              "{csmc}",
              "scroll",
              "[advanced], boots"
            ]
          }
        ]
      },
      {
        "name": "Ice Ruins",
        "map_locations": [
          {
            "map": "iceB3",
            "x": 85,
            "y": 142
          }
        ],
        "sections": [
          {
            "name": "B3 Elevator Left",
            "hosted_item": "ir_chest_07"
          }
        ]
      },
      {
        "name": "Ice Ruins",
        "map_locations": [
          {
            "map": "iceB3",
            "x": 95,
            "y": 142
          }
        ],
        "sections": [
          {
            "name": "B3 Elevator Right",
            "hosted_item": "ir_chest_08"
          }
        ]
      },
      {
        "name": "Ice Ruins",
        "map_locations": [
          {
            "map": "iceB3",
            "x": 90,
            "y": 94
          }
        ],
        "sections": [
          {
            "name": "B3 Big Chest",
            "hosted_item": "ir_chest_09"
          }
        ]
      },
      {
        "name": "Ice Ruins",
        "map_locations": [
          {
            "map": "iceB4",
            "x": 84,
            "y": 57
          }
        ],
        "sections": [
          {
            "name": "B4 Switches",
            "hosted_item": "ir_chest_10",
            "access_rules": [
              "progression_enemies",
              "bombs",
              "niceirod"
            ]
          }
        ]
      },
      {
        "name": "Ice Ruins",
        "map_locations": [
          {
            "map": "iceB4",
            "x": 23,
            "y": 142
          }
        ],
        "sections": [
          {
            "name": "B4 SW Fall Chest",
            "hosted_item": "ir_chest_11"
          }
        ]
      },
      {
        "name": "Ice Ruins",
        "map_locations": [
          {
            "map": "iceB4",
            "x": 122,
            "y": 136
          }
        ],
        "sections": [
          {
            "name": "B4 SE Fall Chest",
            "hosted_item": "ir_chest_12"
          }
        ]
      },
      {
        "name": "Ice Ruins",
        "map_locations": [
          {
            "map": "iceB4",
            "x": 86,
            "y": 144
          }
        ],
        "sections": [
          {
            "name": "B4 Shortcut",
            "hosted_item": "ir_chest_13"
          }
        ]
      },
      {
        "name": "Ice Ruins",
        "map_locations": [
          {
            "map": "iceB5",
            "x": 90,
            "y": 113
          }
        ],
        "sections": [
          {
            "name": "B5 Big Chest",
            "hosted_item": "ir_chest_14"
          }
        ]
      },
      {
        "name": "Ice Ruins",
        "map_locations": [
          {
            "map": "iceB6",
            "x": 90,
            "y": 81
          }
        ],
        "sections": [
          {
            "name": "Dharkstare",
            //"capture_item": true,
            "hosted_item": "ir_chest_15"
          }
        ]
      },
      {
        "name": "Ice Ruins",
        "map_locations": [
          {
            "map": "iceB6",
            "x": 90,
            "y": 53,
            "size": 15
          }
        ],
        "sections": [
          {
            "name": "Prize",
            "hosted_item": "ice"
          }
        ]
      },
      {
        "name": "Ice Ruins",
        "map_locations": [
          {
            "map": "lorule",
            "x": 1880,
            "y": 156,
            "size": 80
          }
        ],
        "sections": [
          {
            "name": "1F Hidden Chest",
            "hosted_item": "ir_chest_01"
          },
          {
            "name": "B2 Icicle",
            //"capture_item": true,
            "hosted_item": "ir_chest_05"
          },
          {
            "name": "B3 Elevator Right",
            "hosted_item": "ir_chest_08"
          },
          {
            "name": "B3 Elevator Left",
            "hosted_item": "ir_chest_07"
          },
          {
            "name": "B5 Big Chest",
            "hosted_item": "ir_chest_14"
          },
          {
            "name": "B1 Torches",
            //"capture_item": true,
            "hosted_item": "ir_chest_02"
          },
          {
            "name": "B1 East Chest",
            "hosted_item": "ir_chest_03"
          },
          {
            "name": "B1 Center Chest",
            "hosted_item": "ir_chest_04"
          },
          {
            "name": "B4 Switches",
            "hosted_item": "ir_chest_10",
            "access_rules": [
              "progression_enemies",
              "bombs",
              "niceirod"
            ]
          },
          {
            "name": "B4 SW Fall Chest",
            "hosted_item": "ir_chest_11"
          },
          {
            "name": "B2 Long Merge",
            "hosted_item": "ir_chest_06",
            "access_rules": [
              "{csmc}",
              "scroll",
              "[advanced], boots"
            ]
          },
          {
            "name": "B3 Big Chest",
            "hosted_item": "ir_chest_09"
          },
          {
            "name": "B4 SE Fall Chest",
            "hosted_item": "ir_chest_12"
          },
          {
            "name": "B4 Shortcut",
            "hosted_item": "ir_chest_13"
          },
          {
            "name": "Dharkstare",
            //"capture_item": true,
            "hosted_item": "ir_chest_15"
          },
          {
            "name": "Prize",
            "hosted_item": "ice"
          }
        ]
      }
    ]
  }
]