[
  {
    "name": "Lorule Castle",
    "color": "#5e518d",
    "access_rules": [
      "$canEnterLC"
    ],
    "children": [
      {
        "name": "Lorule Castle",
        "map_locations": [
          {
            "map": "lorule1F",
            "x": 97,
            "y": 106
          }
        ],
        "sections": [
          {
            "name": "1F Center",
            "hosted_item": "lc_chest_01",
            "access_rules": [
              "$lc2F"
            ]
          }
        ]
      },
      {
        "name": "Lorule Castle",
        "map_locations": [
          {
            "map": "lorule1F",
            "x": 115,
            "y": 106
          }
        ],
        "sections": [
          {
            "name": "1F Right Wall",
            "hosted_item": "lc_chest_02",
            "access_rules": [
              "merge"
            ]
          }
        ]
      },
      {
        "name": "Lorule Castle",
        "map_locations": [
          {
            "map": "lorule2F",
            "x": 133,
            "y": 108
          }
        ],
        "sections": [
          {
            "name": "2F East Room",
            "hosted_item": "lc_chest_03",
            "access_rules": [
              "$lc2F"
            ]
          }
        ]
      },
      {
        "name": "Lorule Castle",
        "map_locations": [
          {
            "map": "lorule2F",
            "x": 133,
            "y": 140
          }
        ],
        "sections": [
          {
            "name": "2F Dark Bridge",
            "access_rules": [
              "$lc2F, $canExtinguishTorches",
              "$lc2F, [hard]"
            ],
            "hosted_item": "lc_chest_04"
          }
        ]
      },
      {
        "name": "Lorule Castle",
        "map_locations": [
          {
            "map": "lorule2F",
            "x": 78,
            "y": 114
          }
        ],
        "sections": [
          {
            "name": "2F West Wall",
            "hosted_item": "lc_chest_05",
            "access_rules": [
              "$lc2F, merge",
              "[basic], $lc2F, boots",
              "[advanced], $lc2F"
            ]
          }
        ]
      },
      {
        "name": "Lorule Castle",
        "map_locations": [
          {
            "map": "lorule4F",
            "x": 97,
            "y": 105
          }
        ],
        "sections": [
          {
            "name": "4F Torches",
            "hosted_item": "lc_chest_06",
            "access_rules": [
              "$lc2F"
            ]
          }
        ]
      },
      {
        "name": "Lorule Castle",
        "map_locations": [
          {
            "map": "lorule4F",
            "x": 97,
            "y": 125
          }
        ],
        "sections": [
          {
            "name": "4F Big Chest",
            "access_rules": [
              "$lc2F, $canExtinguishTorches",
              "$lc2F, [hard]"
            ],
            "hosted_item": "lc_chest_07"
          }
        ]
      },
      // Bomb Trial
      {
        "name": "Lorule Castle",
        "map_locations": [
          {
            "map": "lorule3F",
            "x": 68,
            "y": 64
          }
        ],
        "sections": [
          {
            "name": "3F Bomb Trial 1",
            "access_rules": [
              "bombs",
              "[basic], irod"
            ],
            "hosted_item": "lc_chest_08"
          }
        ]
      },
      {
        "name": "Lorule Castle",
        "map_locations": [
          {
            "map": "lorule3F",
            "x": 57,
            "y": 26
          }
        ],
        "sections": [
          {
            "name": "3F Bomb Trial 2",
            "access_rules": [
              "bombs, merge",
              "[hard], bombs, bow",
              "[], niceirod"
            ],
            "hosted_item": "lc_chest_09"
          }
        ]
      },
      // Ball Trial
      {
        "name": "Lorule Castle",
        "map_locations": [
          {
            "map": "lorule3F",
            "x": 108,
            "y": 44
          }
        ],
        "sections": [
          {
            "name": "3F Ball Trial 1",
            "hosted_item": "lc_chest_10",
            "access_rules": [
              "$lc2F"
            ]
          }
        ]
      },
      {
        "name": "Lorule Castle",
        "map_locations": [
          {
            "map": "lorule3F",
            "x": 139,
            "y": 36
          }
        ],
        "sections": [
          {
            "name": "3F Ball Trial 2",
            "hosted_item": "lc_chest_11",
            "access_rules": [
              "$lc2F, merge"
            ]
          }
        ]
      },
      // Lamp Trial
      {
        "name": "Lorule Castle",
        "map_locations": [
          {
            "map": "lorule4F",
            "x": 65,
            "y": 35
          }
        ],
        "sections": [
          {
            "name": "4F Lamp Trial",
            "access_rules": [
              "$lc2F, $fire",
              "[hard], $lc2F"
            ],
            "hosted_item": "lc_chest_12"
          }
        ]
      },
      // Hookshot Trial
      {
        "name": "Lorule Castle",
        "map_locations": [
          {
            "map": "lorule4F",
            "x": 110,
            "y": 58
          }
        ],
        "sections": [
          {
            "name": "4F Hookshot Trial 2",
            "access_rules": [
              "$lc2F, hookshot, merge",
              "$lc2F, hookshot, irod"
            ],
            "hosted_item": "lc_chest_13"
          }
        ]
      },
      {
        "name": "Lorule Castle",
        "map_locations": [
          {
            "map": "lorule4F",
            "x": 140,
            "y": 47
          }
        ],
        "sections": [
          {
            "name": "4F Hookshot Trial 1",
            "access_rules": [
              "$lc2F, hookshot"
            ],
            "hosted_item": "lc_chest_14"
          }
        ]
      },
      {
        "name": "Throne Room",
        "map_locations": [
          {
            "map": "throneRoom",
            "x": 89,
            "y": 79
          }
        ],
        "sections": [
          {
            "name": "Final Zelda",
            "chest_unopened_img": "images/zelda.png",
            "access_rules": [
              "$zelda"
            ],
            "hosted_item": "lc_chest_15"
          }
        ]
      },
      {
        "name": "Sacred Realm",
        "color": "#ffdf4f",
        "map_locations": [
          {
            "map": "throneRoom",
            "x": 89,
            "y": 29,
            "size": 15
          }
        ],
        "sections": [
          {
            "name": "Triforce",
            "access_rules": [
              "$zelda, merge, bowlight"
            ],
            "hosted_item": "triforce"
          }
        ]
      },
      {
        "name": "Lorule Castle",
        //        "color": "#ffdf4f",
        "map_locations": [
          {
            "map": "lorule",
            "x": 1024,
            "y": 934,
            "size": 70
          }
        ],
        "sections": [
          {
            "name": "1F Right Wall",
            "hosted_item": "lc_chest_02",
            "access_rules": [
              "merge",
              "[basic], $lc2F, trod"
            ]
          },
          {
            "name": "2F East Room",
            "hosted_item": "lc_chest_03",
            "access_rules": [
              "$lc2F"
            ]
          },
          {
            "name": "2F Dark Bridge",
            "hosted_item": "lc_chest_04",
            "access_rules": [
              "$lc2F, $canExtinguishTorches",
              "$lc2F, [hard]"
            ]
          },
          {
            "name": "2F West Wall",
            "hosted_item": "lc_chest_05",
            "access_rules": [
              "$lc2F, merge",
              "[basic], $lc2F, boots",
              "[advanced], $lc2F"
            ]
          },
          {
            "name": "1F Center",
            "hosted_item": "lc_chest_01",
            "access_rules": [
              "$lc2F"
            ]
          },
          {
            "name": "4F Lamp Trial",
            "hosted_item": "lc_chest_12",
            "access_rules": [
              "$lc2F, $fire",
              "[hard], $lc2F"
            ]
          },
          {
            "name": "4F Torches",
            "hosted_item": "lc_chest_06",
            "access_rules": [
              "$lc2F"
            ]
          },
          {
            "name": "4F Big Chest",
            "hosted_item": "lc_chest_07",
            "access_rules": [
              "$lc2F, $canExtinguishTorches",
              "$lc2F, [hard]"
            ]
          },
          {
            "name": "4F Hookshot Trial 1",
            "hosted_item": "lc_chest_14",
            "access_rules": [
              "$lc2F, hookshot"
            ]
          },
          {
            "name": "4F Hookshot Trial 2",
            "hosted_item": "lc_chest_13",
            "access_rules": [
              "$lc2F, hookshot, merge",
              "$lc2F, hookshot, irod"
            ]
          },
          {
            "name": "3F Ball Trial 1",
            "hosted_item": "lc_chest_10",
            "access_rules": [
              "$lc2F"
            ]
          },
          {
            "name": "3F Ball Trial 2",
            "hosted_item": "lc_chest_11",
            "access_rules": [
              "$lc2F, merge"
            ]
          },
          {
            "name": "3F Bomb Trial 1",
            "hosted_item": "lc_chest_08",
            "access_rules": [
              "bombs",
              "[basic], irod"
            ]
          },
          {
            "name": "3F Bomb Trial 2",
            "hosted_item": "lc_chest_09",
            "access_rules": [
              "bombs, merge",
              "[hard], bombs, bow",
              "[], niceirod"
            ]
          },
          {
            "name": "Final Zelda",
            "hosted_item": "lc_chest_15",
            "access_rules": [
              "$zelda"
            ]
          },
          {
            "name": "Triforce",
            "access_rules": [
              "$zelda, merge, bowlight"
            ],
            "hosted_item": "triforce"
          }
        ]
      }
    ]
  }
]