[
  {
    "name": "Skull Woods",
    "color": "#43c2be",
    "chest_unopened_img": "images/checks/chest_small_unopened.png",
    "chest_opened_img": "images/checks/chest_small_opened.png",
    "access_rules": [
      "merge"
    ],
    "children": [
      {
        "name": "Skull Woods",
        "map_locations": [
          {
            "map": "skullB1",
            "x": 128,
            "y": 112
          }
        ],
        "sections": [
          {
            "name": "B1 South Chest",
            "hosted_item": "sw_chest_01",
            "access_rules": [
              "$lampless"
            ]
          }
        ]
      },
      {
        "name": "Skull Woods",
        "map_locations": [
          {
            "map": "skullB1",
            "x": 137,
            "y": 50
          }
        ],
        "sections": [
          {
            "name": "B1 NE Room Lower",
            "hosted_item": "sw_chest_03",
            "access_rules": [
              "$lampless"
            ]
          }
        ]
      },
      {
        "name": "Skull Woods",
        "map_locations": [
          {
            "map": "skullB1",
            "x": 142,
            "y": 33
          }
        ],
        "sections": [
          {
            "name": "B1 NE Room Fall",
            "hosted_item": "sw_chest_02",
            "access_rules": [
              "$lampless"
            ]
          }
        ]
      },
      {
        "name": "Skull Woods",
        "map_locations": [
          {
            "map": "skullB1",
            "x": 97,
            "y": 38
          }
        ],
        "sections": [
          {
            "name": "B1 Grate Room",
            "hosted_item": "sw_chest_04",
            "access_rules": [
              "$lampless, progression_enemies",
              "$lampless, bombs",
              "$lampless, hammer"
            ]
          }
        ]
      },
      {
        "name": "Skull Woods",
        "map_locations": [
          {
            "map": "skullB2",
            "x": 113,
            "y": 23
          }
        ],
        "sections": [
          {
            "name": "B2 Elevator Room",
            "hosted_item": "sw_chest_05",
            "access_rules": [
              "$lampless, merge, bombs",
              "$lampless, merge, hammer",
              "$lampless, merge, $attack, progression_enemies",
              // Have hand kill everything
              "[hell], $lampless, merge, progression_enemies"
            ]
          }
        ]
      },
      {
        "name": "Skull Woods",
        "map_locations": [
          {
            "map": "skullB1",
            "x": 40,
            "y": 16
          }
        ],
        "sections": [
          {
            "name": "B1 Big Chest (Eyes)",
            "chest_unopened_img": "images/chest_big_unopened.png",
            "chest_opened_img": "images/chest_big_opened.png",
            "hosted_item": "sw_chest_08",
            "access_rules": [
              "$lampless, merge, $attack, $fire, progression_enemies",
              "$lampless, merge, $attack, $fire, bombs",
              "$lampless, merge, $attack, $fire, hammer"
            ]
          }
        ]
      },
      {
        "name": "Skull Woods",
        "map_locations": [
          {
            "map": "skullB1",
            "x": 24,
            "y": 68
          }
        ],
        "sections": [
          {
            "name": "B1 Big Chest (SW)",
            "chest_unopened_img": "images/chest_big_unopened.png",
            "chest_opened_img": "images/chest_big_opened.png",
            "hosted_item": "sw_chest_07",
            "access_rules": [
              "$lampless, merge, $attack, $fire, progression_enemies",
              "$lampless, merge, $attack, $fire, bombs",
              "$lampless, merge, $attack, $fire, hammer"
            ]
          }
        ]
      },
      {
        "name": "Skull Woods",
        "map_locations": [
          {
            "map": "skullB1",
            "x": 41,
            "y": 115
          },
          {
            "map": "lorule",
            "x": 88,
            "y": 296
          }
        ],
        "sections": [
          {
            "name": "Outdoor Chest",
            "hosted_item": "sw_chest_06",
            "access_rules": [
              "{csmc}",
              "$lampless, merge, $attack, $fire, progression_enemies",
              "$lampless, merge, $attack, $fire, bombs",
              "$lampless, merge, $attack, $fire, hammer"
            ]
          }
        ]
      },
      {
        "name": "Skull Woods",
        "map_locations": [
          {
            "map": "skullB2",
            "x": 63,
            "y": 25
          }
        ],
        "sections": [
          {
            "name": "B1 Not Mothula",
            //"capture_item": true,
            "hosted_item": "sw_chest_09",
            "access_rules": [
              "$lampless, merge, progression_enemies, $knucklemaster",
              "$lampless, merge, bombs, $knucklemaster",
              "$lampless, merge, hammer, $knucklemaster"
            ]
          }
        ]
      },
      {
        "name": "Skull Woods",
        "map_locations": [
          {
            "map": "skullB2",
            "x": 63,
            "y": 9,
            "size": 15
          }
        ],
        "sections": [
          {
            "name": "Prize",
            "hosted_item": "skull",
            "access_rules": [
              "{merge}",
              "$lampless, merge, progression_enemies, $knucklemaster",
              "$lampless, merge, bombs, $knucklemaster",
              "$lampless, merge, hammer, $knucklemaster",
              "[glitched], $lampless, merge, bow, trod, progression_enemies",
              "[glitched], $lampless, merge, bow, trod, bombs",
              "[glitched], $lampless, merge, bow, trod, hammer"
            ]
          }
        ]
      },
      {
        "name": "Skull Woods",
        "map_locations": [
          {
            "map": "lorule",
            "x": 245,
            "y": 166,
            "size": 70
          }
        ],
        "sections": [
          {
            "name": "B1 South Chest",
            "hosted_item": "sw_chest_01",
            "access_rules": [
              "$lampless"
            ]
          },
          {
            "name": "B1 NE Room Fall",
            "hosted_item": "sw_chest_02",
            "access_rules": [
              "$lampless"
            ]
          },
          {
            "name": "B1 NE Room Lower",
            "hosted_item": "sw_chest_03",
            "access_rules": [
              "$lampless"
            ]
          },
          {
            "name": "B1 Grate Room",
            "hosted_item": "sw_chest_04",
            "access_rules": [
              "$lampless, progression_enemies",
              "$lampless, bombs",
              "$lampless, hammer"
            ]
          },
          {
            "name": "B1 Elevator Room",
            "hosted_item": "sw_chest_05",
            "access_rules": [
              "$lampless, merge, bombs",
              "$lampless, merge, hammer",
              "$lampless, merge, $attack, progression_enemies",
              // Have hand kill everything
              "[hell], $lampless, merge, progression_enemies"
            ]
          },
          {
            "name": "Outdoor Chest",
            "hosted_item": "sw_chest_06",
            "access_rules": [
              "{csmc}",
              "$lampless, merge, $attack, $fire, progression_enemies",
              "$lampless, merge, $attack, $fire, bombs",
              "$lampless, merge, $attack, $fire, hammer"
            ]
          },
          {
            "name": "B1 Big Chest (SW)",
            "hosted_item": "sw_chest_07",
            "access_rules": [
              "$lampless, merge, $attack, $fire, progression_enemies",
              "$lampless, merge, $attack, $fire, bombs",
              "$lampless, merge, $attack, $fire, hammer"
            ]
          },
          {
            "name": "B1 Big Chest (Eyes)",
            "hosted_item": "sw_chest_08",
            "access_rules": [
              "$lampless, merge, $attack, $fire, progression_enemies",
              "$lampless, merge, $attack, $fire, bombs",
              "$lampless, merge, $attack, $fire, hammer"
            ]
          },
          {
            "name": "B1 Not Mothula",
            //"capture_item": true,
            "hosted_item": "sw_chest_09",
            "access_rules": [
              "$lampless, merge, progression_enemies, $knucklemaster",
              "$lampless, merge, bombs, $knucklemaster",
              "$lampless, merge, hammer, $knucklemaster"
            ]
          },
          {
            "name": "Prize",
            "hosted_item": "skull",
            "access_rules": [
              "{merge}",
              "$lampless, merge, progression_enemies, $knucklemaster",
              "$lampless, merge, bombs, $knucklemaster",
              "$lampless, merge, hammer, $knucklemaster",
              "[glitched], $lampless, merge, bow, trod, progression_enemies",
              "[glitched], $lampless, merge, bow, trod, bombs",
              "[glitched], $lampless, merge, bow, trod, hammer"
            ]
          }
        ]
      }
    ]
  }
]