[
  {
    "name": "Swamp Palace",
    "color": "#d25432",
    "access_rules": [
      "merge, flippers, hookshot",
      "yuga, flippers, hookshot"
    ],
    "children": [
      {
        "name": "Swamp Palace",
        "map_locations": [
          {
            "map": "swampB1",
            "x": 126,
            "y": 65
          }
        ],
        "sections": [
          {
            "name": "B1 East Pillar",
            "capture_item": true,
            "hosted_item": "sp_chest_01"
          }
        ]
      },
      {
        "name": "Swamp Palace",
        "map_locations": [
          {
            "map": "swampB1",
            "x": 53,
            "y": 65
          }
        ],
        "sections": [
          {
            "name": "B1 West Pillar",
            "capture_item": true,
            "hosted_item": "sp_chest_02"
          }
        ]
      },
      {
        "name": "Swamp Palace",
        "map_locations": [
          {
            "map": "swampB1",
            "x": 89,
            "y": 51
          }
        ],
        "sections": [
          {
            "name": "B1 North Center",
            "capture_item": true,
            "hosted_item": "sp_chest_03"
          }
        ]
      },
      {
        "name": "Swamp Palace",
        "map_locations": [
          {
            "map": "swampB1",
            "x": 58,
            "y": 81
          }
        ],
        "sections": [
          {
            "name": "B1 Staircase",
            "capture_item": true,
            "hosted_item": "sp_chest_04"
          }
        ]
      },
      {
        "name": "Swamp Palace",
        "map_locations": [
          {
            "map": "swampB1",
            "x": 32,
            "y": 80
          }
        ],
        "sections": [
          {
            "name": "B1 Raft Chest",
            "capture_item": true,
            "hosted_item": "sp_chest_05"
          }
        ]
      },
      {
        "name": "Swamp Palace",
        "map_locations": [
          {
            "map": "swampB1",
            "x": 36,
            "y": 110
          }
        ],
        "sections": [
          {
            "name": "B1 Side Room",
            "capture_item": true,
            "hosted_item": "sp_chest_06"
          }
        ]
      },
      {
        "name": "Swamp Palace",
        "map_locations": [
          {
            "map": "swampB1",
            "x": 89,
            "y": 69
          }
        ],
        "sections": [
          {
            "name": "B1 Big Chest",
            "chest_unopened_img": "images/chest_big_unopened.png",
            "chest_opened_img": "images/chest_big_opened.png",
            "capture_item": true,
            "access_rules": [
              "merge",
              "[hard], bow",
              "[basic], boots",
              "[advanced], irod"
            ],
            "hosted_item": "sp_chest_07"
          }
        ]
      },
      {
        "name": "Swamp Palace",
        "map_locations": [
          {
            "map": "swamp1F",
            "x": 89,
            "y": 105
          }
        ],
        "sections": [
          {
            "name": "1F Big Chest",
            "chest_unopened_img": "images/chest_big_unopened.png",
            "chest_opened_img": "images/chest_big_opened.png",
            "capture_item": true,
            "access_rules": [
              "merge",
              "[basic], boots",
              "[advanced], irod"
            ],
            "hosted_item": "sp_chest_08"
          }
        ]
      },
      {
        "name": "Swamp Palace",
        "map_locations": [
          {
            "map": "swamp1F",
            "x": 41,
            "y": 86
          }
        ],
        "sections": [
          {
            "name": "1F West Pillar",
            "capture_item": true,
            "access_rules": [
              "merge",
              "[advanced], irod"
            ],
            "hosted_item": "sp_chest_09"
          }
        ]
      },
      {
        "name": "Swamp Palace",
        "map_locations": [
          {
            "map": "swamp1F",
            "x": 137,
            "y": 86
          }
        ],
        "sections": [
          {
            "name": "1F East Pillar",
            "capture_item": true,
            "access_rules": [
              "merge",
              "[advanced], irod"
            ],
            "hosted_item": "sp_chest_10"
          }
        ]
      },
      {
        "name": "Swamp Palace",
        "map_locations": [
          {
            "map": "swamp1F",
            "x": 54,
            "y": 144
          }
        ],
        "sections": [
          {
            "name": "1F SW Room",
            "capture_item": true,
            "access_rules": [
              "merge"
            ],
            "hosted_item": "sp_chest_11"
          }
        ]
      },
      {
        "name": "Swamp Palace",
        "map_locations": [
          {
            "map": "swamp1F",
            "x": 89,
            "y": 67
          }
        ],
        "sections": [
          {
            "name": "1F Arrgus",
            "capture_item": true,
            "access_rules": [
              "merge, $attack",
              "[advanced], irod"
            ],
            "hosted_item": "sp_chest_12"
          }
        ]
      },
      {
        "name": "Swamp Palace",
        "map_locations": [
          {
            "map": "swamp2F",
            "x": 89,
            "y": 71,
            "size": 15
          }
        ],
        "sections": [
          {
            "name": "Prize",
            "hosted_item": "swamp",
            "access_rules": [
              "merge, $attack",
              "[advanced], irod"
            ]
          }
        ]
      },
      {
        "name": "Swamp Palace",
        "map_locations": [
          {
            "map": "lorule",
            "x": 962,
            "y": 1808,
            "size": 70
          }
        ],
        "sections": [
          {
            "name": "B1 East Pillar",
            "capture_item": true,
            "hosted_item": "sp_chest_01"
          },
          {
            "name": "B1 North Center",
            "capture_item": true,
            "hosted_item": "sp_chest_03"
          },
          {
            "name": "B1 West Pillar",
            "capture_item": true,
            "hosted_item": "sp_chest_02"
          },
          {
            "name": "B1 Raft Chest",
            "capture_item": true,
            "hosted_item": "sp_chest_05",
            "access_rules": []
          },
          {
            "name": "B1 Staircase",
            "capture_item": true,
            "hosted_item": "sp_chest_04"
          },
          {
            "name": "B1 Side Room",
            "capture_item": true,
            "hosted_item": "sp_chest_06"
          },
          {
            "name": "B1 Big Chest",
            "capture_item": true,
            "hosted_item": "sp_chest_07",
            "access_rules": [
              "merge",
              "[hard], bow",
              "[basic], boots",
              "[advanced], irod"
            ]
          },
          {
            "name": "1F SW Room",
            "capture_item": true,
            "hosted_item": "sp_chest_11",
            "access_rules": [
              "merge"
            ]
          },
          {
            "name": "1F Big Chest",
            "capture_item": true,
            "hosted_item": "sp_chest_08",
            "access_rules": [
              "merge",
              "[basic], boots",
              "[advanced], irod"
            ]
          },
          {
            "name": "1F East Pillar",
            "capture_item": true,
            "hosted_item": "sp_chest_10",
            "access_rules": [
              "merge",
              "[advanced], irod"
            ]
          },
          {
            "name": "1F West Pillar",
            "capture_item": true,
            "hosted_item": "sp_chest_09",
            "access_rules": [
              "merge",
              "[advanced], irod"
            ]
          },
          {
            "name": "1F Arrgus",
            "capture_item": true,
            "hosted_item": "sp_chest_12",
            "access_rules": [
              "merge, $attack",
              "[advanced], irod"
            ]
          },
          {
            "name": "Prize",
            "hosted_item": "swamp",
            "access_rules": [
              "merge, $attack",
              "[advanced], irod"
            ]
          }
        ]
      }
    ]
  }
]