[
  {
    "name": "Thieves' Hideout",
    "color": "#dde44e",
    "access_rules": [
      "merge"
    ],
    "children": [
      {
        "name": "Thieves' Hideout",
        "map_locations": [
          {
            "map": "thievesB1",
            "x": 56,
            "y": 98
          }
        ],
        "sections": [
          {
            "name": "B1 Grate Chest",
            "hosted_item": "th_chest_01"
          }
        ]
      },
      {
        "name": "Thieves' Hideout",
        "map_locations": [
          {
            "map": "thievesB1",
            "x": 59,
            "y": 117
          }
        ],
        "sections": [
          {
            "name": "B1 Jail Cell",
            "access_rules": [
              "merge",
              "[basic], boots",
              "[hell], trod, bombs",
              "{hell, trod, irod}",
              "[hell], trod, irod, $dungeon_escape"
            ],
            "hosted_item": "th_chest_02"
          }
        ]
      },
      {
        "name": "Thieves' Hideout",
        "map_locations": [
          {
            "map": "thievesB2",
            "x": 51,
            "y": 53
          }
        ],
        "sections": [
          {
            "name": "B2 NW Room",
            "hosted_item": "th_chest_03",
            "access_rules": [
              "$thB2"
            ]
          }
        ]
      },
      {
        "name": "Thieves' Hideout",
        "map_locations": [
          {
            "map": "thievesB2",
            "x": 99,
            "y": 91
          }
        ],
        "sections": [
          {
            "name": "B2 Jail Cell",
            "access_rules": [
              "$thB2, merge",
              "[hell], trod, bombs",
              "[hell], trod, irod"
            ],
            "hosted_item": "th_chest_04"
          }
        ]
      },
      {
        "name": "Thieves' Hideout",
        "map_locations": [
          {
            "map": "thievesB2",
            "x": 80,
            "y": 32
          }
        ],
        "sections": [
          {
            "name": "B2 Eyegores",
            "access_rules": [
              "$thB2, merge, $attack, $shielded_switch",
              "[advanced], $thB2, bombs, trod",
              "[advanced], $thB2, bombs, boots",
              "[advanced], $thB2, irod, trod",
              "[advanced], $thB2, irod, boots"
            ],
            "hosted_item": "th_chest_05"
          }
        ]
      },
      {
        "name": "Thieves' Hideout",
        "map_locations": [
          {
            "map": "thievesB2",
            "x": 122,
            "y": 117
          }
        ],
        "sections": [
          {
            "name": "B2 SE Room",
            "hosted_item": "th_chest_06",
            "access_rules": [
              "$thB2"
            ]
          }
        ]
      },
      {
        "name": "Thieves' Hideout",
        "map_locations": [
          {
            "map": "thievesB3",
            "x": 132,
            "y": 79
          }
        ],
        "sections": [
          {
            "name": "B3 Underwater",
            "access_rules": [
              "$thB2, $thEscape, merge"
            ],
            "hosted_item": "th_chest_07"
          }
        ]
      },
      {
        "name": "Thieves' Hideout",
        "map_locations": [
          {
            "map": "thievesB3",
            "x": 102,
            "y": 32
          }
        ],
        "sections": [
          {
            "name": "B3 Big Chest",
            "hosted_item": "th_chest_08",
            "access_rules": [
              "$thB2, $thEscape, merge",
              "[advanced], $thEscape"
            ]
          }
        ]
      },
      {
        "name": "Thieves' Hideout",
        "map_locations": [
          {
            "map": "thievesB1",
            "x": 56,
            "y": 79
          }
        ],
        "sections": [
          {
            "name": "B1 Behind Wall",
            "access_rules": [
              "$thB2, $thEscape, merge",
              "[hell], trod, bombs, $dungeon_escape",
              "[hell], trod, irod, $dungeon_escape"
            ],
            "hosted_item": "th_chest_09"
          }
        ]
      },
      {
        "name": "Thieves' Hideout",
        "map_locations": [
          {
            "map": "thievesB1",
            "x": 81,
            "y": 75
          }
        ],
        "sections": [
          {
            "name": "B1 Big Chest",
            "access_rules": [
              "$thB2, $thEscape, merge",
              "[hell], trod, bombs",
              "[hell], trod, irod"
            ],
            "hosted_item": "th_chest_10"
          }
        ]
      },
      {
        "name": "Thieves' Hideout",
        "map_locations": [
          {
            "map": "lorule",
            "x": 442,
            "y": 982
          },
          {
            "map": "thievesB1",
            "x": 144,
            "y": 167
          }
        ],
        "sections": [
          {
            "name": "Stalblind",
            "access_rules": [
              "$thB2, $thEscape, merge"
            ],
            //"capture_item": true,
            "hosted_item": "th_chest_11"
          }
        ]
      },
      {
        "name": "Thieves' Hideout",
        "map_locations": [
          {
            "map": "thievesB1",
            "x": 136,
            "y": 167,
            "size": 15
          }
        ],
        "sections": [
          {
            "name": "Prize",
            "access_rules": [
              "$thB2, $thEscape, merge"
            ],
            "hosted_item": "thieves"
          }
        ]
      },
      {
        "name": "Thieves' Hideout",
        "map_locations": [
          {
            "map": "lorule",
            "x": 324,
            "y": 962,
            "size": 70
          }
        ],
        "sections": [
          {
            "name": "B1 Grate Chest",
            "hosted_item": "th_chest_01"
          },
          {
            "name": "B1 Jail Cell",
            "hosted_item": "th_chest_02",
            "access_rules": [
              "merge",
              "[basic], boots",
              "[hell], trod, bombs",
              "{hell, trod, irod}",
              "[hell], trod, irod, $dungeon_escape"
            ]
          },
          {
            "name": "B2 NW Room",
            "hosted_item": "th_chest_03",
            "access_rules": [
              "$thB2"
            ]
          },
          {
            "name": "B2 Jail Cell",
            "hosted_item": "th_chest_04",
            "access_rules": [
              "$thB2, merge",
              "[hell], trod, bombs",
              "[hell], trod, irod"
            ]
          },
          {
            "name": "B2 Eyegores",
            "hosted_item": "th_chest_05",
            "access_rules": [
              "$thB2, merge, $attack, $shielded_switch",
              "[advanced], $thB2, bombs, trod",
              "[advanced], $thB2, bombs, boots",
              "[advanced], $thB2, irod, trod",
              "[advanced], $thB2, irod, boots"
            ]
          },
          {
            "name": "B2 SE Room",
            "hosted_item": "th_chest_06",
            "access_rules": [
              "$thB2"
            ]
          },
          {
            "name": "B3 Underwater",
            "hosted_item": "th_chest_07",
            "access_rules": [
              "$thB2, $thEscape, merge"
            ]
          },
          {
            "name": "B3 Big Chest",
            "hosted_item": "th_chest_08",
            "access_rules": [
              "$thB2, $thEscape, merge",
              "[advanced], $thEscape"
            ]
          },
          {
            "name": "B1 Behind Wall",
            "hosted_item": "th_chest_09",
            "access_rules": [
              "$thB2, $thEscape, merge",
              "[hell], trod, bombs, $dungeon_escape",
              "[hell], trod, irod, $dungeon_escape"
            ]
          },
          {
            "name": "B1 Big Chest",
            "hosted_item": "th_chest_10",
            "access_rules": [
              "$thB2, $thEscape, merge",
              "[hell], trod, bombs",
              "[hell], trod, irod"
            ]
          },
          {
            "name": "Stalblind",
            //"capture_item": true,
            "hosted_item": "th_chest_11",
            "access_rules": [
              "$thB2, $thEscape, merge"
            ]
          },
          {
            "name": "Prize",
            "access_rules": [
              "$thB2, $thEscape, merge"
            ],
            "hosted_item": "thieves"
          }
        ]
      }
    ]
  }
]