[
  {
    "name": "Thieves' Hideout",
    "color": "#dde44e",
    "chest_unopened_img": "images/checks/chest_small_unopened.png",
    "chest_opened_img": "images/checks/chest_small_opened.png",
    "access_rules": [
      "merge"
    ],
    "children": [
      {
        "name": "Thieves' Hideout",
        "map_locations": [
          {
            "map": "thievesB1",
            "x": 56,
            "y": 98
          }
        ],
        "sections": [
          {
            "name": "B1 Grate Chest",
            "hosted_item": "th_chest_01"
          }
        ]
      },
      {
        "name": "Thieves' Hideout",
        "map_locations": [
          {
            "map": "thievesB1",
            "x": 59,
            "y": 117
          }
        ],
        "sections": [
          {
            "name": "B1 Jail Cell",
            "access_rules": [
              "{csmc}",
              "merge",
              "[glitched], boots",
              "[hell], $hell_th_statue_clip, trod"
            ],
            "hosted_item": "th_chest_02"
          }
        ]
      },
      {
        "name": "Thieves' Hideout",
        "map_locations": [
          {
            "map": "thievesB2",
            "x": 51,
            "y": 53
          }
        ],
        "sections": [
          {
            "name": "B2 NW Room",
            "hosted_item": "th_chest_03",
            "access_rules": [
              "$thB1DoorOpen",
              "[advanced], $adv_th_statue_clip",
              "[hell], $hell_th_statue_clip"
            ]
          }
        ]
      },
      {
        "name": "Thieves' Hideout",
        "map_locations": [
          {
            "map": "thievesB2",
            "x": 99,
            "y": 91
          }
        ],
        "sections": [
          {
            "name": "B2 Jail Cell",
            "access_rules": [
              "$thB1B2DoorsOpen, merge",
              "[advanced], $switch",
              "[hell], $hell_th_statue_clip, trod"
            ],
            "hosted_item": "th_chest_04"
          }
        ]
      },
      {
        "name": "Thieves' Hideout",
        "map_locations": [
          {
            "map": "thievesB2",
            "x": 80,
            "y": 32
          }
        ],
        "sections": [
          {
            "name": "B2 Eyegores",
            "access_rules": [
              "{csmc, $thB1B2DoorsOpen, merge, $shielded_switch, progression_enemies}",
              "{csmc, $thB1B2DoorsOpen, merge, $shielded_switch, bombs}",
              "{hard, csmc, $thB1B2DoorsOpen, merge, $shielded_switch, progression_enemies}",
              "$thB1B2DoorsOpen, merge, $shielded_switch, progression_enemies, fsword",
              "$thB1B2DoorsOpen, merge, $shielded_switch, progression_enemies, bow",
              "$thB1B2DoorsOpen, merge, $shielded_switch, bombs, fsword",
              "$thB1B2DoorsOpen, merge, $shielded_switch, bombs, bow",
              "[hard], $thB1B2DoorsOpen, merge, $shielded_switch, progression_enemies, $attack",
              "[hard], $thB1B2DoorsOpen, merge, $shielded_switch, bombs",
              "[advanced], $adv_th_statue_clip, boots",
              "[advanced], $adv_th_statue_clip, trod"
            ],
            "hosted_item": "th_chest_05"
          }
        ]
      },
      {
        "name": "Thieves' Hideout",
        "map_locations": [
          {
            "map": "thievesB2",
            "x": 122,
            "y": 117
          }
        ],
        "sections": [
          {
            "name": "B2 SE Room",
            "hosted_item": "th_chest_06",
            "access_rules": [
              "$thB1B2DoorsOpen",
              "[advanced], $adv_th_statue_clip",
              "[hell], $hell_th_statue_clip"
            ]
          }
        ]
      },
      {
        "name": "Thieves' Hideout",
        "map_locations": [
          {
            "map": "thievesB3",
            "x": 132,
            "y": 79
          }
        ],
        "sections": [
          {
            "name": "B3 Underwater",
            "access_rules": [
              "{csmc, merge, $thB1B2DoorsOpen, $attack_normal}",
              "{hard, csmc, merge, $thB1B2DoorsOpen, $attack}",
              "{advanced, csmc, boomerang}",
              "{advanced, csmc, irod}",
              "{hell, csmc, bombs}",
              "$thEscapeEquipment, $attack_normal",
              "[hard], $thEscapeEquipment, $attack",
              "[advanced], $adv_th_statue_clip, trod",
              "[hell], $hell_th_statue_clip, trod"
            ],
            "hosted_item": "th_chest_07"
          }
        ]
      },
      {
        "name": "Thieves' Hideout",
        "map_locations": [
          {
            "map": "thievesB3",
            "x": 102,
            "y": 32
          }
        ],
        "sections": [
          {
            "name": "B3 Big Chest",
            "hosted_item": "th_chest_08",
            "access_rules": [
              "$thEscapeEquipment, $attack_normal",
              "[hard], $thEscapeEquipment, $attack",
              "[advanced], $adv_th_statue_clip, trod",
              "[hell], $hell_th_statue_clip, trod"
            ]
          }
        ]
      },
      {
        "name": "Thieves' Hideout",
        "map_locations": [
          {
            "map": "thievesB1",
            "x": 56,
            "y": 79
          }
        ],
        "sections": [
          {
            "name": "B1 Behind Wall",
            "access_rules": [
              "{csmc}",
              "{hell, $hell_th_statue_clip, trod}",
              "$thEscapeEquipment, $attack_normal",
              "[hard], $thEscapeEquipment, $attack",
              "[advanced], $adv_th_statue_clip, trod",
              "[hell], $hell_th_statue_clip, trod"
            ],
            "hosted_item": "th_chest_09"
          }
        ]
      },
      {
        "name": "Thieves' Hideout",
        "map_locations": [
          {
            "map": "thievesB1",
            "x": 81,
            "y": 75
          }
        ],
        "sections": [
          {
            "name": "B1 Big Chest",
            "access_rules": [
              "{csmc}",
              "$thEscapeEquipment, $attack_normal",
              "[hard], $thEscapeEquipment, $attack",
              "[advanced], $adv_th_statue_clip, trod",
              "[hell], $hell_th_statue_clip, trod"
            ],
            "hosted_item": "th_chest_10"
          }
        ]
      },
      {
        "name": "Thieves' Hideout",
        "map_locations": [
          {
            "map": "lorule",
            "x": 442,
            "y": 982
          },
          {
            "map": "thievesB1",
            "x": 149,
            "y": 167
          }
        ],
        "sections": [
          {
            "name": "Stalblind",
            "access_rules": [
              "$thEscapeEquipment, merge, $attack_normal",
              "[hard], $thEscapeEquipment, merge, $attack",
              "[advanced], $adv_th_statue_clip, trod, $attack",
              "[hell], $hell_th_statue_clip, trod, $attack"
            ],
            //"capture_item": true,
            "hosted_item": "th_chest_11"
          }
        ]
      },
      {
        "name": "Thieves' Hideout",
        "map_locations": [
          {
            "map": "thievesB1",
            "x": 136,
            "y": 167,
            "size": 15
          }
        ],
        "sections": [
          {
            "name": "Prize",
            "access_rules": [
              "$thEscapeEquipment, merge, $attack_normal",
              "[hard], $thEscapeEquipment, merge, $attack",
              "[advanced], $adv_th_statue_clip, trod, $attack",
              "[hell], $hell_th_statue_clip, trod, $attack"
            ],
            "hosted_item": "thieves"
          }
        ]
      },
      {
        "name": "Thieves' Hideout",
        "map_locations": [
          {
            "map": "lorule",
            "x": 324,
            "y": 962,
            "size": 80
          }
        ],
        "sections": [
          {
            "name": "B1 Grate Chest",
            "hosted_item": "th_chest_01"
          },
          {
            "name": "B1 Jail Cell",
            "hosted_item": "th_chest_02",
            "access_rules": [
              "{csmc}",
              "merge",
              "[glitched], boots",
              "[hell], $hell_th_statue_clip, trod"
            ]
          },
          {
            "name": "B2 NW Room",
            "hosted_item": "th_chest_03",
            "access_rules": [
              "$thB1DoorOpen",
              "[advanced], $adv_th_statue_clip",
              "[hell], $hell_th_statue_clip"
            ]
          },
          {
            "name": "B2 Jail Cell",
            "hosted_item": "th_chest_04",
            "access_rules": [
              "$thB1B2DoorsOpen, merge",
              "[advanced], $switch",
              "[hell], $hell_th_statue_clip, trod"
            ]
          },
          {
            "name": "B2 Eyegores",
            "hosted_item": "th_chest_05",
            "access_rules": [
              "{csmc, $thB1B2DoorsOpen, merge, $shielded_switch, progression_enemies}",
              "{csmc, $thB1B2DoorsOpen, merge, $shielded_switch, bombs}",
              "{hard, csmc, $thB1B2DoorsOpen, merge, $shielded_switch, progression_enemies}",
              "$thB1B2DoorsOpen, merge, $shielded_switch, progression_enemies, fsword",
              "$thB1B2DoorsOpen, merge, $shielded_switch, progression_enemies, bow",
              "$thB1B2DoorsOpen, merge, $shielded_switch, bombs, fsword",
              "$thB1B2DoorsOpen, merge, $shielded_switch, bombs, bow",
              "[hard], $thB1B2DoorsOpen, merge, $shielded_switch, progression_enemies, $attack",
              "[hard], $thB1B2DoorsOpen, merge, $shielded_switch, bombs",
              "[advanced], $adv_th_statue_clip, boots",
              "[advanced], $adv_th_statue_clip, trod"
            ]
          },
          {
            "name": "B2 SE Room",
            "hosted_item": "th_chest_06",
            "access_rules": [
              "$thB1B2DoorsOpen",
              "[advanced], $adv_th_statue_clip",
              "[hell], $hell_th_statue_clip"
            ]
          },
          {
            "name": "B3 Underwater",
            "hosted_item": "th_chest_07",
            "access_rules": [
              "{csmc, merge, $thB1B2DoorsOpen, $attack_normal}",
              "{hard, csmc, merge, $thB1B2DoorsOpen, $attack}",
              "{advanced, csmc, boomerang}",
              "{advanced, csmc, irod}",
              "{hell, csmc, bombs}",
              "$thEscapeEquipment, $attack_normal",
              "[hard], $thEscapeEquipment, $attack",
              "[advanced], $adv_th_statue_clip, trod",
              "[hell], $hell_th_statue_clip, trod"
            ]
          },
          {
            "name": "B3 Big Chest",
            "hosted_item": "th_chest_08",
            "access_rules": [
              "$thEscapeEquipment, $attack_normal",
              "[hard], $thEscapeEquipment, $attack",
              "[advanced], $adv_th_statue_clip, trod",
              "[hell], $hell_th_statue_clip, trod"
            ]
          },
          {
            "name": "B1 Behind Wall",
            "hosted_item": "th_chest_09",
            "access_rules": [
              "{csmc}",
              "{hell, $hell_th_statue_clip, trod}",
              "$thEscapeEquipment, $attack_normal",
              "[hard], $thEscapeEquipment, $attack",
              "[advanced], $adv_th_statue_clip, trod",
              "[hell], $hell_th_statue_clip, trod"
            ]
          },
          {
            "name": "B1 Big Chest",
            "hosted_item": "th_chest_10",
            "access_rules": [
              "{csmc}",
              "$thEscapeEquipment, $attack_normal",
              "[hard], $thEscapeEquipment, $attack",
              "[advanced], $adv_th_statue_clip, trod",
              "[hell], $hell_th_statue_clip, trod"
            ]
          },
          {
            "name": "Stalblind",
            //"capture_item": true,
            "hosted_item": "th_chest_11",
            "access_rules": [
              "$thEscapeEquipment, merge, $attack_normal",
              "[hard], $thEscapeEquipment, merge, $attack",
              "[advanced], $adv_th_statue_clip, trod, $attack",
              "[hell], $hell_th_statue_clip, trod, $attack"
            ]
          },
          {
            "name": "Prize",
            "access_rules": [
              "$thEscapeEquipment, merge, $attack_normal",
              "[hard], $thEscapeEquipment, merge, $attack",
              "[advanced], $adv_th_statue_clip, trod, $attack",
              "[hell], $hell_th_statue_clip, trod, $attack"
            ],
            "hosted_item": "thieves"
          }
        ]
      }
    ]
  }
]