[
  {
    "name": "Turtle Rock",
    "color": "#a332ce",
    "chest_unopened_img": "images/checks/chest_small_unopened.png",
    "chest_opened_img": "images/checks/chest_small_opened.png",
    "access_rules": [
      "merge"
    ],
    "children": [
      {
        "name": "Turtle Rock",
        "map_locations": [
          {
            "map": "turtle1F",
            "x": 89,
            "y": 95
          }
        ],
        "sections": [
          {
            "name": "1F Center Switches",
            "hosted_item": "tr_chest_01",
            "access_rules": [
              "$enterTR"
            ]
          }
        ]
      },
      {
        "name": "Turtle Rock",
        "map_locations": [
          {
            "map": "turtle1F",
            "x": 67,
            "y": 85
          }
        ],
        "sections": [
          {
            "name": "1F Kill Flamolas",
            "hosted_item": "tr_chest_02",
            "access_rules": [
              "$enterTR"
            ]
          }
        ]
      },
      {
        "name": "Turtle Rock",
        "map_locations": [
          {
            "map": "turtle1F",
            "x": 109,
            "y": 74
          }
        ],
        "sections": [
          {
            "name": "1F NE Ledge",
            //"capture_item": true,
            "hosted_item": "tr_chest_03",
            "access_rules": [
              "$enterTR"
            ]
          }
        ]
      },
      {
        "name": "Turtle Rock",
        "map_locations": [
          {
            "map": "turtle1F",
            "x": 89,
            "y": 58
          }
        ],
        "sections": [
          {
            "name": "1F Miniboss Room",
            "hosted_item": "tr_chest_04",
            "access_rules": [
              "$enterTR"
            ]
          }
        ]
      },
      {
        "name": "Turtle Rock",
        "map_locations": [
          {
            "map": "turtle1F",
            "x": 120,
            "y": 133
          }
        ],
        "sections": [
          {
            "name": "1F SE Room",
            "hosted_item": "tr_chest_05",
            "access_rules": [
              "$enterTR"
            ]
          }
        ]
      },
      {
        "name": "Turtle Rock",
        "map_locations": [
          {
            "map": "turtle1F",
            "x": 52,
            "y": 54
          }
        ],
        "sections": [
          {
            "name": "1F NW Room",
            //"capture_item": true,
            "hosted_item": "tr_chest_06",
            "access_rules": [
              "$enterTR"
            ]
          }
        ]
      },
      {
        "name": "Turtle Rock",
        "map_locations": [
          {
            "map": "turtle1F",
            "x": 16,
            "y": 46
          },
          {
            "map": "lorule",
            "x": 1508,
            "y": 1639
          }
        ],
        "sections": [
          {
            "name": "Left Balcony",
            "access_rules": [
              //"{merge}",
              "$enterTR"
            ],
            //"capture_item": true,
            "hosted_item": "tr_chest_07"
          }
        ]
      },
      {
        "name": "Turtle Rock",
        "map_locations": [
          {
            "map": "turtleB1",
            "x": 89,
            "y": 47
          }
        ],
        "sections": [
          {
            "name": "B1 Near Big Chest",
            "hosted_item": "tr_chest_08",
            "access_rules": [
              "$enterTR"
            ]
          }
        ]
      },
      {
        "name": "Turtle Rock",
        "map_locations": [
          {
            "map": "turtleB1",
            "x": 89,
            "y": 58
          }
        ],
        "sections": [
          {
            "name": "B1 North Big Chest",
            "hosted_item": "tr_chest_09",
            "access_rules": [
              "$enterTR, $shielded_switch",
              "[hard], $enterTR"
            ]
          }
        ]
      },
      {
        "name": "Turtle Rock",
        "map_locations": [
          {
            "map": "turtleB1",
            "x": 89,
            "y": 85
          }
        ],
        "sections": [
          {
            "name": "B1 Center Big Chest",
            "hosted_item": "tr_chest_10",
            "access_rules": [
              "$enterTR, $shielded_switch",
              "[hard], $enterTR"
            ]
          }
        ]
      },
      {
        "name": "Turtle Rock",
        "map_locations": [
          {
            "map": "turtleB1",
            "x": 136,
            "y": 49
          }
        ],
        "sections": [
          {
            "name": "B1 NE Room",
            //"capture_item": true,
            "hosted_item": "tr_chest_11",
            "access_rules": [
              "$enterTR"
            ]
          }
        ]
      },
      {
        "name": "Turtle Rock",
        "map_locations": [
          {
            "map": "turtleB1",
            "x": 109,
            "y": 85
          }
        ],
        "sections": [
          {
            "name": "B1 Kill Wizrobes",
            "hosted_item": "tr_chest_12",
            "access_rules": [
              "$enterTR"
            ]
          }
        ]
      },
      {
        "name": "Turtle Rock",
        "map_locations": [
          {
            "map": "turtleB2",
            "x": 78,
            "y": 92
          }
        ],
        "sections": [
          {
            "name": "B3 Grinexx",
            //"capture_item": true,
            "hosted_item": "tr_chest_13",
            "access_rules": [
              "$enterTR"
            ]
          }
        ]
      },
      {
        "name": "Turtle Rock",
        "map_locations": [
          {
            "map": "turtleB2",
            "x": 89,
            "y": 75,
            "size": 15
          }
        ],
        "sections": [
          {
            "name": "Prize",
            "hosted_item": "turtle",
            "access_rules": [
              "$enterTR"
            ]
          }
        ]
      },
      {
        "name": "Turtle Rock",
        "map_locations": [
          {
            "map": "lorule",
            "x": 1572,
            "y": 1710,
            "size": 70
          }
        ],
        "sections": [
          {
            "name": "1F Center Switches",
            "hosted_item": "tr_chest_01",
            "access_rules": [
              "$enterTR"
            ]
          },
          {
            "name": "1F SE Room",
            "hosted_item": "tr_chest_05",
            "access_rules": [
              "$enterTR"
            ]
          },
          {
            "name": "1F Kill Flamolas",
            "hosted_item": "tr_chest_02",
            "access_rules": [
              "$enterTR"
            ]
          },
          {
            "name": "Left Balcony",
            //"capture_item": true,
            "hosted_item": "tr_chest_07",
            "access_rules": [
              //"{merge}",
              "$enterTR"
            ]
          },
          {
            "name": "1F NW Room",
            //"capture_item": true,
            "hosted_item": "tr_chest_06",
            "access_rules": [
              "$enterTR"
            ]
          },
          {
            "name": "1F NE Ledge",
            //"capture_item": true,
            "hosted_item": "tr_chest_03",
            "access_rules": [
              "$enterTR"
            ]
          },
          {
            "name": "1F Miniboss Room",
            "hosted_item": "tr_chest_04",
            "access_rules": [
              "$enterTR"
            ]
          },
          {
            "name": "B1 NE Room",
            //"capture_item": true,
            "hosted_item": "tr_chest_11",
            "access_rules": [
              "$enterTR"
            ]
          },
          {
            "name": "B1 Near Big Chest",
            "hosted_item": "tr_chest_08",
            "access_rules": [
              "$enterTR"
            ]
          },
          {
            "name": "B1 North Big Chest",
            "hosted_item": "tr_chest_09",
            "access_rules": [
              "$enterTR, $shielded_switch",
              "[hard], $enterTR"
            ]
          },
          {
            "name": "B1 Center Big Chest",
            "hosted_item": "tr_chest_10",
            "access_rules": [
              "$enterTR, $shielded_switch",
              "[hard], $enterTR"
            ]
          },
          {
            "name": "B1 Kill Wizrobes",
            "hosted_item": "tr_chest_12",
            "access_rules": [
              "$enterTR"
            ]
          },
          {
            "name": "B3 Grinexx",
            //"capture_item": true,
            "hosted_item": "tr_chest_13",
            "access_rules": [
              "$enterTR"
            ]
          },
          {
            "name": "Prize",
            "hosted_item": "turtle",
            "access_rules": [
              "$enterTR"
            ]
          }
        ]
      }
    ]
  }
]