[
  // Hyrule Cracks
  { "name": "Your House Crack", "codes": "crack_your_house", "type": "toggle", "loop": true, "img": "images/misc/Crack.png", "disabled_img": "images/misc/Crack_Off.png" },
  { "name": "Lost Woods Pillar Crack", "codes": "crack_lost_woods_pillar", "type": "toggle", "loop": true, "img": "images/misc/Crack.png", "disabled_img": "images/misc/Crack_Off.png" },
  { "name": "Rosso's House Crack", "codes": "crack_rossos_house", "type": "toggle", "loop": true, "img": "images/misc/Crack.png", "disabled_img": "images/misc/Crack_Off.png" },
  { "name": "Death Mountain West Crack", "codes": "crack_dm_west", "type": "toggle", "loop": true, "img": "images/misc/Crack.png", "disabled_img": "images/misc/Crack_Off.png" },
  { "name": "Floating Island Crack", "codes": "crack_hyfi", "type": "toggle", "loop": true, "img": "images/misc/Crack.png", "disabled_img": "images/misc/Crack_Off.png" },
  { "name": "Rosso's Ore Mine Crack", "codes": "crack_rom", "type": "toggle", "loop": true, "img": "images/misc/Crack.png", "disabled_img": "images/misc/Crack_Off.png" },
  { "name": "Sanctuary Crack", "codes": "crack_sanctuary", "type": "toggle", "loop": true, "img": "images/misc/Crack.png", "disabled_img": "images/misc/Crack_Off.png" },
  { "name": "Graveyard Crack", "codes": "crack_graveyard", "type": "toggle", "loop": true, "img": "images/misc/Crack.png", "disabled_img": "images/misc/Crack_Off.png" },
  { "name": "Waterfall Crack", "codes": "crack_waterfall", "type": "toggle", "loop": true, "img": "images/misc/Crack.png", "disabled_img": "images/misc/Crack_Off.png" },
  { "name": "Zora's Domain Crack", "codes": "crack_zoras_domain", "type": "toggle", "loop": true, "img": "images/misc/Crack.png", "disabled_img": "images/misc/Crack_Off.png" },
  { "name": "Sahasrahla's House Crack", "codes": "crack_sahasrahlas_house", "type": "toggle", "loop": true, "img": "images/misc/Crack.png", "disabled_img": "images/misc/Crack_Off.png" },
  { "name": "Stylish Woman Crack", "codes": "crack_stylish_woman", "type": "toggle", "loop": true, "img": "images/misc/Crack.png", "disabled_img": "images/misc/Crack_Off.png" },
  { "name": "Eastern Pillar Crack", "codes": "crack_eastern_ruins_pillar", "type": "toggle", "loop": true, "img": "images/misc/Crack.png", "disabled_img": "images/misc/Crack_Off.png" },
  { "name": "Eastern Ruins SE Crack", "codes": "crack_eastern_ruins_se", "type": "toggle", "loop": true, "img": "images/misc/Crack.png", "disabled_img": "images/misc/Crack_Off.png" },
  { "name": "River Crack", "codes": "crack_river", "type": "toggle", "loop": true, "img": "images/misc/Crack.png", "disabled_img": "images/misc/Crack_Off.png" },
  { "name": "Swamp Pillar Crack", "codes": "crack_swamp_pillar", "type": "toggle", "loop": true, "img": "images/misc/Crack.png", "disabled_img": "images/misc/Crack_Off.png" },
  { "name": "Lake Hylia Crack", "codes": "crack_lake_hylia", "type": "toggle", "loop": true, "img": "images/misc/Crack.png", "disabled_img": "images/misc/Crack_Off.png" },
  { "name": "Hyrule Hotfoot Crack", "codes": "crack_hyrule_hotfoot", "type": "toggle", "loop": true, "img": "images/misc/Crack.png", "disabled_img": "images/misc/Crack_Off.png" },
  { "name": "Paradox Hyrule Left Crack", "codes": "crack_left_hyrule_paradox", "type": "toggle", "loop": true, "img": "images/misc/Crack.png", "disabled_img": "images/misc/Crack_Off.png" },
  { "name": "Paradox Hyrule Right Crack", "codes": "crack_right_hyrule_paradox", "type": "toggle", "loop": true, "img": "images/misc/Crack.png", "disabled_img": "images/misc/Crack_Off.png" },
  { "name": "Misery Mire Entrance Crack", "codes": "crack_mire_entrance", "type": "toggle", "loop": true, "img": "images/misc/Crack.png", "disabled_img": "images/misc/Crack_Off.png" },
  { "name": "Desert North Crack", "codes": "crack_desert_north", "type": "toggle", "loop": true, "img": "images/misc/Crack.png", "disabled_img": "images/misc/Crack_Off.png" },
  { "name": "Desert Pillar Left Crack", "codes": "crack_desert_pillar_left", "type": "toggle", "loop": true, "img": "images/misc/Crack.png", "disabled_img": "images/misc/Crack_Off.png" },
  { "name": "Desert Pillar Right Crack", "codes": "crack_desert_pillar_right", "type": "toggle", "loop": true, "img": "images/misc/Crack.png", "disabled_img": "images/misc/Crack_Off.png" },
  { "name": "Desert Middle Crack", "codes": "crack_desert_middle", "type": "toggle", "loop": true, "img": "images/misc/Crack.png", "disabled_img": "images/misc/Crack_Off.png" },
  { "name": "Desert SW Crack", "codes": "crack_desert_sw", "type": "toggle", "loop": true, "img": "images/misc/Crack.png", "disabled_img": "images/misc/Crack_Off.png" },
  { "name": "Desert Palace Crack", "codes": "crack_desert_palace", "type": "toggle", "loop": true, "img": "images/misc/Crack.png", "disabled_img": "images/misc/Crack_Off.png" },
  { "name": "Hyrule Castle Crack", "codes": "crack_hc", "type": "toggle", "loop": true, "img": "images/misc/Crack.png", "disabled_img": "images/misc/Crack_Off.png" },

  // Lorule Cracks
  { "name": "Vacant House Crack", "codes": "crack_vacant_house", "type": "toggle", "loop": true, "img": "images/misc/Crack.png", "disabled_img": "images/misc/Crack_Off.png" },
  { "name": "Skull Woods Pillar Crack", "codes": "crack_skull_woods_pillar", "type": "toggle", "loop": true, "img": "images/misc/Crack.png", "disabled_img": "images/misc/Crack_Off.png" },
  { "name": "Destroyed House Crack", "codes": "crack_destroyed_house", "type": "toggle", "loop": true, "img": "images/misc/Crack.png", "disabled_img": "images/misc/Crack_Off.png" },
  { "name": "Lorule Death Mountain West Crack", "codes": "crack_lorule_dm_west", "type": "toggle", "loop": true, "img": "images/misc/Crack.png", "disabled_img": "images/misc/Crack_Off.png" },
  { "name": "Lorule Floating Island Crack", "codes": "crack_lofi", "type": "toggle", "loop": true, "img": "images/misc/Crack.png", "disabled_img": "images/misc/Crack_Off.png" },
  { "name": "Lorule Rosso's Ore Mine Crack", "codes": "crack_rom_lorule", "type": "toggle", "loop": true, "img": "images/misc/Crack.png", "disabled_img": "images/misc/Crack_Off.png" },
  { "name": "Philosopher's Cave Crack", "codes": "crack_philosopher", "type": "toggle", "loop": true, "img": "images/misc/Crack.png", "disabled_img": "images/misc/Crack_Off.png" },
  { "name": "Lorule Graveyard Crack", "codes": "crack_graveyard_lorule", "type": "toggle", "loop": true, "img": "images/misc/Crack.png", "disabled_img": "images/misc/Crack_Off.png" },
  { "name": "Lorule Waterfall Crack", "codes": "crack_waterfall_lorule", "type": "toggle", "loop": true, "img": "images/misc/Crack.png", "disabled_img": "images/misc/Crack_Off.png" },
  { "name": "Ku's Domain Crack", "codes": "crack_kus_domain", "type": "toggle", "loop": true, "img": "images/misc/Crack.png", "disabled_img": "images/misc/Crack_Off.png" },
  { "name": "n-Shaped House Crack", "codes": "crack_n-shaped_house", "type": "toggle", "loop": true, "img": "images/misc/Crack.png", "disabled_img": "images/misc/Crack_Off.png" },
  { "name": "Thieves' Town Crack", "codes": "crack_thieves_town", "type": "toggle", "loop": true, "img": "images/misc/Crack.png", "disabled_img": "images/misc/Crack_Off.png" },
  { "name": "Dark Pillar Crack", "codes": "crack_dark_ruins_pillar", "type": "toggle", "loop": true, "img": "images/misc/Crack.png", "disabled_img": "images/misc/Crack_Off.png" },
  { "name": "Dark Ruins SE Crack", "codes": "crack_dark_ruins_se", "type": "toggle", "loop": true, "img": "images/misc/Crack.png", "disabled_img": "images/misc/Crack_Off.png" },
  { "name": "Lorule River Crack", "codes": "crack_river_lorule", "type": "toggle", "loop": true, "img": "images/misc/Crack.png", "disabled_img": "images/misc/Crack_Off.png" },
  { "name": "Lorule Swamp Pillar Crack", "codes": "crack_swamp_pillar_lorule", "type": "toggle", "loop": true, "img": "images/misc/Crack.png", "disabled_img": "images/misc/Crack_Off.png" },
  { "name": "Lorule Lake Crack", "codes": "crack_lake_lorule", "type": "toggle", "loop": true, "img": "images/misc/Crack.png", "disabled_img": "images/misc/Crack_Off.png" },
  { "name": "Lorule Hotfoot Crack", "codes": "crack_lorule_hotfoot", "type": "toggle", "loop": true, "img": "images/misc/Crack.png", "disabled_img": "images/misc/Crack_Off.png" },
  { "name": "Paradox Lorule Left Crack", "codes": "crack_left_lorule_paradox", "type": "toggle", "loop": true, "img": "images/misc/Crack.png", "disabled_img": "images/misc/Crack_Off.png" },
  { "name": "Paradox Lorule Right Crack", "codes": "crack_right_lorule_paradox", "type": "toggle", "loop": true, "img": "images/misc/Crack.png", "disabled_img": "images/misc/Crack_Off.png" },
  { "name": "Misery Mire Exit Crack", "codes": "crack_mire_exit", "type": "toggle", "loop": true, "img": "images/misc/Crack.png", "disabled_img": "images/misc/Crack_Off.png" },
  { "name": "Misery Mire North Crack", "codes": "crack_mire_north", "type": "toggle", "loop": true, "img": "images/misc/Crack.png", "disabled_img": "images/misc/Crack_Off.png" },
  { "name": "Misery Mire Pillar Left Crack", "codes": "crack_mire_pillar_left", "type": "toggle", "loop": true, "img": "images/misc/Crack.png", "disabled_img": "images/misc/Crack_Off.png" },
  { "name": "Misery Mire Pillar Right Crack", "codes": "crack_mire_pillar_right", "type": "toggle", "loop": true, "img": "images/misc/Crack.png", "disabled_img": "images/misc/Crack_Off.png" },
  { "name": "Misery Mire Middle Crack", "codes": "crack_mire_middle", "type": "toggle", "loop": true, "img": "images/misc/Crack.png", "disabled_img": "images/misc/Crack_Off.png" },
  { "name": "Misery Mire SW Crack", "codes": "crack_mire_sw", "type": "toggle", "loop": true, "img": "images/misc/Crack.png", "disabled_img": "images/misc/Crack_Off.png" },
  { "name": "Zaganaga Crack", "codes": "crack_zaganaga", "type": "toggle", "loop": true, "img": "images/misc/Crack.png", "disabled_img": "images/misc/Crack_Off.png" },
  { "name": "Lorule Castle Crack", "codes": "crack_lc", "type": "toggle", "loop": true, "img": "images/misc/Crack.png", "disabled_img": "images/misc/Crack_Off.png" }
]