[
  // Hyrule Portals
  { "name": "Your House Portal", "codes": "portal_your_house", "type": "toggle", "loop": true, "img": "images/misc/Portal.png", "disabled_img": "images/misc/Portal_Off.png" },
  { "name": "Lost Woods Pillar Portal", "codes": "portal_lost_woods_pillar", "type": "toggle", "loop": true, "img": "images/misc/Portal.png", "disabled_img": "images/misc/Portal_Off.png" },
  { "name": "Rosso's House Portal", "codes": "portal_rossos_house", "type": "toggle", "loop": true, "img": "images/misc/Portal.png", "disabled_img": "images/misc/Portal_Off.png" },
  { "name": "Death Mountain West Portal", "codes": "portal_dm_west", "type": "toggle", "loop": true, "img": "images/misc/Portal.png", "disabled_img": "images/misc/Portal_Off.png" },
  { "name": "Floating Island Portal", "codes": "portal_hyfi", "type": "toggle", "loop": true, "img": "images/misc/Portal.png", "disabled_img": "images/misc/Portal_Off.png" },
  { "name": "Rosso's Ore Mine Portal", "codes": "portal_rom", "type": "toggle", "loop": true, "img": "images/misc/Portal.png", "disabled_img": "images/misc/Portal_Off.png" },
  { "name": "Sanctuary Portal", "codes": "portal_sanctuary", "type": "toggle", "loop": true, "img": "images/misc/Portal.png", "disabled_img": "images/misc/Portal_Off.png" },
  { "name": "Graveyard Portal", "codes": "portal_graveyard", "type": "toggle", "loop": true, "img": "images/misc/Portal.png", "disabled_img": "images/misc/Portal_Off.png" },
  { "name": "Waterfall Portal", "codes": "portal_waterfall", "type": "toggle", "loop": true, "img": "images/misc/Portal.png", "disabled_img": "images/misc/Portal_Off.png" },
  { "name": "Zora's Domain Portal", "codes": "portal_zoras_domain", "type": "toggle", "loop": true, "img": "images/misc/Portal.png", "disabled_img": "images/misc/Portal_Off.png" },
  { "name": "Sahasrahla's House Portal", "codes": "portal_sahasrahlas_house", "type": "toggle", "loop": true, "img": "images/misc/Portal.png", "disabled_img": "images/misc/Portal_Off.png" },
  { "name": "Stylish Woman Portal", "codes": "portal_stylish_woman", "type": "toggle", "loop": true, "img": "images/misc/Portal.png", "disabled_img": "images/misc/Portal_Off.png" },
  { "name": "Eastern Pillar Portal", "codes": "portal_eastern_ruins_pillar", "type": "toggle", "loop": true, "img": "images/misc/Portal.png", "disabled_img": "images/misc/Portal_Off.png" },
  { "name": "Eastern Ruins SE Portal", "codes": "portal_eastern_ruins_se", "type": "toggle", "loop": true, "img": "images/misc/Portal.png", "disabled_img": "images/misc/Portal_Off.png" },
  { "name": "River Portal", "codes": "portal_river", "type": "toggle", "loop": true, "img": "images/misc/Portal.png", "disabled_img": "images/misc/Portal_Off.png" },
  { "name": "Swamp Pillar Portal", "codes": "portal_swamp_pillar", "type": "toggle", "loop": true, "img": "images/misc/Portal.png", "disabled_img": "images/misc/Portal_Off.png" },
  { "name": "Lake Hylia Portal", "codes": "portal_lake_hylia", "type": "toggle", "loop": true, "img": "images/misc/Portal.png", "disabled_img": "images/misc/Portal_Off.png" },
  { "name": "Hyrule Hotfoot Portal", "codes": "portal_hyrule_hotfoot", "type": "toggle", "loop": true, "img": "images/misc/Portal.png", "disabled_img": "images/misc/Portal_Off.png" },
  { "name": "Paradox Hyrule Left Portal", "codes": "portal_left_hyrule_paradox", "type": "toggle", "loop": true, "img": "images/misc/Portal.png", "disabled_img": "images/misc/Portal_Off.png" },
  { "name": "Paradox Hyrule Right Portal", "codes": "portal_right_hyrule_paradox", "type": "toggle", "loop": true, "img": "images/misc/Portal.png", "disabled_img": "images/misc/Portal_Off.png" },
  { "name": "Misery Mire Entrance Portal", "codes": "portal_mire_entrance", "type": "toggle", "loop": true, "img": "images/misc/Portal.png", "disabled_img": "images/misc/Portal_Off.png" },
  { "name": "Desert North Portal", "codes": "portal_desert_north", "type": "toggle", "loop": true, "img": "images/misc/Portal.png", "disabled_img": "images/misc/Portal_Off.png" },
  { "name": "Desert Pillar Left Portal", "codes": "portal_desert_pillar_left", "type": "toggle", "loop": true, "img": "images/misc/Portal.png", "disabled_img": "images/misc/Portal_Off.png" },
  { "name": "Desert Pillar Right Portal", "codes": "portal_desert_pillar_right", "type": "toggle", "loop": true, "img": "images/misc/Portal.png", "disabled_img": "images/misc/Portal_Off.png" },
  { "name": "Desert Middle Portal", "codes": "portal_desert_middle", "type": "toggle", "loop": true, "img": "images/misc/Portal.png", "disabled_img": "images/misc/Portal_Off.png" },
  { "name": "Desert SW Portal", "codes": "portal_desert_sw", "type": "toggle", "loop": true, "img": "images/misc/Portal.png", "disabled_img": "images/misc/Portal_Off.png" },
  { "name": "Desert Palace Portal", "codes": "portal_desert_palace", "type": "toggle", "loop": true, "img": "images/misc/Portal.png", "disabled_img": "images/misc/Portal_Off.png" },
  { "name": "Hyrule Castle Portal", "codes": "portal_hc", "type": "toggle", "loop": true, "img": "images/misc/Portal.png", "disabled_img": "images/misc/Portal_Off.png" },

  // Lorule Portals
  { "name": "Vacant House Portal", "codes": "portal_vacant_house", "type": "toggle", "loop": true, "img": "images/misc/Portal.png", "disabled_img": "images/misc/Portal_Off.png" },
  { "name": "Skull Woods Pillar Portal", "codes": "portal_skull_woods_pillar", "type": "toggle", "loop": true, "img": "images/misc/Portal.png", "disabled_img": "images/misc/Portal_Off.png" },
  { "name": "Destroyed House Portal", "codes": "portal_destroyed_house", "type": "toggle", "loop": true, "img": "images/misc/Portal.png", "disabled_img": "images/misc/Portal_Off.png" },
  { "name": "Lorule Death Mountain West Portal", "codes": "portal_lorule_dm_west", "type": "toggle", "loop": true, "img": "images/misc/Portal.png", "disabled_img": "images/misc/Portal_Off.png" },
  { "name": "Lorule Floating Island Portal", "codes": "portal_lofi", "type": "toggle", "loop": true, "img": "images/misc/Portal.png", "disabled_img": "images/misc/Portal_Off.png" },
  { "name": "Lorule Rosso's Ore Mine Portal", "codes": "portal_rom_lorule", "type": "toggle", "loop": true, "img": "images/misc/Portal.png", "disabled_img": "images/misc/Portal_Off.png" },
  { "name": "Philosopher's Portal", "codes": "portal_philosopher", "type": "toggle", "loop": true, "img": "images/misc/Portal.png", "disabled_img": "images/misc/Portal_Off.png" },
  { "name": "Lorule Graveyard Portal", "codes": "portal_graveyard_lorule", "type": "toggle", "loop": true, "img": "images/misc/Portal.png", "disabled_img": "images/misc/Portal_Off.png" },
  { "name": "Lorule Waterfall Portal", "codes": "portal_waterfall_lorule", "type": "toggle", "loop": true, "img": "images/misc/Portal.png", "disabled_img": "images/misc/Portal_Off.png" },
  { "name": "Ku's Domain Portal", "codes": "portal_kus_domain", "type": "toggle", "loop": true, "img": "images/misc/Portal.png", "disabled_img": "images/misc/Portal_Off.png" },
  { "name": "n-Shaped House Portal", "codes": "portal_n-shaped_house", "type": "toggle", "loop": true, "img": "images/misc/Portal.png", "disabled_img": "images/misc/Portal_Off.png" },
  { "name": "Thieves' Town Portal", "codes": "portal_thieves_town", "type": "toggle", "loop": true, "img": "images/misc/Portal.png", "disabled_img": "images/misc/Portal_Off.png" },
  { "name": "Dark Pillar Portal", "codes": "portal_dark_ruins_pillar", "type": "toggle", "loop": true, "img": "images/misc/Portal.png", "disabled_img": "images/misc/Portal_Off.png" },
  { "name": "Dark Ruins SE Portal", "codes": "portal_dark_ruins_se", "type": "toggle", "loop": true, "img": "images/misc/Portal.png", "disabled_img": "images/misc/Portal_Off.png" },
  { "name": "Lorule River Portal", "codes": "portal_river_lorule", "type": "toggle", "loop": true, "img": "images/misc/Portal.png", "disabled_img": "images/misc/Portal_Off.png" },
  { "name": "Lorule Swamp Pillar Portal", "codes": "portal_swamp_pillar_lorule", "type": "toggle", "loop": true, "img": "images/misc/Portal.png", "disabled_img": "images/misc/Portal_Off.png" },
  { "name": "Lorule Lake Portal", "codes": "portal_lake_lorule", "type": "toggle", "loop": true, "img": "images/misc/Portal.png", "disabled_img": "images/misc/Portal_Off.png" },
  { "name": "Lorule Hotfoot Portal", "codes": "portal_lorule_hotfoot", "type": "toggle", "loop": true, "img": "images/misc/Portal.png", "disabled_img": "images/misc/Portal_Off.png" },
  { "name": "Paradox Lorule Left Portal", "codes": "portal_left_lorule_paradox", "type": "toggle", "loop": true, "img": "images/misc/Portal.png", "disabled_img": "images/misc/Portal_Off.png" },
  { "name": "Paradox Lorule Right Portal", "codes": "portal_right_lorule_paradox", "type": "toggle", "loop": true, "img": "images/misc/Portal.png", "disabled_img": "images/misc/Portal_Off.png" },
  { "name": "Misery Mire Exit Portal", "codes": "portal_mire_exit", "type": "toggle", "loop": true, "img": "images/misc/Portal.png", "disabled_img": "images/misc/Portal_Off.png" },
  { "name": "Misery Mire North Portal", "codes": "portal_mire_north", "type": "toggle", "loop": true, "img": "images/misc/Portal.png", "disabled_img": "images/misc/Portal_Off.png" },
  { "name": "Misery Mire Pillar Left Portal", "codes": "portal_mire_pillar_left", "type": "toggle", "loop": true, "img": "images/misc/Portal.png", "disabled_img": "images/misc/Portal_Off.png" },
  { "name": "Misery Mire Pillar Right Portal", "codes": "portal_mire_pillar_right", "type": "toggle", "loop": true, "img": "images/misc/Portal.png", "disabled_img": "images/misc/Portal_Off.png" },
  { "name": "Misery Mire Middle Portal", "codes": "portal_mire_middle", "type": "toggle", "loop": true, "img": "images/misc/Portal.png", "disabled_img": "images/misc/Portal_Off.png" },
  { "name": "Misery Mire SW Portal", "codes": "portal_mire_sw", "type": "toggle", "loop": true, "img": "images/misc/Portal.png", "disabled_img": "images/misc/Portal_Off.png" },
  { "name": "Zaganaga Portal", "codes": "portal_zaganaga", "type": "toggle", "loop": true, "img": "images/misc/Portal.png", "disabled_img": "images/misc/Portal_Off.png" },
  { "name": "Lorule Castle Portal", "codes": "portal_lc", "type": "toggle", "loop": true, "img": "images/misc/Portal.png", "disabled_img": "images/misc/Portal_Off.png" }
]