[
  // Mother Maiamai
  {
    "name": "Maiamai Ice Rod",
    "type": "toggle",
    "img": "images/items/irod.png",
    "disabled_img": "images/items/irod.png",
    "disabled_img_mods": "@disabled",
    "codes": "maiamai_ice_rod"
  },
  {
    "name": "Maiamai Hookshot",
    "type": "toggle",
    "img": "images/items/hookshot.png",
    "disabled_img": "images/items/hookshot.png",
    "disabled_img_mods": "@disabled",
    "codes": "maiamai_hookshot"
  },
  {
    "name": "Maiamai Tornado Rod",
    "type": "toggle",
    "img": "images/items/trod.png",
    "disabled_img": "images/items/trod.png",
    "disabled_img_mods": "@disabled",
    "codes": "maiamai_tornado_rod"
  },
  {
    "name": "Maiamai Bombs",
    "type": "toggle",
    "img": "images/items/bombs.png",
    "disabled_img": "images/items/bombs.png",
    "disabled_img_mods": "@disabled",
    "codes": "maiamai_bombs"
  },
  {
    "name": "Maiamai Bow",
    "type": "toggle",
    "img": "images/items/bow.png",
    "disabled_img": "images/items/bow.png",
    "disabled_img_mods": "@disabled",
    "codes": "maiamai_bow"
  },
  {
    "name": "Maiamai Sand Rod",
    "type": "toggle",
    "img": "images/items/srod.png",
    "disabled_img": "images/items/srod.png",
    "disabled_img_mods": "@disabled",
    "codes": "maiamai_sand_rod"
  },
  {
    "name": "Maiamai Hammer",
    "type": "toggle",
    "img": "images/items/hammer.png",
    "disabled_img": "images/items/hammer.png",
    "disabled_img_mods": "@disabled",
    "codes": "maiamai_hammer"
  },
  {
    "name": "Maiamai Boomerang",
    "type": "toggle",
    "img": "images/items/boomerang.png",
    "disabled_img": "images/items/boomerang.png",
    "disabled_img_mods": "@disabled",
    "codes": "maiamai_boomerang"
  },
  {
    "name": "Maiamai Fire Rod",
    "type": "toggle",
    "img": "images/items/frod.png",
    "disabled_img": "images/items/frod.png",
    "disabled_img_mods": "@disabled",
    "codes": "maiamai_fire_rod"
  }
]