[
  // Mother Maiamai
//  "chest_unopened_img": "images/checks/chest_small_unopened.png",
//  "chest_opened_img": "images/checks/chest_small_opened.png",
  {
    "name": "Maiamai Bow Upgrade",
    "type": "toggle",
    "img": "images/items/framed_bow.png",
    "loop": true,
    "codes": "maiamai_bow"
  },
  {
    "name": "Maiamai Boomerang Upgrade",
    "type": "toggle",
    "img": "images/items/framed_boomerang.png",
    "loop": true,
    "codes": "maiamai_boomerang"
  },
  {
    "name": "Maiamai Hookshot Upgrade",
    "type": "toggle",
    "img": "images/items/framed_hookshot.png",
    "loop": true,
    "codes": "maiamai_hookshot"
  },
  {
    "name": "Maiamai Hammer Upgrade",
    "type": "toggle",
    "img": "images/items/framed_hammer.png",
    "loop": true,
    "codes": "maiamai_hammer"
  },
  {
    "name": "Maiamai Bombs Upgrade",
    "type": "toggle",
    "img": "images/items/framed_bombs.png",
    "loop": true,
    "codes": "maiamai_bombs"
  },
  {
    "name": "Maiamai Fire Rod Upgrade",
    "type": "toggle",
    "img": "images/items/framed_frod.png",
    "loop": true,
    "codes": "maiamai_fire_rod"
  },
  {
    "name": "Maiamai Ice Rod Upgrade",
    "type": "toggle",
    "img": "images/items/framed_irod.png",
    "loop": true,
    "codes": "maiamai_ice_rod"
  },
  {
    "name": "Maiamai Tornado Rod Upgrade",
    "type": "toggle",
    "img": "images/items/framed_trod.png",
    "loop": true,
    "codes": "maiamai_tornado_rod"
  },
  {
    "name": "Maiamai Sand Rod Upgrade",
    "type": "toggle",
    "img": "images/items/framed_srod.png",
    "loop": true,
    "codes": "maiamai_sand_rod"
  },
  // Eastern Palace
  {
    "name": "(1F) Merge Chest",
    "type": "toggle",
    "img": "images/checks/chest_small_opened.png",
    "disabled_img": "images/checks/chest_small_unopened.png",
    "disabled_img_mods": "none",
    "codes": "ep_chest_01"
  },
  {
    "name": "(1F) Left Door Chest",
    "type": "toggle",
    "img": "images/checks/chest_small_opened.png",
    "disabled_img": "images/checks/chest_small_unopened.png",
    "disabled_img_mods": "none",
    "codes": "ep_chest_02"
  },
  {
    "name": "(1F) Popo Room",
    "type": "toggle",
    "img": "images/checks/chest_small_opened.png",
    "disabled_img": "images/checks/chest_small_unopened.png",
    "disabled_img_mods": "none",
    "codes": "ep_chest_03"
  },
  {
    "name": "(1F) Secret Room",
    "type": "toggle",
    "img": "images/checks/chest_small_opened.png",
    "disabled_img": "images/checks/chest_small_unopened.png",
    "disabled_img_mods": "none",
    "codes": "ep_chest_04"
  },
  {
    "name": "(1F) Switch Room",
    "type": "toggle",
    "img": "images/checks/chest_small_opened.png",
    "disabled_img": "images/checks/chest_small_unopened.png",
    "disabled_img_mods": "none",
    "codes": "ep_chest_05"
  },
  {
    "name": "(2F) Ball Room",
    "type": "toggle",
    "img": "images/checks/chest_small_opened.png",
    "disabled_img": "images/checks/chest_small_unopened.png",
    "disabled_img_mods": "none",
    "codes": "ep_chest_06"
  },
  {
    "name": "(2F) Defeat Popos",
    "type": "toggle",
    "img": "images/checks/chest_small_opened.png",
    "disabled_img": "images/checks/chest_small_unopened.png",
    "disabled_img_mods": "none",
    "codes": "ep_chest_07"
  },
  {
    "name": "(2F) Switch Room",
    "type": "toggle",
    "img": "images/checks/chest_small_opened.png",
    "disabled_img": "images/checks/chest_small_unopened.png",
    "disabled_img_mods": "none",
    "codes": "ep_chest_08"
  },
  {
    "name": "(2F) Big Chest",
    "type": "toggle",
    "img": "images/checks/chest_big_opened.png",
    "disabled_img": "images/checks/chest_big_unopened.png",
    "disabled_img_mods": "none",
    "codes": "ep_chest_09"
  },
  {
    "name": "Yuga",
    "type": "toggle",
    "img": "images/checks/chest_small_opened_0.png",
    "disabled_img": "images/checks/chest_small_unopened_2.png",
    "disabled_img_mods": "none",
    "codes": "ep_chest_10_11"
  },
  {
    "name": "(3F) Escape Chest",
    "type": "toggle",
    "img": "images/checks/chest_small_opened.png",
    "disabled_img": "images/checks/chest_small_unopened.png",
    "disabled_img_mods": "none",
    "codes": "ep_chest_12"
  },
  {
    "name": "(1F) Escape Chest",
    "type": "toggle",
    "img": "images/checks/chest_small_opened.png",
    "disabled_img": "images/checks/chest_small_unopened.png",
    "disabled_img_mods": "none",
    "codes": "ep_chest_13"
  },

  // House of Gales
  {
    "name": "(1F) Fire Bubbles",
    "type": "toggle",
    "img": "images/checks/chest_small_opened.png",
    "disabled_img": "images/checks/chest_small_unopened.png",
    "disabled_img_mods": "none",
    "codes": "hog_chest_01"
  },
  {
    "name": "(1F) Switch Room",
    "type": "toggle",
    "img": "images/checks/chest_small_opened.png",
    "disabled_img": "images/checks/chest_small_unopened.png",
    "disabled_img_mods": "none",
    "codes": "hog_chest_02"
  },
  {
    "name": "(1F) Torches",
    "type": "toggle",
    "img": "images/checks/chest_small_opened.png",
    "disabled_img": "images/checks/chest_small_unopened.png",
    "disabled_img_mods": "none",
    "codes": "hog_chest_03"
  },
  {
    "name": "(1F) West Room",
    "type": "toggle",
    "img": "images/checks/chest_small_opened.png",
    "disabled_img": "images/checks/chest_small_unopened.png",
    "disabled_img_mods": "none",
    "codes": "hog_chest_04"
  },
  {
    "name": "(1F) West Room Secret",
    "type": "toggle",
    "img": "images/checks/chest_small_opened.png",
    "disabled_img": "images/checks/chest_small_unopened.png",
    "disabled_img_mods": "none",
    "codes": "hog_chest_05"
  },
  {
    "name": "(2F) Narrow Ledge",
    "type": "toggle",
    "img": "images/checks/chest_small_opened.png",
    "disabled_img": "images/checks/chest_small_unopened.png",
    "disabled_img_mods": "none",
    "codes": "hog_chest_06"
  },
  {
    "name": "(2F) Fire Ring",
    "type": "toggle",
    "img": "images/checks/chest_small_opened.png",
    "disabled_img": "images/checks/chest_small_unopened.png",
    "disabled_img_mods": "none",
    "codes": "hog_chest_07"
  },
  {
    "name": "(2F) Big Chest",
    "type": "toggle",
    "img": "images/checks/chest_big_opened.png",
    "disabled_img": "images/checks/chest_big_unopened.png",
    "disabled_img_mods": "none",
    "codes": "hog_chest_08"
  },
  {
    "name": "(3F) Fire Bubbles",
    "type": "toggle",
    "img": "images/checks/chest_small_opened.png",
    "disabled_img": "images/checks/chest_small_unopened.png",
    "disabled_img_mods": "none",
    "codes": "hog_chest_09"
  },
  {
    "name": "(3F) Rat Room",
    "type": "toggle",
    "img": "images/checks/chest_small_opened.png",
    "disabled_img": "images/checks/chest_small_unopened.png",
    "disabled_img_mods": "none",
    "codes": "hog_chest_10"
  },
  {
    "name": "Margomill",
    "type": "toggle",
    "img": "images/checks/chest_small_opened.png",
    "disabled_img": "images/checks/chest_small_unopened.png",
    "disabled_img_mods": "none",
    "codes": "hog_chest_11"
  },

  // Tower of Hera
  {
    "name": "(1F) Outside",
    "type": "toggle",
    "img": "images/checks/chest_small_opened.png",
    "disabled_img": "images/checks/chest_small_unopened.png",
    "disabled_img_mods": "none",
    "codes": "toh_chest_01"
  },
  {
    "name": "(1F) Center",
    "type": "toggle",
    "img": "images/checks/chest_small_opened.png",
    "disabled_img": "images/checks/chest_small_unopened.png",
    "disabled_img_mods": "none",
    "codes": "toh_chest_02"
  },
  {
    "name": "(3F) Platform",
    "type": "toggle",
    "img": "images/checks/chest_small_opened.png",
    "disabled_img": "images/checks/chest_small_unopened.png",
    "disabled_img_mods": "none",
    "codes": "toh_chest_03"
  },
  {
    "name": "(5F) Red/Blue Switches",
    "type": "toggle",
    "img": "images/checks/chest_small_opened.png",
    "disabled_img": "images/checks/chest_small_unopened.png",
    "disabled_img_mods": "none",
    "codes": "toh_chest_04"
  },
  {
    "name": "(6F) Left Mole",
    "type": "toggle",
    "img": "images/checks/chest_small_opened.png",
    "disabled_img": "images/checks/chest_small_unopened.png",
    "disabled_img_mods": "none",
    "codes": "toh_chest_05"
  },
  {
    "name": "(6F) Right Mole",
    "type": "toggle",
    "img": "images/checks/chest_small_opened.png",
    "disabled_img": "images/checks/chest_small_unopened.png",
    "disabled_img_mods": "none",
    "codes": "toh_chest_06"
  },
  {
    "name": "(7F) Outside (Ledge)",
    "type": "toggle",
    "img": "images/checks/chest_small_opened.png",
    "disabled_img": "images/checks/chest_small_unopened.png",
    "disabled_img_mods": "none",
    "codes": "toh_chest_07"
  },
  {
    "name": "(8F) Fairy Room",
    "type": "toggle",
    "img": "images/checks/chest_small_opened.png",
    "disabled_img": "images/checks/chest_small_unopened.png",
    "disabled_img_mods": "none",
    "codes": "toh_chest_08"
  },
  {
    "name": "(11F) Big Chest",
    "type": "toggle",
    "img": "images/checks/chest_big_opened.png",
    "disabled_img": "images/checks/chest_big_unopened.png",
    "disabled_img_mods": "none",
    "codes": "toh_chest_09"
  },
  {
    "name": "Moldorm",
    "type": "toggle",
    "img": "images/checks/chest_small_opened.png",
    "disabled_img": "images/checks/chest_small_unopened.png",
    "disabled_img_mods": "none",
    "codes": "toh_chest_10"
  },

  // Dark Palace
  {
    "name": "(1F) Right Pit",
    "type": "toggle",
    "img": "images/checks/chest_small_opened.png",
    "disabled_img": "images/checks/chest_small_unopened.png",
    "disabled_img_mods": "none",
    "codes": "pod_chest_01"
  },
  {
    "name": "(1F) Left Pit",
    "type": "toggle",
    "img": "images/checks/chest_small_opened.png",
    "disabled_img": "images/checks/chest_small_unopened.png",
    "disabled_img_mods": "none",
    "codes": "pod_chest_02"
  },
  {
    "name": "(1F) Switch Puzzle",
    "type": "toggle",
    "img": "images/checks/chest_small_opened.png",
    "disabled_img": "images/checks/chest_small_unopened.png",
    "disabled_img_mods": "none",
    "codes": "pod_chest_03"
  },
  {
    "name": "(1F) Hidden Room (Upper)",
    "type": "toggle",
    "img": "images/checks/chest_small_opened.png",
    "disabled_img": "images/checks/chest_small_unopened.png",
    "disabled_img_mods": "none",
    "codes": "pod_chest_04"
  },
  {
    "name": "(1F) Hidden Room (Lower)",
    "type": "toggle",
    "img": "images/checks/chest_small_opened.png",
    "disabled_img": "images/checks/chest_small_unopened.png",
    "disabled_img_mods": "none",
    "codes": "pod_chest_05"
  },
  {
    "name": "(1F) Fall From 2F",
    "type": "toggle",
    "img": "images/checks/chest_small_opened.png",
    "disabled_img": "images/checks/chest_small_unopened.png",
    "disabled_img_mods": "none",
    "codes": "pod_chest_06"
  },
  {
    "name": "(2F) Big Chest (Hidden)",
    "type": "toggle",
    "img": "images/checks/chest_big_opened.png",
    "disabled_img": "images/checks/chest_big_unopened.png",
    "disabled_img_mods": "none",
    "codes": "pod_chest_07"
  },
  {
    "name": "(2F) Alcove",
    "type": "toggle",
    "img": "images/checks/chest_small_opened.png",
    "disabled_img": "images/checks/chest_small_unopened.png",
    "disabled_img_mods": "none",
    "codes": "pod_chest_08"
  },
  {
    "name": "(B1) Fall From 1F",
    "type": "toggle",
    "img": "images/checks/chest_small_opened.png",
    "disabled_img": "images/checks/chest_small_unopened.png",
    "disabled_img_mods": "none",
    "codes": "pod_chest_09"
  },
  {
    "name": "(B1) Helmasaur Room (Fall)",
    "type": "toggle",
    "img": "images/checks/chest_small_opened.png",
    "disabled_img": "images/checks/chest_small_unopened.png",
    "disabled_img_mods": "none",
    "codes": "pod_chest_10"
  },
  {
    "name": "(B1) Helmasaur Room",
    "type": "toggle",
    "img": "images/checks/chest_small_opened.png",
    "disabled_img": "images/checks/chest_small_unopened.png",
    "disabled_img_mods": "none",
    "codes": "pod_chest_11"
  },
  {
    "name": "(B1) Glow-in-the-Dark Maze",
    "type": "toggle",
    "img": "images/checks/chest_small_opened.png",
    "disabled_img": "images/checks/chest_small_unopened.png",
    "disabled_img_mods": "none",
    "codes": "pod_chest_12"
  },
  {
    "name": "(B1) Bomb Bowling",
    "type": "toggle",
    "img": "images/checks/chest_big_opened.png",
    "disabled_img": "images/checks/chest_big_unopened.png",
    "disabled_img_mods": "none",
    "codes": "pod_chest_13"
  },
  {
    "name": "Gemesaur King",
    "type": "toggle",
    "img": "images/checks/chest_small_opened.png",
    "disabled_img": "images/checks/chest_small_unopened.png",
    "disabled_img_mods": "none",
    "codes": "pod_chest_14"
  },

  // Swamp Palace
  {
    "name": "(B1) Waterfall Room",
    "type": "toggle",
    "img": "images/checks/chest_small_opened.png",
    "disabled_img": "images/checks/chest_small_unopened.png",
    "disabled_img_mods": "none",
    "codes": "sp_chest_01"
  },
  {
    "name": "(B1) Raft Room (Pillar)",
    "type": "toggle",
    "img": "images/checks/chest_small_opened.png",
    "disabled_img": "images/checks/chest_small_unopened.png",
    "disabled_img_mods": "none",
    "codes": "sp_chest_02"
  },
  {
    "name": "(B1) Center",
    "type": "toggle",
    "img": "images/checks/chest_small_opened.png",
    "disabled_img": "images/checks/chest_small_unopened.png",
    "disabled_img_mods": "none",
    "codes": "sp_chest_03"
  },
  {
    "name": "(B1) Raft Room (Right)",
    "type": "toggle",
    "img": "images/checks/chest_small_opened.png",
    "disabled_img": "images/checks/chest_small_unopened.png",
    "disabled_img_mods": "none",
    "codes": "sp_chest_04"
  },
  {
    "name": "(B1) Raft Room (Left)",
    "type": "toggle",
    "img": "images/checks/chest_small_opened.png",
    "disabled_img": "images/checks/chest_small_unopened.png",
    "disabled_img_mods": "none",
    "codes": "sp_chest_05"
  },
  {
    "name": "(B1) Gyorm",
    "type": "toggle",
    "img": "images/checks/chest_small_opened.png",
    "disabled_img": "images/checks/chest_small_unopened.png",
    "disabled_img_mods": "none",
    "codes": "sp_chest_06"
  },
  {
    "name": "(B1) Big Chest (Secret)",
    "type": "toggle",
    "img": "images/checks/chest_big_opened.png",
    "disabled_img": "images/checks/chest_big_unopened.png",
    "disabled_img_mods": "none",
    "codes": "sp_chest_07"
  },
  {
    "name": "(1F) Big Chest (Fire)",
    "type": "toggle",
    "img": "images/checks/chest_big_opened.png",
    "disabled_img": "images/checks/chest_big_unopened.png",
    "disabled_img_mods": "none",
    "codes": "sp_chest_08"
  },
  {
    "name": "(1F) West Room",
    "type": "toggle",
    "img": "images/checks/chest_small_opened.png",
    "disabled_img": "images/checks/chest_small_unopened.png",
    "disabled_img_mods": "none",
    "codes": "sp_chest_09"
  },
  {
    "name": "(1F) East Room",
    "type": "toggle",
    "img": "images/checks/chest_small_opened.png",
    "disabled_img": "images/checks/chest_small_unopened.png",
    "disabled_img_mods": "none",
    "codes": "sp_chest_10"
  },
  {
    "name": "(1F) Water Puzzle",
    "type": "toggle",
    "img": "images/checks/chest_small_opened.png",
    "disabled_img": "images/checks/chest_small_unopened.png",
    "disabled_img_mods": "none",
    "codes": "sp_chest_11"
  },
  {
    "name": "Arrghus",
    "type": "toggle",
    "img": "images/checks/chest_small_opened.png",
    "disabled_img": "images/checks/chest_small_unopened.png",
    "disabled_img_mods": "none",
    "codes": "sp_chest_12"
  },

  // Skull Woods
  {
    "name": "(B1) South Chest",
    "type": "toggle",
    "img": "images/checks/chest_small_opened.png",
    "disabled_img": "images/checks/chest_small_unopened.png",
    "disabled_img_mods": "none",
    "codes": "sw_chest_01"
  },
  {
    "name": "(B1) Gibdo Room (Hole)",
    "type": "toggle",
    "img": "images/checks/chest_small_opened.png",
    "disabled_img": "images/checks/chest_small_unopened.png",
    "disabled_img_mods": "none",
    "codes": "sw_chest_02"
  },
  {
    "name": "(B1) Gibdo Room (Lower)",
    "type": "toggle",
    "img": "images/checks/chest_small_opened.png",
    "disabled_img": "images/checks/chest_small_unopened.png",
    "disabled_img_mods": "none",
    "codes": "sw_chest_03"
  },
  {
    "name": "(B1) Grate Room",
    "type": "toggle",
    "img": "images/checks/chest_small_opened.png",
    "disabled_img": "images/checks/chest_small_unopened.png",
    "disabled_img_mods": "none",
    "codes": "sw_chest_04"
  },
  {
    "name": "(B2) Moving Platform Room",
    "type": "toggle",
    "img": "images/checks/chest_small_opened.png",
    "disabled_img": "images/checks/chest_small_unopened.png",
    "disabled_img_mods": "none",
    "codes": "sw_chest_05"
  },
  {
    "name": "Outdoor Chest",
    "type": "toggle",
    "img": "images/checks/chest_small_opened.png",
    "disabled_img": "images/checks/chest_small_unopened.png",
    "disabled_img_mods": "none",
    "codes": "sw_chest_06"
  },
  {
    "name": "(B1) Big Chest (Upper)",
    "type": "toggle",
    "img": "images/checks/chest_big_opened.png",
    "disabled_img": "images/checks/chest_big_unopened.png",
    "disabled_img_mods": "none",
    "codes": "sw_chest_07"
  },
  {
    "name": "(B1) Big Chest (Eyes)",
    "type": "toggle",
    "img": "images/checks/chest_big_opened.png",
    "disabled_img": "images/checks/chest_big_unopened.png",
    "disabled_img_mods": "none",
    "codes": "sw_chest_08"
  },
  {
    "name": "Knucklemaster",
    "type": "toggle",
    "img": "images/checks/chest_small_opened.png",
    "disabled_img": "images/checks/chest_small_unopened.png",
    "disabled_img_mods": "none",
    "codes": "sw_chest_09"
  },

  // Thieves' Hideout
  {
    "name": "(B1) Grate Chest",
    "type": "toggle",
    "img": "images/checks/chest_small_opened.png",
    "disabled_img": "images/checks/chest_small_unopened.png",
    "disabled_img_mods": "none",
    "codes": "th_chest_01"
  },
  {
    "name": "(B1) Jail Cell",
    "type": "toggle",
    "img": "images/checks/chest_small_opened.png",
    "disabled_img": "images/checks/chest_small_unopened.png",
    "disabled_img_mods": "none",
    "codes": "th_chest_02"
  },
  {
    "name": "(B2) Grate Chest (Fall)",
    "type": "toggle",
    "img": "images/checks/chest_small_opened.png",
    "disabled_img": "images/checks/chest_small_unopened.png",
    "disabled_img_mods": "none",
    "codes": "th_chest_03"
  },
  {
    "name": "(B2) Jail Cell",
    "type": "toggle",
    "img": "images/checks/chest_small_opened.png",
    "disabled_img": "images/checks/chest_small_unopened.png",
    "disabled_img_mods": "none",
    "codes": "th_chest_04"
  },
  {
    "name": "(B2) Eyegores",
    "type": "toggle",
    "img": "images/checks/chest_small_opened.png",
    "disabled_img": "images/checks/chest_small_unopened.png",
    "disabled_img_mods": "none",
    "codes": "th_chest_05"
  },
  {
    "name": "(B2) Switch Puzzle Room",
    "type": "toggle",
    "img": "images/checks/chest_small_opened.png",
    "disabled_img": "images/checks/chest_small_unopened.png",
    "disabled_img_mods": "none",
    "codes": "th_chest_06"
  },
  {
    "name": "(B3) Underwater",
    "type": "toggle",
    "img": "images/checks/chest_small_opened.png",
    "disabled_img": "images/checks/chest_small_unopened.png",
    "disabled_img_mods": "none",
    "codes": "th_chest_07"
  },
  {
    "name": "(B3) Big Chest (Hidden)",
    "type": "toggle",
    "img": "images/checks/chest_big_opened.png",
    "disabled_img": "images/checks/chest_big_unopened.png",
    "disabled_img_mods": "none",
    "codes": "th_chest_08"
  },
  {
    "name": "(B1) Behind Wall",
    "type": "toggle",
    "img": "images/checks/chest_small_opened.png",
    "disabled_img": "images/checks/chest_small_unopened.png",
    "disabled_img_mods": "none",
    "codes": "th_chest_09"
  },
  {
    "name": "(B1) Big Chest (Entrance)",
    "type": "toggle",
    "img": "images/checks/chest_big_opened.png",
    "disabled_img": "images/checks/chest_big_unopened.png",
    "disabled_img_mods": "none",
    "codes": "th_chest_10"
  },
  {
    "name": "Stalblind",
    "type": "toggle",
    "img": "images/checks/chest_small_opened.png",
    "disabled_img": "images/checks/chest_small_unopened.png",
    "disabled_img_mods": "none",
    "codes": "th_chest_11"
  },

  // Turtle Rock
  {
    "name": "(1F) Center",
    "type": "toggle",
    "img": "images/checks/chest_small_opened.png",
    "disabled_img": "images/checks/chest_small_unopened.png",
    "disabled_img_mods": "none",
    "codes": "tr_chest_01"
  },
  {
    "name": "(1F) Defeat Flamolas",
    "type": "toggle",
    "img": "images/checks/chest_small_opened.png",
    "disabled_img": "images/checks/chest_small_unopened.png",
    "disabled_img_mods": "none",
    "codes": "tr_chest_02"
  },
  {
    "name": "(1F) Northeast Ledge",
    "type": "toggle",
    "img": "images/checks/chest_small_opened.png",
    "disabled_img": "images/checks/chest_small_unopened.png",
    "disabled_img_mods": "none",
    "codes": "tr_chest_03"
  },
  {
    "name": "(1F) Grate Chest",
    "type": "toggle",
    "img": "images/checks/chest_small_opened.png",
    "disabled_img": "images/checks/chest_small_unopened.png",
    "disabled_img_mods": "none",
    "codes": "tr_chest_04"
  },
  {
    "name": "(1F) Southeast Chest",
    "type": "toggle",
    "img": "images/checks/chest_small_opened.png",
    "disabled_img": "images/checks/chest_small_unopened.png",
    "disabled_img_mods": "none",
    "codes": "tr_chest_05"
  },
  {
    "name": "(1F) Northwest Room",
    "type": "toggle",
    "img": "images/checks/chest_small_opened.png",
    "disabled_img": "images/checks/chest_small_unopened.png",
    "disabled_img_mods": "none",
    "codes": "tr_chest_06"
  },
  {
    "name": "Left Balcony",
    "type": "toggle",
    "img": "images/checks/chest_small_opened.png",
    "disabled_img": "images/checks/chest_small_unopened.png",
    "disabled_img_mods": "none",
    "codes": "tr_chest_07"
  },
  {
    "name": "(B1) Grate Chest (Small)",
    "type": "toggle",
    "img": "images/checks/chest_small_opened.png",
    "disabled_img": "images/checks/chest_small_unopened.png",
    "disabled_img_mods": "none",
    "codes": "tr_chest_08"
  },
  {
    "name": "(B1) Big Chest (Top)",
    "type": "toggle",
    "img": "images/checks/chest_big_opened.png",
    "disabled_img": "images/checks/chest_big_unopened.png",
    "disabled_img_mods": "none",
    "codes": "tr_chest_09"
  },
  {
    "name": "(B1) Big Chest (Center)",
    "type": "toggle",
    "img": "images/checks/chest_big_opened.png",
    "disabled_img": "images/checks/chest_big_unopened.png",
    "disabled_img_mods": "none",
    "codes": "tr_chest_10"
  },
  {
    "name": "(B1) Northeast Room",
    "type": "toggle",
    "img": "images/checks/chest_small_opened.png",
    "disabled_img": "images/checks/chest_small_unopened.png",
    "disabled_img_mods": "none",
    "codes": "tr_chest_11"
  },
  {
    "name": "(B1) Platform",
    "type": "toggle",
    "img": "images/checks/chest_small_opened.png",
    "disabled_img": "images/checks/chest_small_unopened.png",
    "disabled_img_mods": "none",
    "codes": "tr_chest_12"
  },
  {
    "name": "B3 Grinexx",
    "type": "toggle",
    "img": "images/checks/chest_small_opened.png",
    "disabled_img": "images/checks/chest_small_unopened.png",
    "disabled_img_mods": "none",
    "codes": "tr_chest_13"
  },

  // Desert Palace
  {
    "name": "(1F) Entrance",
    "type": "toggle",
    "img": "images/checks/chest_small_opened.png",
    "disabled_img": "images/checks/chest_small_unopened.png",
    "disabled_img_mods": "none",
    "codes": "dp_chest_01"
  },
  {
    "name": "(1F) Sand Room (North)",
    "type": "toggle",
    "img": "images/checks/chest_small_opened.png",
    "disabled_img": "images/checks/chest_small_unopened.png",
    "disabled_img_mods": "none",
    "codes": "dp_chest_02"
  },
  {
    "name": "(1F) Sand Room (South)",
    "type": "toggle",
    "img": "images/checks/chest_small_opened.png",
    "disabled_img": "images/checks/chest_small_unopened.png",
    "disabled_img_mods": "none",
    "codes": "dp_chest_03"
  },
  {
    "name": "(1F) Sand Switch Room",
    "type": "toggle",
    "img": "images/checks/chest_small_opened.png",
    "disabled_img": "images/checks/chest_small_unopened.png",
    "disabled_img_mods": "none",
    "codes": "dp_chest_04"
  },
  {
    "name": "(1F) Behind Rocks",
    "type": "toggle",
    "img": "images/checks/chest_small_opened.png",
    "disabled_img": "images/checks/chest_small_unopened.png",
    "disabled_img_mods": "none",
    "codes": "dp_chest_05"
  },
  {
    "name": "(1F) Big Chest (Behind Wall)",
    "type": "toggle",
    "img": "images/checks/chest_big_opened.png",
    "disabled_img": "images/checks/chest_big_unopened.png",
    "disabled_img_mods": "none",
    "codes": "dp_chest_06"
  },
  {
    "name": "(2F) Beamos Room",
    "type": "toggle",
    "img": "images/checks/chest_small_opened.png",
    "disabled_img": "images/checks/chest_small_unopened.png",
    "disabled_img_mods": "none",
    "codes": "dp_chest_07"
  },
  {
    "name": "(2F) Under Rock (Left)",
    "type": "toggle",
    "img": "images/checks/chest_small_opened.png",
    "disabled_img": "images/checks/chest_small_unopened.png",
    "disabled_img_mods": "none",
    "codes": "dp_chest_08"
  },
  {
    "name": "(2F) Under Rock (Right)",
    "type": "toggle",
    "img": "images/checks/chest_small_opened.png",
    "disabled_img": "images/checks/chest_small_unopened.png",
    "disabled_img_mods": "none",
    "codes": "dp_chest_09"
  },
  {
    "name": "(2F) Big Chest (Puzzle)",
    "type": "toggle",
    "img": "images/checks/chest_big_opened.png",
    "disabled_img": "images/checks/chest_big_unopened.png",
    "disabled_img_mods": "none",
    "codes": "dp_chest_10"
  },
  {
    "name": "(2F) Red/Blue Switches",
    "type": "toggle",
    "img": "images/checks/chest_small_opened.png",
    "disabled_img": "images/checks/chest_small_unopened.png",
    "disabled_img_mods": "none",
    "codes": "dp_chest_11"
  },
  {
    "name": "(2F) Under Rock (Ball Room)",
    "type": "toggle",
    "img": "images/checks/chest_small_opened.png",
    "disabled_img": "images/checks/chest_small_unopened.png",
    "disabled_img_mods": "none",
    "codes": "dp_chest_12"
  },
  {
    "name": "(2F) Leever Room",
    "type": "toggle",
    "img": "images/checks/chest_small_opened.png",
    "disabled_img": "images/checks/chest_small_unopened.png",
    "disabled_img_mods": "none",
    "codes": "dp_chest_13"
  },
  {
    "name": "(3F) Behind Falling Sand",
    "type": "toggle",
    "img": "images/checks/chest_small_opened.png",
    "disabled_img": "images/checks/chest_small_unopened.png",
    "disabled_img_mods": "none",
    "codes": "dp_chest_14"
  },
  {
    "name": "(3F) Armos Room",
    "type": "toggle",
    "img": "images/checks/chest_small_opened.png",
    "disabled_img": "images/checks/chest_small_unopened.png",
    "disabled_img_mods": "none",
    "codes": "dp_chest_15"
  },
  {
    "name": "Zaganaga",
    "type": "toggle",
    "img": "images/checks/chest_small_opened.png",
    "disabled_img": "images/checks/chest_small_unopened.png",
    "disabled_img_mods": "none",
    "codes": "dp_chest_16"
  },

  // Ice Ruins
  {
    "name": "(1F) Hidden Chest",
    "type": "toggle",
    "img": "images/checks/chest_small_opened.png",
    "disabled_img": "images/checks/chest_small_unopened.png",
    "disabled_img_mods": "none",
    "codes": "ir_chest_01"
  },
  {
    "name": "(B1) Narrow Ledge",
    "type": "toggle",
    "img": "images/checks/chest_small_opened.png",
    "disabled_img": "images/checks/chest_small_unopened.png",
    "disabled_img_mods": "none",
    "codes": "ir_chest_02"
  },
  {
    "name": "(B1) East Chest",
    "type": "toggle",
    "img": "images/checks/chest_small_opened.png",
    "disabled_img": "images/checks/chest_small_unopened.png",
    "disabled_img_mods": "none",
    "codes": "ir_chest_03"
  },
  {
    "name": "(B1) Upper Chest",
    "type": "toggle",
    "img": "images/checks/chest_small_opened.png",
    "disabled_img": "images/checks/chest_small_unopened.png",
    "disabled_img_mods": "none",
    "codes": "ir_chest_04"
  },
  {
    "name": "(B2) Ice Pillar",
    "type": "toggle",
    "img": "images/checks/chest_small_opened.png",
    "disabled_img": "images/checks/chest_small_unopened.png",
    "disabled_img_mods": "none",
    "codes": "ir_chest_05"
  },
  {
    "name": "(B2) Long Merge Chest",
    "type": "toggle",
    "img": "images/checks/chest_small_opened.png",
    "disabled_img": "images/checks/chest_small_unopened.png",
    "disabled_img_mods": "none",
    "codes": "ir_chest_06"
  },
  {
    "name": "(B3) Grate Chest (Left)",
    "type": "toggle",
    "img": "images/checks/chest_small_opened.png",
    "disabled_img": "images/checks/chest_small_unopened.png",
    "disabled_img_mods": "none",
    "codes": "ir_chest_07"
  },
  {
    "name": "(B3) Grate Chest (Right)",
    "type": "toggle",
    "img": "images/checks/chest_small_opened.png",
    "disabled_img": "images/checks/chest_small_unopened.png",
    "disabled_img_mods": "none",
    "codes": "ir_chest_08"
  },
  {
    "name": "(B3) Big Chest (Puzzle)",
    "type": "toggle",
    "img": "images/checks/chest_big_opened.png",
    "disabled_img": "images/checks/chest_big_unopened.png",
    "disabled_img_mods": "none",
    "codes": "ir_chest_09"
  },
  {
    "name": "(B4) Switches",
    "type": "toggle",
    "img": "images/checks/chest_small_opened.png",
    "disabled_img": "images/checks/chest_small_unopened.png",
    "disabled_img_mods": "none",
    "codes": "ir_chest_10"
  },
  {
    "name": "(B4) Southwest Chest (Fall)",
    "type": "toggle",
    "img": "images/checks/chest_small_opened.png",
    "disabled_img": "images/checks/chest_small_unopened.png",
    "disabled_img_mods": "none",
    "codes": "ir_chest_11"
  },
  {
    "name": "(B4) Southeast Chest (Fall)",
    "type": "toggle",
    "img": "images/checks/chest_small_opened.png",
    "disabled_img": "images/checks/chest_small_unopened.png",
    "disabled_img_mods": "none",
    "codes": "ir_chest_12"
  },
  {
    "name": "(B4) Narrow Platform",
    "type": "toggle",
    "img": "images/checks/chest_small_opened.png",
    "disabled_img": "images/checks/chest_small_unopened.png",
    "disabled_img_mods": "none",
    "codes": "ir_chest_13"
  },
  {
    "name": "(B5) Big Chest",
    "type": "toggle",
    "img": "images/checks/chest_big_opened.png",
    "disabled_img": "images/checks/chest_big_unopened.png",
    "disabled_img_mods": "none",
    "codes": "ir_chest_14"
  },
  {
    "name": "Dharkstare",
    "type": "toggle",
    "img": "images/checks/chest_small_opened.png",
    "disabled_img": "images/checks/chest_small_unopened.png",
    "disabled_img_mods": "none",
    "codes": "ir_chest_15"
  },

  // Lorule Castle
  {
    "name": "(1F) Center",
    "type": "toggle",
    "img": "images/checks/chest_small_opened.png",
    "disabled_img": "images/checks/chest_small_unopened.png",
    "disabled_img_mods": "none",
    "codes": "lc_chest_01"
  },
  {
    "name": "(1F) Ledge",
    "type": "toggle",
    "img": "images/checks/chest_small_opened.png",
    "disabled_img": "images/checks/chest_small_unopened.png",
    "disabled_img_mods": "none",
    "codes": "lc_chest_02"
  },
  {
    "name": "(2F) Near Torches",
    "type": "toggle",
    "img": "images/checks/chest_small_opened.png",
    "disabled_img": "images/checks/chest_small_unopened.png",
    "disabled_img_mods": "none",
    "codes": "lc_chest_03"
  },
  {
    "name": "(2F) Hidden Path",
    "type": "toggle",
    "img": "images/checks/chest_small_opened.png",
    "disabled_img": "images/checks/chest_small_unopened.png",
    "disabled_img_mods": "none",
    "codes": "lc_chest_04"
  },
  {
    "name": "(2F) Ledge",
    "type": "toggle",
    "img": "images/checks/chest_small_opened.png",
    "disabled_img": "images/checks/chest_small_unopened.png",
    "disabled_img_mods": "none",
    "codes": "lc_chest_05"
  },
  {
    "name": "(4F) Center",
    "type": "toggle",
    "img": "images/checks/chest_small_opened.png",
    "disabled_img": "images/checks/chest_small_unopened.png",
    "disabled_img_mods": "none",
    "codes": "lc_chest_06"
  },
  {
    "name": "(4F) Hidden Path",
    "type": "toggle",
    "img": "images/checks/chest_big_opened.png",
    "disabled_img": "images/checks/chest_big_unopened.png",
    "disabled_img_mods": "none",
    "codes": "lc_chest_07"
  },
  {
    "name": "(3F) Bomb Trial (1)",
    "type": "toggle",
    "img": "images/checks/chest_small_opened.png",
    "disabled_img": "images/checks/chest_small_unopened.png",
    "disabled_img_mods": "none",
    "codes": "lc_chest_08"
  },
  {
    "name": "(3F) Bomb Trial (2)",
    "type": "toggle",
    "img": "images/checks/chest_small_opened.png",
    "disabled_img": "images/checks/chest_small_unopened.png",
    "disabled_img_mods": "none",
    "codes": "lc_chest_09"
  },
  {
    "name": "(3F) Tile Trial (1)",
    "type": "toggle",
    "img": "images/checks/chest_small_opened.png",
    "disabled_img": "images/checks/chest_small_unopened.png",
    "disabled_img_mods": "none",
    "codes": "lc_chest_10"
  },
  {
    "name": "(3F) Tile Trial (2)",
    "type": "toggle",
    "img": "images/checks/chest_small_opened.png",
    "disabled_img": "images/checks/chest_small_unopened.png",
    "disabled_img_mods": "none",
    "codes": "lc_chest_11"
  },
  {
    "name": "(4F) Lamp Trial",
    "type": "toggle",
    "img": "images/checks/chest_small_opened.png",
    "disabled_img": "images/checks/chest_small_unopened.png",
    "disabled_img_mods": "none",
    "codes": "lc_chest_12"
  },
  {
    "name": "(4F) Hookshot Trial (2)",
    "type": "toggle",
    "img": "images/checks/chest_small_opened.png",
    "disabled_img": "images/checks/chest_small_unopened.png",
    "disabled_img_mods": "none",
    "codes": "lc_chest_13"
  },
  {
    "name": "(4F) Hookshot Trial (1)",
    "type": "toggle",
    "img": "images/checks/chest_small_opened.png",
    "disabled_img": "images/checks/chest_small_unopened.png",
    "disabled_img_mods": "none",
    "codes": "lc_chest_14"
  },
  {
    "name": "Zelda",
    "type": "toggle",
    "img": "images/prizes/sage_zelda.png",
    "codes": "lc_chest_15"
  }
]