[
  // Mother Maiamai
//  "chest_unopened_img": "images/checks/chest_small_unopened.png",
//  "chest_opened_img": "images/checks/chest_small_opened.png",
  {
    "name": "Maiamai Bow Upgrade",
    "type": "toggle",
    "img": "images/items/framed_bow.png",
    "loop": true,
    "codes": "maiamai_bow"
  },
  {
    "name": "Maiamai Boomerang Upgrade",
    "type": "toggle",
    "img": "images/items/framed_boomerang.png",
    "loop": true,
    "codes": "maiamai_boomerang"
  },
  {
    "name": "Maiamai Hookshot Upgrade",
    "type": "toggle",
    "img": "images/items/framed_hookshot.png",
    "loop": true,
    "codes": "maiamai_hookshot"
  },
  {
    "name": "Maiamai Hammer Upgrade",
    "type": "toggle",
    "img": "images/items/framed_hammer.png",
    "loop": true,
    "codes": "maiamai_hammer"
  },
  {
    "name": "Maiamai Bombs Upgrade",
    "type": "toggle",
    "img": "images/items/framed_bombs.png",
    "loop": true,
    "codes": "maiamai_bombs"
  },
  {
    "name": "Maiamai Fire Rod Upgrade",
    "type": "toggle",
    "img": "images/items/framed_frod.png",
    "loop": true,
    "codes": "maiamai_fire_rod"
  },
  {
    "name": "Maiamai Ice Rod Upgrade",
    "type": "toggle",
    "img": "images/items/framed_irod.png",
    "loop": true,
    "codes": "maiamai_ice_rod"
  },
  {
    "name": "Maiamai Tornado Rod Upgrade",
    "type": "toggle",
    "img": "images/items/framed_trod.png",
    "loop": true,
    "codes": "maiamai_tornado_rod"
  },
  {
    "name": "Maiamai Sand Rod Upgrade",
    "type": "toggle",
    "img": "images/items/framed_srod.png",
    "loop": true,
    "codes": "maiamai_sand_rod"
  }
]