{
  "dungeon_grid": {
    "type": "container",
    "content": [
      {
        "type": "itemgrid",
        "dropshadow": true,
        "h_alignment": "center",
        "item_size": "24",
        "item_margin": "1",
        "margin": "0",
        "rows": [
          [
            "ep_label",
            "ep_small_keys",
            "ep_big_key",
            "ep_compass",
            "ep_items",
            "",
            "sw_label",
            "sw_small_keys",
            "sw_big_key",
            "sw_compass",
            "sw_items"
          ],
          [
            "hg_label",
            "hg_small_keys",
            "hg_big_key",
            "hg_compass",
            "hg_items",
            "",
            "tt_label",
            "tt_small_key",
            "tt_big_key",
            "tt_compass",
            "tt_items"
          ],
          [
            "th_label",
            "th_small_keys",
            "th_big_key",
            "th_compass",
            "th_items",
            "",
            "tr_label",
            "tr_small_keys",
            "tr_big_key",
            "tr_compass",
            "tr_items"
          ],
          [
            "hs_label",
            "hs_small_key",
            "ls_label",
            "ls_small_key",
            "",
            "",
            "dp_label",
            "dp_small_keys",
            "dp_big_key",
            "dp_compass",
            "dp_items"
          ],
          [
            "pd_label",
            "pd_small_keys",
            "pd_big_key",
            "pd_compass",
            "pd_items",
            "",
            "ir_label",
            "ir_small_keys",
            "ir_big_key",
            "ir_compass",
            "ir_items"
          ],
          [
            "sp_label",
            "sp_small_keys",
            "sp_big_key",
            "sp_compass",
            "sp_items",
            "",
            "lc_label",
            "lc_small_keys",
            "lc_trials_door",
            "lc_compass",
            "lc_items"
          ]
        ]
      }
    ]
  }
}