[
  {
    "name": "Inside Hyrule Castle",
    "access_rules": [
      "sanctuary, eastern, msword",
      "open, barrierSkipEP, msword",
      "open, barrierRequireEP, eastern, msword",
      "standard, sanctuary, barrierSkipEP, msword",
      "standard, sanctuary, barrierRequireEP, eastern, msword",
      "standard, sanctuary, barrierRequireEP, $notEastern"
    ],
    "children": [
      {
        "name": "Hyrule Castle",
        "map_locations": [
          {
            "map": "hyrule",
            "x": 928,
            "y": 926
          }
        ],
        "sections": [
          {
            "name": "Left Room Chest",
            "item_count": 1
          }
        ]
      },
      {
        "name": "Hyrule Castle",
        "map_locations": [
          {
            "map": "hyrule",
            "x": 1070,
            "y": 1048
          }
        ],
        "sections": [
          {
            "name": "Right Wall Chest",
            "item_count": 1
          }
        ]
      },
      {
        "name": "Hyrule Castle",
        "access_rules": [
          "barrierSkipEP, msword, merge",
          "barrierRequireEP, eastern, msword, merge"
        ],
        "map_locations": [
          {
            "map": "hyrule",
            "x": 1023,
            "y": 870
          },
          {
            "map": "hyrule8F",
            "x": 83,
            "y": 59
          }
        ],
        "sections": [
          {
            "name": "Lorule",
            "hosted_item": "lorule"
          }
        ]
      }
    ]
  }
]