[
  {
    "name": "LC Required Portraits",
    "type": "consumable",
    "increment": -1,
    "initial_quantity": 7,
    "max_quantity": 7,
    "min_quantity": 0,
    "codes": "lc_requirement",
    "img": "images/lorule_castle.png",
    "img_mods": "overlay|images/sage_staff_small.png",
    "disabled_img": "images/lorule_castle.png",
    "disabled_img_mods": ""
  },
  {
    "name": "Yuganon Required Portraits",
    "type": "consumable",
    "increment": -1,
    "initial_quantity": 7,
    "max_quantity": 7,
    "min_quantity": 0,
    "codes": "yuganon_requirement",
    "img": "images/yuganon.png",
    "img_mods": "overlay|images/sage_staff_small.png",
    "disabled_img": "images/yuganon.png",
    "disabled_img_mods": ""
  },
  {
    "name": "Eastern Palace",
    "type": "progressive_toggle",
    "stages": [
      {
        "img": "images/sage_staff.png",
        "img_mods": "overlay|images/label_EP.png",
        "codes": "eastern, sage"
      },
      {
        "img": "images/sage_osfala.png",
        "img_mods": "overlay|images/label_EP.png",
        "codes": "eastern, sage, osfala"
      },
      {
        "img": "images/sage_gulley.png",
        "img_mods": "overlay|images/label_EP.png",
        "codes": "eastern, sage, gulley"
      },
      {
        "img": "images/pendant.png",
        "img_mods": "overlay|images/label_EP.png",
        "codes": "eastern, pendant"
      },
      {
        "img": "images/pendant_courage.png",
        "img_mods": "overlay|images/label_EP.png",
        "codes": "eastern, pendant, courage"
      }
    ]
  },
  {
    "name": "House of Gales",
    "type": "progressive_toggle",
    "stages": [
      {
        "img": "images/sage_staff.png",
        "img_mods": "overlay|images/label_HG.png",
        "codes": "gales, sage"
      },
      {
        "img": "images/sage_osfala.png",
        "img_mods": "overlay|images/label_HG.png",
        "codes": "gales, sage, osfala"
      },
      {
        "img": "images/sage_gulley.png",
        "img_mods": "overlay|images/label_HG.png",
        "codes": "gales, sage, gulley"
      },
      {
        "img": "images/pendant.png",
        "img_mods": "overlay|images/label_HG.png",
        "codes": "gales, pendant"
      },
      {
        "img": "images/pendant_courage.png",
        "img_mods": "overlay|images/label_HG.png",
        "codes": "gales, pendant, courage"
      }
    ]
  },
  {
    "name": "Tower of Hera",
    "type": "progressive_toggle",
    "stages": [
      {
        "img": "images/sage_staff.png",
        "img_mods": "overlay|images/label_TH.png",
        "codes": "hera, sage"
      },
      {
        "img": "images/sage_osfala.png",
        "img_mods": "overlay|images/label_TH.png",
        "codes": "hera, sage, osfala"
      },
      {
        "img": "images/sage_gulley.png",
        "img_mods": "overlay|images/label_TH.png",
        "codes": "hera, sage, gulley"
      },
      {
        "img": "images/pendant.png",
        "img_mods": "overlay|images/label_TH.png",
        "codes": "hera, pendant"
      },
      {
        "img": "images/pendant_courage.png",
        "img_mods": "overlay|images/label_TH.png",
        "codes": "hera, pendant, courage"
      }
    ]
  },
  {
    "name": "Dark Palace",
    "type": "progressive_toggle",
    "stages": [
      {
        "img": "images/sage_staff.png",
        "img_mods": "overlay|images/label_PD.png",
        "codes": "dark, sage"
      },
      {
        "img": "images/sage_osfala.png",
        "img_mods": "overlay|images/label_PD.png",
        "codes": "dark, sage, osfala"
      },
      {
        "img": "images/sage_gulley.png",
        "img_mods": "overlay|images/label_PD.png",
        "codes": "dark, sage, gulley"
      },
      {
        "img": "images/pendant.png",
        "img_mods": "overlay|images/label_PD.png",
        "codes": "dark, pendant"
      },
      {
        "img": "images/pendant_courage.png",
        "img_mods": "overlay|images/label_PD.png",
        "codes": "dark, pendant, courage"
      }
    ]
  },
  {
    "name": "Swamp Palace",
    "type": "progressive_toggle",
    "stages": [
      {
        "img": "images/sage_staff.png",
        "img_mods": "overlay|images/label_SP.png",
        "codes": "swamp, sage"
      },
      {
        "img": "images/sage_osfala.png",
        "img_mods": "overlay|images/label_SP.png",
        "codes": "swamp, sage, osfala"
      },
      {
        "img": "images/sage_gulley.png",
        "img_mods": "overlay|images/label_SP.png",
        "codes": "swamp, sage, gulley"
      },
      {
        "img": "images/pendant.png",
        "img_mods": "overlay|images/label_SP.png",
        "codes": "swamp, pendant"
      },
      {
        "img": "images/pendant_courage.png",
        "img_mods": "overlay|images/label_SP.png",
        "codes": "swamp, pendant, courage"
      }
    ]
  },
  {
    "name": "Skull Woods",
    "type": "progressive_toggle",
    "stages": [
      {
        "img": "images/sage_staff.png",
        "img_mods": "overlay|images/label_SW.png",
        "codes": "skull, sage"
      },
      {
        "img": "images/sage_osfala.png",
        "img_mods": "overlay|images/label_SW.png",
        "codes": "skull, sage, osfala"
      },
      {
        "img": "images/sage_gulley.png",
        "img_mods": "overlay|images/label_SW.png",
        "codes": "swamp, sage, gulley"
      },
      {
        "img": "images/pendant.png",
        "img_mods": "overlay|images/label_SW.png",
        "codes": "skull, pendant"
      },
      {
        "img": "images/pendant_courage.png",
        "img_mods": "overlay|images/label_SW.png",
        "codes": "skull, pendant, courage"
      }
    ]
  },
  {
    "name": "Thieves' Hideout",
    "type": "progressive_toggle",
    "stages": [
      {
        "img": "images/sage_staff.png",
        "img_mods": "overlay|images/label_T'H.png",
        "codes": "thieves, sage"
      },
      {
        "img": "images/sage_osfala.png",
        "img_mods": "overlay|images/label_T'H.png",
        "codes": "thieves, sage, osfala"
      },
      {
        "img": "images/sage_gulley.png",
        "img_mods": "overlay|images/label_T'H.png",
        "codes": "thieves, sage, gulley"
      },
      {
        "img": "images/pendant.png",
        "img_mods": "overlay|images/label_T'H.png",
        "codes": "thieves, pendant"
      },
      {
        "img": "images/pendant_courage.png",
        "img_mods": "overlay|images/label_T'H.png",
        "codes": "thieves, pendant, courage"
      }
    ]
  },
  {
    "name": "Turtle Rock",
    "type": "progressive_toggle",
    "stages": [
      {
        "img": "images/sage_staff.png",
        "img_mods": "overlay|images/label_TR.png",
        "codes": "turtle, sage"
      },
      {
        "img": "images/sage_osfala.png",
        "img_mods": "overlay|images/label_TR.png",
        "codes": "turtle, sage, osfala"
      },
      {
        "img": "images/sage_gulley.png",
        "img_mods": "overlay|images/label_TR.png",
        "codes": "turtle, sage, gulley"
      },
      {
        "img": "images/pendant.png",
        "img_mods": "overlay|images/label_TR.png",
        "codes": "turtle, pendant"
      },
      {
        "img": "images/pendant_courage.png",
        "img_mods": "overlay|images/label_TR.png",
        "codes": "turtle, pendant, courage"
      }
    ]
  },
  {
    "name": "Desert Palace",
    "type": "progressive_toggle",
    "stages": [
      {
        "img": "images/sage_staff.png",
        "img_mods": "overlay|images/label_DP.png",
        "codes": "desert, sage"
      },
      {
        "img": "images/sage_osfala.png",
        "img_mods": "overlay|images/label_DP.png",
        "codes": "desert, sage, osfala"
      },
      {
        "img": "images/sage_gulley.png",
        "img_mods": "overlay|images/label_DP.png",
        "codes": "desert, sage, gulley"
      },
      {
        "img": "images/pendant.png",
        "img_mods": "overlay|images/label_DP.png",
        "codes": "desert, pendant"
      },
      {
        "img": "images/pendant_courage.png",
        "img_mods": "overlay|images/label_DP.png",
        "codes": "desert, pendant, courage"
      }
    ]
  },
  {
    "name": "Ice Ruins",
    "type": "progressive_toggle",
    "stages": [
      {
        "img": "images/sage_staff.png",
        "img_mods": "overlay|images/label_IR.png",
        "codes": "ice, sage"
      },
      {
        "img": "images/sage_osfala.png",
        "img_mods": "overlay|images/label_IR.png",
        "codes": "ice, sage, osfala"
      },
      {
        "img": "images/sage_gulley.png",
        "img_mods": "overlay|images/label_IR.png",
        "codes": "ice, sage, gulley"
      },
      {
        "img": "images/pendant.png",
        "img_mods": "overlay|images/label_IR.png",
        "codes": "ice, pendant"
      },
      {
        "img": "images/pendant_courage.png",
        "img_mods": "overlay|images/label_IR.png",
        "codes": "ice, pendant, courage"
      }
    ]
  }
]