[
  {
    "name": "LC Required Portraits",
    "type": "consumable",
    "increment": -1,
    "initial_quantity": 7,
    "max_quantity": 7,
    "min_quantity": 0,
    "codes": "lc_requirement",
    "img": "images/lorule_castle.png",
    "img_mods": "overlay|images/sage_zelda_small.png",
    "disabled_img": "images/lorule_castle.png",
    "disabled_img_mods": ""
  },
  {
    "name": "Yuganon Required Portraits",
    "type": "consumable",
    "increment": -1,
    "initial_quantity": 7,
    "max_quantity": 7,
    "min_quantity": 0,
    "codes": "yuganon_requirement",
    "img": "images/yuganon.png",
    "img_mods": "overlay|images/sage_zelda_small.png",
    "disabled_img": "images/yuganon.png",
    "disabled_img_mods": ""
  },
  {
    "name": "Eastern Palace",
    "type": "progressive_toggle",
    "stages": [
      {
        "img": "images/sage_blank.png",
        "img_mods": "overlay|images/label_EP.png",
        "codes": "eastern"
      },
      {
        "img": "images/sage_gulley.png",
        "img_mods": "overlay|images/label_EP.png",
        "codes": "eastern, sage, gulley"
      },
      {
        "img": "images/sage_oren.png",
        "img_mods": "overlay|images/label_EP.png",
        "codes": "eastern, sage, oren"
      },
      {
        "img": "images/sage_seres.png",
        "img_mods": "overlay|images/label_EP.png",
        "codes": "eastern, sage, seres"
      },

      {
        "img": "images/sage_impa.png",
        "img_mods": "overlay|images/label_EP.png",
        "codes": "eastern, sage, impa"
      },
      {
        "img": "images/sage_irene.png",
        "img_mods": "overlay|images/label_EP.png",
        "codes": "eastern, sage, irene"
      },
      {
        "img": "images/sage_rosso.png",
        "img_mods": "overlay|images/label_EP.png",
        "codes": "eastern, sage, rosso"
      },
      {
        "img": "images/pendant_power.png",
        "img_mods": "overlay|images/label_EP.png",
        "codes": "eastern, pendant, power"
      },
      {
        "img": "images/pendant_wisdom.png",
        "img_mods": "overlay|images/label_EP.png",
        "codes": "eastern, pendant, wisdom"
      },
      {
        "img": "images/pendant_courage.png",
        "img_mods": "overlay|images/label_EP.png",
        "codes": "eastern, pendant, courage"
      }
    ]
  },
  {
    "name": "House of Gales",
    "type": "progressive_toggle",
    "stages": [
      {
        "img": "images/sage_blank.png",
        "img_mods": "overlay|images/label_HG.png",
        "codes": "gales"
      },
      {
        "img": "images/sage_gulley.png",
        "img_mods": "overlay|images/label_HG.png",
        "codes": "gales, sage, gulley"
      },
      {
        "img": "images/sage_oren.png",
        "img_mods": "overlay|images/label_HG.png",
        "codes": "gales, sage, oren"
      },
      {
        "img": "images/sage_seres.png",
        "img_mods": "overlay|images/label_HG.png",
        "codes": "gales, sage, seres"
      },
      {
        "img": "images/sage_osfala.png",
        "img_mods": "overlay|images/label_HG.png",
        "codes": "gales, sage, osfala"
      },
      {
        "img": "images/sage_impa.png",
        "img_mods": "overlay|images/label_HG.png",
        "codes": "gales, sage, impa"
      },
      {
        "img": "images/sage_irene.png",
        "img_mods": "overlay|images/label_HG.png",
        "codes": "gales, sage, irene"
      },
      {
        "img": "images/sage_rosso.png",
        "img_mods": "overlay|images/label_HG.png",
        "codes": "gales, sage, rosso"
      },
      {
        "img": "images/pendant_power.png",
        "img_mods": "overlay|images/label_HG.png",
        "codes": "gales, pendant, power"
      },
      {
        "img": "images/pendant_wisdom.png",
        "img_mods": "overlay|images/label_HG.png",
        "codes": "gales, pendant, wisdom"
      },
      {
        "img": "images/pendant_courage.png",
        "img_mods": "overlay|images/label_HG.png",
        "codes": "gales, pendant, courage"
      }
    ]
  },
  {
    "name": "Tower of Hera",
    "type": "progressive_toggle",
    "stages": [
      {
        "img": "images/sage_blank.png",
        "img_mods": "overlay|images/label_TH.png",
        "codes": "hera"
      },
      {
        "img": "images/sage_gulley.png",
        "img_mods": "overlay|images/label_TH.png",
        "codes": "hera, sage, gulley"
      },
      {
        "img": "images/sage_oren.png",
        "img_mods": "overlay|images/label_TH.png",
        "codes": "hera, sage, oren"
      },
      {
        "img": "images/sage_seres.png",
        "img_mods": "overlay|images/label_TH.png",
        "codes": "hera, sage, seres"
      },
      {
        "img": "images/sage_osfala.png",
        "img_mods": "overlay|images/label_TH.png",
        "codes": "hera, sage, osfala"
      },
      {
        "img": "images/sage_impa.png",
        "img_mods": "overlay|images/label_TH.png",
        "codes": "hera, sage, impa"
      },
      {
        "img": "images/sage_irene.png",
        "img_mods": "overlay|images/label_TH.png",
        "codes": "hera, sage, irene"
      },
      {
        "img": "images/sage_rosso.png",
        "img_mods": "overlay|images/label_TH.png",
        "codes": "hera, sage, rosso"
      },
      {
        "img": "images/pendant_power.png",
        "img_mods": "overlay|images/label_TH.png",
        "codes": "hera, pendant, power"
      },
      {
        "img": "images/pendant_wisdom.png",
        "img_mods": "overlay|images/label_TH.png",
        "codes": "hera, pendant, wisdom"
      },
      {
        "img": "images/pendant_courage.png",
        "img_mods": "overlay|images/label_TH.png",
        "codes": "hera, pendant, courage"
      }
    ]
  },
  {
    "name": "Dark Palace",
    "type": "progressive_toggle",
    "stages": [
      {
        "img": "images/sage_blank.png",
        "img_mods": "overlay|images/label_PD.png",
        "codes": "dark"
      },
      {
        "img": "images/sage_gulley.png",
        "img_mods": "overlay|images/label_PD.png",
        "codes": "dark, sage, gulley"
      },
      {
        "img": "images/sage_oren.png",
        "img_mods": "overlay|images/label_PD.png",
        "codes": "dark, sage, oren"
      },
      {
        "img": "images/sage_seres.png",
        "img_mods": "overlay|images/label_PD.png",
        "codes": "dark, sage, seres"
      },
      {
        "img": "images/sage_osfala.png",
        "img_mods": "overlay|images/label_PD.png",
        "codes": "dark, sage, osfala"
      },
      {
        "img": "images/sage_impa.png",
        "img_mods": "overlay|images/label_PD.png",
        "codes": "dark, sage, impa"
      },
      {
        "img": "images/sage_irene.png",
        "img_mods": "overlay|images/label_PD.png",
        "codes": "dark, sage, irene"
      },
      {
        "img": "images/sage_rosso.png",
        "img_mods": "overlay|images/label_PD.png",
        "codes": "dark, sage, rosso"
      },
      {
        "img": "images/pendant_power.png",
        "img_mods": "overlay|images/label_PD.png",
        "codes": "dark, pendant, power"
      },
      {
        "img": "images/pendant_wisdom.png",
        "img_mods": "overlay|images/label_PD.png",
        "codes": "dark, pendant, wisdom"
      },
      {
        "img": "images/pendant_courage.png",
        "img_mods": "overlay|images/label_PD.png",
        "codes": "dark, pendant, courage"
      }
    ]
  },
  {
    "name": "Swamp Palace",
    "type": "progressive_toggle",
    "stages": [
      {
        "img": "images/sage_blank.png",
        "img_mods": "overlay|images/label_SP.png",
        "codes": "swamp"
      },
      {
        "img": "images/sage_gulley.png",
        "img_mods": "overlay|images/label_SP.png",
        "codes": "swamp, sage, gulley"
      },
      {
        "img": "images/sage_oren.png",
        "img_mods": "overlay|images/label_SP.png",
        "codes": "swamp, sage, oren"
      },
      {
        "img": "images/sage_seres.png",
        "img_mods": "overlay|images/label_SP.png",
        "codes": "swamp, sage, seres"
      },
      {
        "img": "images/sage_osfala.png",
        "img_mods": "overlay|images/label_SP.png",
        "codes": "swamp, sage, osfala"
      },
      {
        "img": "images/sage_impa.png",
        "img_mods": "overlay|images/label_SP.png",
        "codes": "swamp, sage, impa"
      },
      {
        "img": "images/sage_irene.png",
        "img_mods": "overlay|images/label_SP.png",
        "codes": "swamp, sage, irene"
      },
      {
        "img": "images/sage_rosso.png",
        "img_mods": "overlay|images/label_SP.png",
        "codes": "swamp, sage, rosso"
      },
      {
        "img": "images/pendant_power.png",
        "img_mods": "overlay|images/label_SP.png",
        "codes": "swamp, pendant, power"
      },
      {
        "img": "images/pendant_wisdom.png",
        "img_mods": "overlay|images/label_SP.png",
        "codes": "swamp, pendant, wisdom"
      },
      {
        "img": "images/pendant_courage.png",
        "img_mods": "overlay|images/label_SP.png",
        "codes": "swamp, pendant, courage"
      }
    ]
  },
  {
    "name": "Skull Woods",
    "type": "progressive_toggle",
    "stages": [
      {
        "img": "images/sage_blank.png",
        "img_mods": "overlay|images/label_SW.png",
        "codes": "skull"
      },
      {
        "img": "images/sage_gulley.png",
        "img_mods": "overlay|images/label_SW.png",
        "codes": "skull, sage, gulley"
      },
      {
        "img": "images/sage_oren.png",
        "img_mods": "overlay|images/label_SW.png",
        "codes": "skull, sage, oren"
      },
      {
        "img": "images/sage_seres.png",
        "img_mods": "overlay|images/label_SW.png",
        "codes": "skull, sage, seres"
      },
      {
        "img": "images/sage_osfala.png",
        "img_mods": "overlay|images/label_SW.png",
        "codes": "skull, sage, osfala"
      },
      {
        "img": "images/sage_impa.png",
        "img_mods": "overlay|images/label_SW.png",
        "codes": "skull, sage, impa"
      },
      {
        "img": "images/sage_irene.png",
        "img_mods": "overlay|images/label_SW.png",
        "codes": "skull, sage, irene"
      },
      {
        "img": "images/sage_rosso.png",
        "img_mods": "overlay|images/label_SW.png",
        "codes": "skull, sage, rosso"
      },
      {
        "img": "images/pendant_power.png",
        "img_mods": "overlay|images/label_SW.png",
        "codes": "skull, pendant, power"
      },
      {
        "img": "images/pendant_wisdom.png",
        "img_mods": "overlay|images/label_SW.png",
        "codes": "skull, pendant, wisdom"
      },
      {
        "img": "images/pendant_courage.png",
        "img_mods": "overlay|images/label_SW.png",
        "codes": "skull, pendant, courage"
      }
    ]
  },
  {
    "name": "Thieves' Hideout",
    "type": "progressive_toggle",
    "stages": [
      {
        "img": "images/sage_blank.png",
        "img_mods": "overlay|images/label_T'H.png",
        "codes": "thieves"
      },
      {
        "img": "images/sage_gulley.png",
        "img_mods": "overlay|images/label_T'H.png",
        "codes": "thieves, sage, gulley"
      },
      {
        "img": "images/sage_oren.png",
        "img_mods": "overlay|images/label_T'H.png",
        "codes": "thieves, sage, oren"
      },
      {
        "img": "images/sage_seres.png",
        "img_mods": "overlay|images/label_T'H.png",
        "codes": "thieves, sage, seres"
      },
      {
        "img": "images/sage_osfala.png",
        "img_mods": "overlay|images/label_T'H.png",
        "codes": "thieves, sage, osfala"
      },
      {
        "img": "images/sage_impa.png",
        "img_mods": "overlay|images/label_T'H.png",
        "codes": "thieves, sage, impa"
      },
      {
        "img": "images/sage_irene.png",
        "img_mods": "overlay|images/label_T'H.png",
        "codes": "thieves, sage, irene"
      },
      {
        "img": "images/sage_rosso.png",
        "img_mods": "overlay|images/label_T'H.png",
        "codes": "thieves, sage, rosso"
      },
      {
        "img": "images/pendant_power.png",
        "img_mods": "overlay|images/label_T'H.png",
        "codes": "thieves, pendant, power"
      },
      {
        "img": "images/pendant_wisdom.png",
        "img_mods": "overlay|images/label_T'H.png",
        "codes": "thieves, pendant, wisdom"
      },
      {
        "img": "images/pendant_courage.png",
        "img_mods": "overlay|images/label_T'H.png",
        "codes": "thieves, pendant, courage"
      }
    ]
  },
  {
    "name": "Turtle Rock",
    "type": "progressive_toggle",
    "stages": [
      {
        "img": "images/sage_blank.png",
        "img_mods": "overlay|images/label_TR.png",
        "codes": "turtle"
      },
      {
        "img": "images/sage_gulley.png",
        "img_mods": "overlay|images/label_TR.png",
        "codes": "turtle, sage, gulley"
      },
      {
        "img": "images/sage_oren.png",
        "img_mods": "overlay|images/label_TR.png",
        "codes": "turtle, sage, oren"
      },
      {
        "img": "images/sage_seres.png",
        "img_mods": "overlay|images/label_TR.png",
        "codes": "turtle, sage, seres"
      },
      {
        "img": "images/sage_osfala.png",
        "img_mods": "overlay|images/label_TR.png",
        "codes": "turtle, sage, osfala"
      },
      {
        "img": "images/sage_impa.png",
        "img_mods": "overlay|images/label_TR.png",
        "codes": "turtle, sage, impa"
      },
      {
        "img": "images/sage_irene.png",
        "img_mods": "overlay|images/label_TR.png",
        "codes": "turtle, sage, irene"
      },
      {
        "img": "images/sage_rosso.png",
        "img_mods": "overlay|images/label_TR.png",
        "codes": "turtle, sage, rosso"
      },
      {
        "img": "images/pendant_power.png",
        "img_mods": "overlay|images/label_TR.png",
        "codes": "turtle, pendant, power"
      },
      {
        "img": "images/pendant_wisdom.png",
        "img_mods": "overlay|images/label_TR.png",
        "codes": "turtle, pendant, wisdom"
      },
      {
        "img": "images/pendant_courage.png",
        "img_mods": "overlay|images/label_TR.png",
        "codes": "turtle, pendant, courage"
      }
    ]
  },
  {
    "name": "Desert Palace",
    "type": "progressive_toggle",
    "stages": [
      {
        "img": "images/sage_blank.png",
        "img_mods": "overlay|images/label_DP.png",
        "codes": "desert"
      },
      {
        "img": "images/sage_gulley.png",
        "img_mods": "overlay|images/label_DP.png",
        "codes": "desert, sage, gulley"
      },
      {
        "img": "images/sage_oren.png",
        "img_mods": "overlay|images/label_DP.png",
        "codes": "desert, sage, oren"
      },
      {
        "img": "images/sage_seres.png",
        "img_mods": "overlay|images/label_DP.png",
        "codes": "desert, sage, seres"
      },
      {
        "img": "images/sage_osfala.png",
        "img_mods": "overlay|images/label_DP.png",
        "codes": "desert, sage, osfala"
      },
      {
        "img": "images/sage_impa.png",
        "img_mods": "overlay|images/label_DP.png",
        "codes": "desert, sage, impa"
      },
      {
        "img": "images/sage_irene.png",
        "img_mods": "overlay|images/label_DP.png",
        "codes": "desert, sage, irene"
      },
      {
        "img": "images/sage_rosso.png",
        "img_mods": "overlay|images/label_DP.png",
        "codes": "desert, sage, rosso"
      },
      {
        "img": "images/pendant_power.png",
        "img_mods": "overlay|images/label_DP.png",
        "codes": "desert, pendant, power"
      },
      {
        "img": "images/pendant_wisdom.png",
        "img_mods": "overlay|images/label_DP.png",
        "codes": "desert, pendant, wisdom"
      },
      {
        "img": "images/pendant_courage.png",
        "img_mods": "overlay|images/label_DP.png",
        "codes": "desert, pendant, courage"
      }
    ]
  },
  {
    "name": "Ice Ruins",
    "type": "progressive_toggle",
    "stages": [
      {
        "img": "images/sage_blank.png",
        "img_mods": "overlay|images/label_IR.png",
        "codes": "ice"
      },
      {
        "img": "images/sage_gulley.png",
        "img_mods": "overlay|images/label_IR.png",
        "codes": "ice, sage, gulley"
      },
      {
        "img": "images/sage_oren.png",
        "img_mods": "overlay|images/label_IR.png",
        "codes": "ice, sage, oren"
      },
      {
        "img": "images/sage_seres.png",
        "img_mods": "overlay|images/label_IR.png",
        "codes": "ice, sage, seres"
      },
      {
        "img": "images/sage_osfala.png",
        "img_mods": "overlay|images/label_IR.png",
        "codes": "ice, sage, osfala"
      },
      {
        "img": "images/sage_impa.png",
        "img_mods": "overlay|images/label_IR.png",
        "codes": "ice, sage, impa"
      },
      {
        "img": "images/sage_irene.png",
        "img_mods": "overlay|images/label_IR.png",
        "codes": "ice, sage, irene"
      },
      {
        "img": "images/sage_rosso.png",
        "img_mods": "overlay|images/label_IR.png",
        "codes": "ice, sage, rosso"
      },
      {
        "img": "images/pendant_power.png",
        "img_mods": "overlay|images/label_IR.png",
        "codes": "ice, pendant, power"
      },
      {
        "img": "images/pendant_wisdom.png",
        "img_mods": "overlay|images/label_IR.png",
        "codes": "ice, pendant, wisdom"
      },
      {
        "img": "images/pendant_courage.png",
        "img_mods": "overlay|images/label_IR.png",
        "codes": "ice, pendant, courage"
      }
    ]
  }
]