[

  {
    "name": "Eastern Palace",
    "type": "progressive_toggle",
    "stages": [
      {
        "img": "images/prizes/unknown.png",
        "img_mods": "overlay|images/labels/EP.png",
        "codes": "eastern"
      },
      {
        "img": "images/prizes/sage_gulley.png",
        "img_mods": "overlay|images/labels/EP.png",
        "codes": "eastern, sage, gulley"
      },
      {
        "img": "images/prizes/sage_oren.png",
        "img_mods": "overlay|images/labels/EP.png",
        "codes": "eastern, sage, oren"
      },
      {
        "img": "images/prizes/sage_seres.png",
        "img_mods": "overlay|images/labels/EP.png",
        "codes": "eastern, sage, seres"
      },
      {
        "img": "images/prizes/sage_osfala.png",
        "img_mods": "overlay|images/labels/EP.png",
        "codes": "eastern, sage, osfala"
      },
      {
        "img": "images/prizes/sage_impa.png",
        "img_mods": "overlay|images/labels/EP.png",
        "codes": "eastern, sage, impa"
      },
      {
        "img": "images/prizes/sage_irene.png",
        "img_mods": "overlay|images/labels/EP.png",
        "codes": "eastern, sage, irene"
      },
      {
        "img": "images/prizes/sage_rosso.png",
        "img_mods": "overlay|images/labels/EP.png",
        "codes": "eastern, sage, rosso"
      },
      {
        "img": "images/prizes/pendant_power.png",
        "img_mods": "overlay|images/labels/EP.png",
        "codes": "eastern, pendant, power"
      },
      {
        "img": "images/prizes/pendant_wisdom.png",
        "img_mods": "overlay|images/labels/EP.png",
        "codes": "eastern, pendant, wisdom"
      },
      {
        "img": "images/prizes/pendant_courage.png",
        "img_mods": "overlay|images/labels/EP.png",
        "codes": "eastern, pendant, courage"
      }
    ]
  },
  {
    "name": "House of Gales",
    "type": "progressive_toggle",
    "stages": [
      {
        "img": "images/prizes/unknown.png",
        "img_mods": "overlay|images/labels/HG.png",
        "codes": "gales"
      },
      {
        "img": "images/prizes/sage_gulley.png",
        "img_mods": "overlay|images/labels/HG.png",
        "codes": "gales, sage, gulley"
      },
      {
        "img": "images/prizes/sage_oren.png",
        "img_mods": "overlay|images/labels/HG.png",
        "codes": "gales, sage, oren"
      },
      {
        "img": "images/prizes/sage_seres.png",
        "img_mods": "overlay|images/labels/HG.png",
        "codes": "gales, sage, seres"
      },
      {
        "img": "images/prizes/sage_osfala.png",
        "img_mods": "overlay|images/labels/HG.png",
        "codes": "gales, sage, osfala"
      },
      {
        "img": "images/prizes/sage_impa.png",
        "img_mods": "overlay|images/labels/HG.png",
        "codes": "gales, sage, impa"
      },
      {
        "img": "images/prizes/sage_irene.png",
        "img_mods": "overlay|images/labels/HG.png",
        "codes": "gales, sage, irene"
      },
      {
        "img": "images/prizes/sage_rosso.png",
        "img_mods": "overlay|images/labels/HG.png",
        "codes": "gales, sage, rosso"
      },
      {
        "img": "images/prizes/pendant_power.png",
        "img_mods": "overlay|images/labels/HG.png",
        "codes": "gales, pendant, power"
      },
      {
        "img": "images/prizes/pendant_wisdom.png",
        "img_mods": "overlay|images/labels/HG.png",
        "codes": "gales, pendant, wisdom"
      },
      {
        "img": "images/prizes/pendant_courage.png",
        "img_mods": "overlay|images/labels/HG.png",
        "codes": "gales, pendant, courage"
      }
    ]
  },
  {
    "name": "Tower of Hera",
    "type": "progressive_toggle",
    "stages": [
      {
        "img": "images/prizes/unknown.png",
        "img_mods": "overlay|images/labels/TH.png",
        "codes": "hera"
      },
      {
        "img": "images/prizes/sage_gulley.png",
        "img_mods": "overlay|images/labels/TH.png",
        "codes": "hera, sage, gulley"
      },
      {
        "img": "images/prizes/sage_oren.png",
        "img_mods": "overlay|images/labels/TH.png",
        "codes": "hera, sage, oren"
      },
      {
        "img": "images/prizes/sage_seres.png",
        "img_mods": "overlay|images/labels/TH.png",
        "codes": "hera, sage, seres"
      },
      {
        "img": "images/prizes/sage_osfala.png",
        "img_mods": "overlay|images/labels/TH.png",
        "codes": "hera, sage, osfala"
      },
      {
        "img": "images/prizes/sage_impa.png",
        "img_mods": "overlay|images/labels/TH.png",
        "codes": "hera, sage, impa"
      },
      {
        "img": "images/prizes/sage_irene.png",
        "img_mods": "overlay|images/labels/TH.png",
        "codes": "hera, sage, irene"
      },
      {
        "img": "images/prizes/sage_rosso.png",
        "img_mods": "overlay|images/labels/TH.png",
        "codes": "hera, sage, rosso"
      },
      {
        "img": "images/prizes/pendant_power.png",
        "img_mods": "overlay|images/labels/TH.png",
        "codes": "hera, pendant, power"
      },
      {
        "img": "images/prizes/pendant_wisdom.png",
        "img_mods": "overlay|images/labels/TH.png",
        "codes": "hera, pendant, wisdom"
      },
      {
        "img": "images/prizes/pendant_courage.png",
        "img_mods": "overlay|images/labels/TH.png",
        "codes": "hera, pendant, courage"
      }
    ]
  },

  {
    "name": "Hyrule Castle",
    "type": "progressive_toggle",
    "stages": [
      {
        "img": "images/prizes/unknown.png",
        "img_mods": "overlay|images/labels/HC.png",
        "codes": "hyrule_castle"
      },
      {
        "img": "images/prizes/sage_gulley.png",
        "img_mods": "overlay|images/labels/HC.png",
        "codes": "hyrule_castle, sage, gulley"
      },
      {
        "img": "images/prizes/sage_oren.png",
        "img_mods": "overlay|images/labels/HC.png",
        "codes": "hyrule_castle, sage, oren"
      },
      {
        "img": "images/prizes/sage_seres.png",
        "img_mods": "overlay|images/labels/HC.png",
        "codes": "hyrule_castle, sage, seres"
      },
      {
        "img": "images/prizes/sage_osfala.png",
        "img_mods": "overlay|images/labels/HC.png",
        "codes": "hyrule_castle, sage, osfala"
      },
      {
        "img": "images/prizes/sage_impa.png",
        "img_mods": "overlay|images/labels/HC.png",
        "codes": "hyrule_castle, sage, impa"
      },
      {
        "img": "images/prizes/sage_irene.png",
        "img_mods": "overlay|images/labels/HC.png",
        "codes": "hyrule_castle, sage, irene"
      },
      {
        "img": "images/prizes/sage_rosso.png",
        "img_mods": "overlay|images/labels/HC.png",
        "codes": "hyrule_castle, sage, rosso"
      },
      {
        "img": "images/prizes/pendant_power.png",
        "img_mods": "overlay|images/labels/HC.png",
        "codes": "hyrule_castle, pendant, power"
      },
      {
        "img": "images/prizes/pendant_wisdom.png",
        "img_mods": "overlay|images/labels/HC.png",
        "codes": "hyrule_castle, pendant, wisdom"
      },
      {
        "img": "images/prizes/pendant_courage.png",
        "img_mods": "overlay|images/labels/HC.png",
        "codes": "hyrule_castle, pendant, courage"
      }
    ]
  },

  {
    "name": "Dark Palace",
    "type": "progressive_toggle",
    "stages": [
      {
        "img": "images/prizes/unknown.png",
        "img_mods": "overlay|images/labels/PD.png",
        "codes": "dark"
      },
      {
        "img": "images/prizes/sage_gulley.png",
        "img_mods": "overlay|images/labels/PD.png",
        "codes": "dark, sage, gulley"
      },
      {
        "img": "images/prizes/sage_oren.png",
        "img_mods": "overlay|images/labels/PD.png",
        "codes": "dark, sage, oren"
      },
      {
        "img": "images/prizes/sage_seres.png",
        "img_mods": "overlay|images/labels/PD.png",
        "codes": "dark, sage, seres"
      },
      {
        "img": "images/prizes/sage_osfala.png",
        "img_mods": "overlay|images/labels/PD.png",
        "codes": "dark, sage, osfala"
      },
      {
        "img": "images/prizes/sage_impa.png",
        "img_mods": "overlay|images/labels/PD.png",
        "codes": "dark, sage, impa"
      },
      {
        "img": "images/prizes/sage_irene.png",
        "img_mods": "overlay|images/labels/PD.png",
        "codes": "dark, sage, irene"
      },
      {
        "img": "images/prizes/sage_rosso.png",
        "img_mods": "overlay|images/labels/PD.png",
        "codes": "dark, sage, rosso"
      },
      {
        "img": "images/prizes/pendant_power.png",
        "img_mods": "overlay|images/labels/PD.png",
        "codes": "dark, pendant, power"
      },
      {
        "img": "images/prizes/pendant_wisdom.png",
        "img_mods": "overlay|images/labels/PD.png",
        "codes": "dark, pendant, wisdom"
      },
      {
        "img": "images/prizes/pendant_courage.png",
        "img_mods": "overlay|images/labels/PD.png",
        "codes": "dark, pendant, courage"
      }
    ]
  },
  {
    "name": "Swamp Palace",
    "type": "progressive_toggle",
    "stages": [
      {
        "img": "images/prizes/unknown.png",
        "img_mods": "overlay|images/labels/SP.png",
        "codes": "swamp"
      },
      {
        "img": "images/prizes/sage_gulley.png",
        "img_mods": "overlay|images/labels/SP.png",
        "codes": "swamp, sage, gulley"
      },
      {
        "img": "images/prizes/sage_oren.png",
        "img_mods": "overlay|images/labels/SP.png",
        "codes": "swamp, sage, oren"
      },
      {
        "img": "images/prizes/sage_seres.png",
        "img_mods": "overlay|images/labels/SP.png",
        "codes": "swamp, sage, seres"
      },
      {
        "img": "images/prizes/sage_osfala.png",
        "img_mods": "overlay|images/labels/SP.png",
        "codes": "swamp, sage, osfala"
      },
      {
        "img": "images/prizes/sage_impa.png",
        "img_mods": "overlay|images/labels/SP.png",
        "codes": "swamp, sage, impa"
      },
      {
        "img": "images/prizes/sage_irene.png",
        "img_mods": "overlay|images/labels/SP.png",
        "codes": "swamp, sage, irene"
      },
      {
        "img": "images/prizes/sage_rosso.png",
        "img_mods": "overlay|images/labels/SP.png",
        "codes": "swamp, sage, rosso"
      },
      {
        "img": "images/prizes/pendant_power.png",
        "img_mods": "overlay|images/labels/SP.png",
        "codes": "swamp, pendant, power"
      },
      {
        "img": "images/prizes/pendant_wisdom.png",
        "img_mods": "overlay|images/labels/SP.png",
        "codes": "swamp, pendant, wisdom"
      },
      {
        "img": "images/prizes/pendant_courage.png",
        "img_mods": "overlay|images/labels/SP.png",
        "codes": "swamp, pendant, courage"
      }
    ]
  },
  {
    "name": "Skull Woods",
    "type": "progressive_toggle",
    "stages": [
      {
        "img": "images/prizes/unknown.png",
        "img_mods": "overlay|images/labels/SW.png",
        "codes": "skull"
      },
      {
        "img": "images/prizes/sage_gulley.png",
        "img_mods": "overlay|images/labels/SW.png",
        "codes": "skull, sage, gulley"
      },
      {
        "img": "images/prizes/sage_oren.png",
        "img_mods": "overlay|images/labels/SW.png",
        "codes": "skull, sage, oren"
      },
      {
        "img": "images/prizes/sage_seres.png",
        "img_mods": "overlay|images/labels/SW.png",
        "codes": "skull, sage, seres"
      },
      {
        "img": "images/prizes/sage_osfala.png",
        "img_mods": "overlay|images/labels/SW.png",
        "codes": "skull, sage, osfala"
      },
      {
        "img": "images/prizes/sage_impa.png",
        "img_mods": "overlay|images/labels/SW.png",
        "codes": "skull, sage, impa"
      },
      {
        "img": "images/prizes/sage_irene.png",
        "img_mods": "overlay|images/labels/SW.png",
        "codes": "skull, sage, irene"
      },
      {
        "img": "images/prizes/sage_rosso.png",
        "img_mods": "overlay|images/labels/SW.png",
        "codes": "skull, sage, rosso"
      },
      {
        "img": "images/prizes/pendant_power.png",
        "img_mods": "overlay|images/labels/SW.png",
        "codes": "skull, pendant, power"
      },
      {
        "img": "images/prizes/pendant_wisdom.png",
        "img_mods": "overlay|images/labels/SW.png",
        "codes": "skull, pendant, wisdom"
      },
      {
        "img": "images/prizes/pendant_courage.png",
        "img_mods": "overlay|images/labels/SW.png",
        "codes": "skull, pendant, courage"
      }
    ]
  },
  {
    "name": "Thieves' Hideout",
    "type": "progressive_toggle",
    "stages": [
      {
        "img": "images/prizes/unknown.png",
        "img_mods": "overlay|images/labels/T'H.png",
        "codes": "thieves"
      },
      {
        "img": "images/prizes/sage_gulley.png",
        "img_mods": "overlay|images/labels/T'H.png",
        "codes": "thieves, sage, gulley"
      },
      {
        "img": "images/prizes/sage_oren.png",
        "img_mods": "overlay|images/labels/T'H.png",
        "codes": "thieves, sage, oren"
      },
      {
        "img": "images/prizes/sage_seres.png",
        "img_mods": "overlay|images/labels/T'H.png",
        "codes": "thieves, sage, seres"
      },
      {
        "img": "images/prizes/sage_osfala.png",
        "img_mods": "overlay|images/labels/T'H.png",
        "codes": "thieves, sage, osfala"
      },
      {
        "img": "images/prizes/sage_impa.png",
        "img_mods": "overlay|images/labels/T'H.png",
        "codes": "thieves, sage, impa"
      },
      {
        "img": "images/prizes/sage_irene.png",
        "img_mods": "overlay|images/labels/T'H.png",
        "codes": "thieves, sage, irene"
      },
      {
        "img": "images/prizes/sage_rosso.png",
        "img_mods": "overlay|images/labels/T'H.png",
        "codes": "thieves, sage, rosso"
      },
      {
        "img": "images/prizes/pendant_power.png",
        "img_mods": "overlay|images/labels/T'H.png",
        "codes": "thieves, pendant, power"
      },
      {
        "img": "images/prizes/pendant_wisdom.png",
        "img_mods": "overlay|images/labels/T'H.png",
        "codes": "thieves, pendant, wisdom"
      },
      {
        "img": "images/prizes/pendant_courage.png",
        "img_mods": "overlay|images/labels/T'H.png",
        "codes": "thieves, pendant, courage"
      }
    ]
  },
  {
    "name": "Turtle Rock",
    "type": "progressive_toggle",
    "stages": [
      {
        "img": "images/prizes/unknown.png",
        "img_mods": "overlay|images/labels/TR.png",
        "codes": "turtle"
      },
      {
        "img": "images/prizes/sage_gulley.png",
        "img_mods": "overlay|images/labels/TR.png",
        "codes": "turtle, sage, gulley"
      },
      {
        "img": "images/prizes/sage_oren.png",
        "img_mods": "overlay|images/labels/TR.png",
        "codes": "turtle, sage, oren"
      },
      {
        "img": "images/prizes/sage_seres.png",
        "img_mods": "overlay|images/labels/TR.png",
        "codes": "turtle, sage, seres"
      },
      {
        "img": "images/prizes/sage_osfala.png",
        "img_mods": "overlay|images/labels/TR.png",
        "codes": "turtle, sage, osfala"
      },
      {
        "img": "images/prizes/sage_impa.png",
        "img_mods": "overlay|images/labels/TR.png",
        "codes": "turtle, sage, impa"
      },
      {
        "img": "images/prizes/sage_irene.png",
        "img_mods": "overlay|images/labels/TR.png",
        "codes": "turtle, sage, irene"
      },
      {
        "img": "images/prizes/sage_rosso.png",
        "img_mods": "overlay|images/labels/TR.png",
        "codes": "turtle, sage, rosso"
      },
      {
        "img": "images/prizes/pendant_power.png",
        "img_mods": "overlay|images/labels/TR.png",
        "codes": "turtle, pendant, power"
      },
      {
        "img": "images/prizes/pendant_wisdom.png",
        "img_mods": "overlay|images/labels/TR.png",
        "codes": "turtle, pendant, wisdom"
      },
      {
        "img": "images/prizes/pendant_courage.png",
        "img_mods": "overlay|images/labels/TR.png",
        "codes": "turtle, pendant, courage"
      }
    ]
  },
  {
    "name": "Desert Palace",
    "type": "progressive_toggle",
    "stages": [
      {
        "img": "images/prizes/unknown.png",
        "img_mods": "overlay|images/labels/DP.png",
        "codes": "desert"
      },
      {
        "img": "images/prizes/sage_gulley.png",
        "img_mods": "overlay|images/labels/DP.png",
        "codes": "desert, sage, gulley"
      },
      {
        "img": "images/prizes/sage_oren.png",
        "img_mods": "overlay|images/labels/DP.png",
        "codes": "desert, sage, oren"
      },
      {
        "img": "images/prizes/sage_seres.png",
        "img_mods": "overlay|images/labels/DP.png",
        "codes": "desert, sage, seres"
      },
      {
        "img": "images/prizes/sage_osfala.png",
        "img_mods": "overlay|images/labels/DP.png",
        "codes": "desert, sage, osfala"
      },
      {
        "img": "images/prizes/sage_impa.png",
        "img_mods": "overlay|images/labels/DP.png",
        "codes": "desert, sage, impa"
      },
      {
        "img": "images/prizes/sage_irene.png",
        "img_mods": "overlay|images/labels/DP.png",
        "codes": "desert, sage, irene"
      },
      {
        "img": "images/prizes/sage_rosso.png",
        "img_mods": "overlay|images/labels/DP.png",
        "codes": "desert, sage, rosso"
      },
      {
        "img": "images/prizes/pendant_power.png",
        "img_mods": "overlay|images/labels/DP.png",
        "codes": "desert, pendant, power"
      },
      {
        "img": "images/prizes/pendant_wisdom.png",
        "img_mods": "overlay|images/labels/DP.png",
        "codes": "desert, pendant, wisdom"
      },
      {
        "img": "images/prizes/pendant_courage.png",
        "img_mods": "overlay|images/labels/DP.png",
        "codes": "desert, pendant, courage"
      }
    ]
  },
  {
    "name": "Ice Ruins",
    "type": "progressive_toggle",
    "stages": [
      {
        "img": "images/prizes/unknown.png",
        "img_mods": "overlay|images/labels/IR.png",
        "codes": "ice"
      },
      {
        "img": "images/prizes/sage_gulley.png",
        "img_mods": "overlay|images/labels/IR.png",
        "codes": "ice, sage, gulley"
      },
      {
        "img": "images/prizes/sage_oren.png",
        "img_mods": "overlay|images/labels/IR.png",
        "codes": "ice, sage, oren"
      },
      {
        "img": "images/prizes/sage_seres.png",
        "img_mods": "overlay|images/labels/IR.png",
        "codes": "ice, sage, seres"
      },
      {
        "img": "images/prizes/sage_osfala.png",
        "img_mods": "overlay|images/labels/IR.png",
        "codes": "ice, sage, osfala"
      },
      {
        "img": "images/prizes/sage_impa.png",
        "img_mods": "overlay|images/labels/IR.png",
        "codes": "ice, sage, impa"
      },
      {
        "img": "images/prizes/sage_irene.png",
        "img_mods": "overlay|images/labels/IR.png",
        "codes": "ice, sage, irene"
      },
      {
        "img": "images/prizes/sage_rosso.png",
        "img_mods": "overlay|images/labels/IR.png",
        "codes": "ice, sage, rosso"
      },
      {
        "img": "images/prizes/pendant_power.png",
        "img_mods": "overlay|images/labels/IR.png",
        "codes": "ice, pendant, power"
      },
      {
        "img": "images/prizes/pendant_wisdom.png",
        "img_mods": "overlay|images/labels/IR.png",
        "codes": "ice, pendant, wisdom"
      },
      {
        "img": "images/prizes/pendant_courage.png",
        "img_mods": "overlay|images/labels/IR.png",
        "codes": "ice, pendant, courage"
      }
    ]
  }
]