[
  {
    "name": "Eastern Palace",
    "type": "progressive_toggle",
    "stages": [
      {
        "img": "images/prizes/unknown.png",
        "img_mods": "overlay|images/labels/EP.png",
        "codes": "eastern"
      },
      {
        "img": "images/prizes/sage_hilda.png",
        "img_mods": "overlay|images/labels/EP.png",
        "codes": "eastern, sage"
      },
      {
        "img": "images/prizes/sage_osfala.png",
        "img_mods": "overlay|images/labels/EP.png",
        "codes": "eastern, sage, osfala"
      },
      {
        "img": "images/prizes/sage_gulley.png",
        "img_mods": "overlay|images/labels/EP.png",
        "codes": "eastern, sage, gulley"
      },
      {
        "img": "images/pendant.png",
        "img_mods": "overlay|images/labels/EP.png",
        "codes": "eastern, pendant"
      },
      {
        "img": "images/prizes/pendant_courage.png",
        "img_mods": "overlay|images/labels/EP.png",
        "codes": "eastern, pendant, courage"
      }
    ]
  },
  {
    "name": "House of Gales",
    "type": "progressive_toggle",
    "stages": [
      {
        "img": "images/prizes/unknown.png",
        "img_mods": "overlay|images/labels/HG.png",
        "codes": "gales"
      },
      {
        "img": "images/prizes/sage_hilda.png",
        "img_mods": "overlay|images/labels/HG.png",
        "codes": "gales, sage"
      },
      {
        "img": "images/prizes/sage_osfala.png",
        "img_mods": "overlay|images/labels/HG.png",
        "codes": "gales, sage, osfala"
      },
      {
        "img": "images/prizes/sage_gulley.png",
        "img_mods": "overlay|images/labels/HG.png",
        "codes": "gales, sage, gulley"
      },
      {
        "img": "images/pendant.png",
        "img_mods": "overlay|images/labels/HG.png",
        "codes": "gales, pendant"
      },
      {
        "img": "images/prizes/pendant_courage.png",
        "img_mods": "overlay|images/labels/HG.png",
        "codes": "gales, pendant, courage"
      }
    ]
  },
  {
    "name": "Tower of Hera",
    "type": "progressive_toggle",
    "stages": [
      {
        "img": "images/prizes/unknown.png",
        "img_mods": "overlay|images/labels/TH.png",
        "codes": "hera"
      },
      {
        "img": "images/prizes/sage_hilda.png",
        "img_mods": "overlay|images/labels/TH.png",
        "codes": "hera, sage"
      },
      {
        "img": "images/prizes/sage_osfala.png",
        "img_mods": "overlay|images/labels/TH.png",
        "codes": "hera, sage, osfala"
      },
      {
        "img": "images/prizes/sage_gulley.png",
        "img_mods": "overlay|images/labels/TH.png",
        "codes": "hera, sage, gulley"
      },
      {
        "img": "images/pendant.png",
        "img_mods": "overlay|images/labels/TH.png",
        "codes": "hera, pendant"
      },
      {
        "img": "images/prizes/pendant_courage.png",
        "img_mods": "overlay|images/labels/TH.png",
        "codes": "hera, pendant, courage"
      }
    ]
  },
  {
    "name": "Dark Palace",
    "type": "progressive_toggle",
    "stages": [
      {
        "img": "images/prizes/unknown.png",
        "img_mods": "overlay|images/labels/PD.png",
        "codes": "dark"
      },
      {
        "img": "images/prizes/sage_hilda.png",
        "img_mods": "overlay|images/labels/PD.png",
        "codes": "dark, sage"
      },
      {
        "img": "images/prizes/sage_osfala.png",
        "img_mods": "overlay|images/labels/PD.png",
        "codes": "dark, sage, osfala"
      },
      {
        "img": "images/prizes/sage_gulley.png",
        "img_mods": "overlay|images/labels/PD.png",
        "codes": "dark, sage, gulley"
      },
      {
        "img": "images/pendant.png",
        "img_mods": "overlay|images/labels/PD.png",
        "codes": "dark, pendant"
      },
      {
        "img": "images/prizes/pendant_courage.png",
        "img_mods": "overlay|images/labels/PD.png",
        "codes": "dark, pendant, courage"
      }
    ]
  },
  {
    "name": "Swamp Palace",
    "type": "progressive_toggle",
    "stages": [
      {
        "img": "images/prizes/unknown.png",
        "img_mods": "overlay|images/labels/SP.png",
        "codes": "swamp"
      },
      {
        "img": "images/prizes/sage_hilda.png",
        "img_mods": "overlay|images/labels/SP.png",
        "codes": "swamp, sage"
      },
      {
        "img": "images/prizes/sage_osfala.png",
        "img_mods": "overlay|images/labels/SP.png",
        "codes": "swamp, sage, osfala"
      },
      {
        "img": "images/prizes/sage_gulley.png",
        "img_mods": "overlay|images/labels/SP.png",
        "codes": "swamp, sage, gulley"
      },
      {
        "img": "images/pendant.png",
        "img_mods": "overlay|images/labels/SP.png",
        "codes": "swamp, pendant"
      },
      {
        "img": "images/prizes/pendant_courage.png",
        "img_mods": "overlay|images/labels/SP.png",
        "codes": "swamp, pendant, courage"
      }
    ]
  },
  {
    "name": "Skull Woods",
    "type": "progressive_toggle",
    "stages": [
      {
        "img": "images/prizes/unknown.png",
        "img_mods": "overlay|images/labels/SW.png",
        "codes": "skull"
      },
      {
        "img": "images/prizes/sage_hilda.png",
        "img_mods": "overlay|images/labels/SW.png",
        "codes": "skull, sage"
      },
      {
        "img": "images/prizes/sage_osfala.png",
        "img_mods": "overlay|images/labels/SW.png",
        "codes": "skull, sage, osfala"
      },
      {
        "img": "images/prizes/sage_gulley.png",
        "img_mods": "overlay|images/labels/SW.png",
        "codes": "swamp, sage, gulley"
      },
      {
        "img": "images/pendant.png",
        "img_mods": "overlay|images/labels/SW.png",
        "codes": "skull, pendant"
      },
      {
        "img": "images/prizes/pendant_courage.png",
        "img_mods": "overlay|images/labels/SW.png",
        "codes": "skull, pendant, courage"
      }
    ]
  },
  {
    "name": "Thieves' Hideout",
    "type": "progressive_toggle",
    "stages": [
      {
        "img": "images/prizes/unknown.png",
        "img_mods": "overlay|images/labels/T'H.png",
        "codes": "thieves"
      },
      {
        "img": "images/prizes/sage_hilda.png",
        "img_mods": "overlay|images/labels/T'H.png",
        "codes": "thieves, sage"
      },
      {
        "img": "images/prizes/sage_osfala.png",
        "img_mods": "overlay|images/labels/T'H.png",
        "codes": "thieves, sage, osfala"
      },
      {
        "img": "images/prizes/sage_gulley.png",
        "img_mods": "overlay|images/labels/T'H.png",
        "codes": "thieves, sage, gulley"
      },
      {
        "img": "images/pendant.png",
        "img_mods": "overlay|images/labels/T'H.png",
        "codes": "thieves, pendant"
      },
      {
        "img": "images/prizes/pendant_courage.png",
        "img_mods": "overlay|images/labels/T'H.png",
        "codes": "thieves, pendant, courage"
      }
    ]
  },
  {
    "name": "Turtle Rock",
    "type": "progressive_toggle",
    "stages": [
      {
        "img": "images/prizes/unknown.png",
        "img_mods": "overlay|images/labels/TR.png",
        "codes": "turtle"
      },
      {
        "img": "images/prizes/sage_hilda.png",
        "img_mods": "overlay|images/labels/TR.png",
        "codes": "turtle, sage"
      },
      {
        "img": "images/prizes/sage_osfala.png",
        "img_mods": "overlay|images/labels/TR.png",
        "codes": "turtle, sage, osfala"
      },
      {
        "img": "images/prizes/sage_gulley.png",
        "img_mods": "overlay|images/labels/TR.png",
        "codes": "turtle, sage, gulley"
      },
      {
        "img": "images/pendant.png",
        "img_mods": "overlay|images/labels/TR.png",
        "codes": "turtle, pendant"
      },
      {
        "img": "images/prizes/pendant_courage.png",
        "img_mods": "overlay|images/labels/TR.png",
        "codes": "turtle, pendant, courage"
      }
    ]
  },
  {
    "name": "Desert Palace",
    "type": "progressive_toggle",
    "stages": [
      {
        "img": "images/prizes/unknown.png",
        "img_mods": "overlay|images/labels/DP.png",
        "codes": "desert"
      },
      {
        "img": "images/prizes/sage_hilda.png",
        "img_mods": "overlay|images/labels/DP.png",
        "codes": "desert, sage"
      },
      {
        "img": "images/prizes/sage_osfala.png",
        "img_mods": "overlay|images/labels/DP.png",
        "codes": "desert, sage, osfala"
      },
      {
        "img": "images/prizes/sage_gulley.png",
        "img_mods": "overlay|images/labels/DP.png",
        "codes": "desert, sage, gulley"
      },
      {
        "img": "images/pendant.png",
        "img_mods": "overlay|images/labels/DP.png",
        "codes": "desert, pendant"
      },
      {
        "img": "images/prizes/pendant_courage.png",
        "img_mods": "overlay|images/labels/DP.png",
        "codes": "desert, pendant, courage"
      }
    ]
  },
  {
    "name": "Ice Ruins",
    "type": "progressive_toggle",
    "stages": [
      {
        "img": "images/prizes/unknown.png",
        "img_mods": "overlay|images/labels/IR.png",
        "codes": "ice"
      },
      {
        "img": "images/prizes/sage_hilda.png",
        "img_mods": "overlay|images/labels/IR.png",
        "codes": "ice, sage"
      },
      {
        "img": "images/prizes/sage_osfala.png",
        "img_mods": "overlay|images/labels/IR.png",
        "codes": "ice, sage, osfala"
      },
      {
        "img": "images/prizes/sage_gulley.png",
        "img_mods": "overlay|images/labels/IR.png",
        "codes": "ice, sage, gulley"
      },
      {
        "img": "images/pendant.png",
        "img_mods": "overlay|images/labels/IR.png",
        "codes": "ice, pendant"
      },
      {
        "img": "images/prizes/pendant_courage.png",
        "img_mods": "overlay|images/labels/IR.png",
        "codes": "ice, pendant, courage"
      }
    ]
  }
]